Order_ID,Store_ID,Product,Category,Supplier,Stock_Qty,Days_To_Expiry,Waste_Risk,Daily_Sales,Expiry_Date
LULU-ORD-1001,LULU-CLT-02,Chicken 1kg,Meat,Suguna,35,18,LOW,67,2026-10-03
LULU-ORD-1002,LULU-TVM-01,Banana Chips 1kg,Snacks,Local Kerala,114,44,LOW,32,2026-10-29
LULU-ORD-1003,LULU-CLT-01,Mango 1kg,Fruits,Local Farm,442,3,HIGH,33,2026-09-18
LULU-ORD-1004,LULU-TVM-01,Basmati Rice 5kg,Grocery,India Gate,248,33,LOW,16,2026-10-18
LULU-ORD-1005,LULU-TVM-01,Atta 10kg,Grocery,Aashirvaad,213,42,LOW,117,2026-10-27
LULU-ORD-1006,LULU-KOCHI-01,Basmati Rice 5kg,Grocery,India Gate,469,38,LOW,11,2026-10-23
LULU-ORD-1007,LULU-KOCHI-01,Banana Chips 1kg,Snacks,Local Kerala,442,22,LOW,49,2026-10-07
LULU-ORD-1008,LULU-CLT-01,Basmati Rice 5kg,Grocery,India Gate,354,7,MEDIUM,107,2026-09-22
LULU-ORD-1009,LULU-TVM-01,Chicken 1kg,Meat,Suguna,377,23,LOW,77,2026-10-08
LULU-ORD-1010,LULU-CLT-01,Milma Curd 500g,Dairy,Milma,480,35,LOW,106,2026-10-20
LULU-ORD-1011,LULU-TVM-01,Chicken 1kg,Meat,Suguna,575,19,LOW,102,2026-10-04
LULU-ORD-1012,LULU-CLT-01,Mango 1kg,Fruits,Local Farm,206,5,HIGH,179,2026-09-20
LULU-ORD-1013,LULU-CLT-02,Basmati Rice 5kg,Grocery,India Gate,306,6,MEDIUM,35,2026-09-21
LULU-ORD-1014,LULU-KOCHI-01,Dates 500g,Dry Fruits,Lulu Import,294,30,LOW,51,2026-10-15
LULU-ORD-1015,LULU-KOCHI-01,Bread Loaf,Bakery,Modern,373,14,MEDIUM,189,2026-09-29
LULU-ORD-1016,LULU-CLT-02,Chicken 1kg,Meat,Suguna,185,35,LOW,51,2026-10-20
LULU-ORD-1017,LULU-TVM-01,Lulu Gold Coin,Jewellery,Lulu Gold,398,18,LOW,66,2026-10-03
LULU-ORD-1018,LULU-CLT-01,Bread Loaf,Bakery,Modern,67,15,MEDIUM,90,2026-09-30
LULU-ORD-1019,LULU-CLT-02,Dates 500g,Dry Fruits,Lulu Import,284,5,HIGH,155,2026-09-20
LULU-ORD-1020,LULU-KOCHI-02,Bread Loaf,Bakery,Modern,227,42,LOW,111,2026-10-27
LULU-ORD-1021,LULU-CLT-02,Lulu Gold Coin,Jewellery,Lulu Gold,156,17,LOW,73,2026-10-02
LULU-ORD-1022,LULU-TVM-01,Atta 10kg,Grocery,Aashirvaad,561,17,LOW,119,2026-10-02
LULU-ORD-1023,LULU-CLT-02,Mango 1kg,Fruits,Local Farm,418,24,LOW,45,2026-10-09
LULU-ORD-1024,LULU-CLT-01,Atta 10kg,Grocery,Aashirvaad,515,6,MEDIUM,38,2026-09-21
LULU-ORD-1025,LULU-KOCHI-02,Banana Chips 1kg,Snacks,Local Kerala,173,44,LOW,162,2026-10-29
LULU-ORD-1026,LULU-TVM-01,Chicken 1kg,Meat,Suguna,404,25,LOW,129,2026-10-10
LULU-ORD-1027,LULU-CLT-01,Atta 10kg,Grocery,Aashirvaad,267,36,LOW,184,2026-10-21
LULU-ORD-1028,LULU-KOCHI-01,Chicken 1kg,Meat,Suguna,559,18,LOW,38,2026-10-03
LULU-ORD-1029,LULU-KOCHI-02,Paneer 200g,Dairy,Milma,455,11,MEDIUM,10,2026-09-26
LULU-ORD-1030,LULU-TVM-01,Paneer 200g,Dairy,Milma,522,12,MEDIUM,37,2026-09-27
LULU-ORD-1031,LULU-CLT-02,Paneer 200g,Dairy,Milma,529,39,LOW,49,2026-10-24
LULU-ORD-1032,LULU-TVM-01,Bread Loaf,Bakery,Modern,175,35,LOW,10,2026-10-20
LULU-ORD-1033,LULU-CLT-01,Mango 1kg,Fruits,Local Farm,341,32,LOW,38,2026-10-17
LULU-ORD-1034,LULU-CLT-01,Bread Loaf,Bakery,Modern,324,16,LOW,71,2026-10-01
LULU-ORD-1035,LULU-KOCHI-02,Mango 1kg,Fruits,Local Farm,90,6,MEDIUM,27,2026-09-21
LULU-ORD-1036,LULU-KOCHI-02,Atta 10kg,Grocery,Aashirvaad,138,9,MEDIUM,150,2026-09-24
LULU-ORD-1037,LULU-TVM-01,Banana Chips 1kg,Snacks,Local Kerala,281,34,LOW,118,2026-10-19
LULU-ORD-1038,LULU-CLT-02,Basmati Rice 5kg,Grocery,India Gate,562,45,LOW,192,2026-10-30
LULU-ORD-1039,LULU-KOCHI-01,Paneer 200g,Dairy,Milma,418,43,LOW,122,2026-10-28
LULU-ORD-1040,LULU-CLT-02,Atta 10kg,Grocery,Aashirvaad,472,8,MEDIUM,67,2026-09-23
LULU-ORD-1041,LULU-TVM-01,Chicken 1kg,Meat,Suguna,356,2,HIGH,151,2026-09-17
LULU-ORD-1042,LULU-CLT-01,Basmati Rice 5kg,Grocery,India Gate,235,1,HIGH,191,2026-09-16
LULU-ORD-1043,LULU-CLT-01,Milma Curd 500g,Dairy,Milma,244,5,HIGH,94,2026-09-20
LULU-ORD-1044,LULU-KOCHI-01,Chicken 1kg,Meat,Suguna,536,16,LOW,181,2026-10-01
LULU-ORD-1045,LULU-CLT-02,Lulu Gold Coin,Jewellery,Lulu Gold,229,35,LOW,195,2026-10-20
LULU-ORD-1046,LULU-CLT-02,Mango 1kg,Fruits,Local Farm,600,31,LOW,131,2026-10-16
LULU-ORD-1047,LULU-CLT-01,Dates 500g,Dry Fruits,Lulu Import,204,7,MEDIUM,178,2026-09-22
LULU-ORD-1048,LULU-KOCHI-02,Dates 500g,Dry Fruits,Lulu Import,372,28,LOW,129,2026-10-13
LULU-ORD-1049,LULU-KOCHI-02,Milma Curd 500g,Dairy,Milma,110,4,HIGH,196,2026-09-19
LULU-ORD-1050,LULU-CLT-02,Bread Loaf,Bakery,Modern,121,16,LOW,58,2026-10-01
LULU-ORD-1051,LULU-KOCHI-02,Atta 10kg,Grocery,Aashirvaad,469,9,MEDIUM,56,2026-09-24
LULU-ORD-1052,LULU-CLT-01,Paneer 200g,Dairy,Milma,483,16,LOW,123,2026-10-01
LULU-ORD-1053,LULU-TVM-01,Atta 10kg,Grocery,Aashirvaad,110,4,HIGH,13,2026-09-19
LULU-ORD-1054,LULU-KOCHI-02,Chicken 1kg,Meat,Suguna,252,11,MEDIUM,134,2026-09-26
LULU-ORD-1055,LULU-CLT-01,Lulu Gold Coin,Jewellery,Lulu Gold,228,26,LOW,52,2026-10-11
LULU-ORD-1056,LULU-KOCHI-01,Dates 500g,Dry Fruits,Lulu Import,12,25,LOW,126,2026-10-10
LULU-ORD-1057,LULU-TVM-01,Paneer 200g,Dairy,Milma,443,45,LOW,179,2026-10-30
LULU-ORD-1058,LULU-KOCHI-01,Lulu Gold Coin,Jewellery,Lulu Gold,168,13,MEDIUM,65,2026-09-28
LULU-ORD-1059,LULU-KOCHI-01,Milma Curd 500g,Dairy,Milma,565,4,HIGH,24,2026-09-19
LULU-ORD-1060,LULU-TVM-01,Milma Curd 500g,Dairy,Milma,498,33,LOW,50,2026-10-18
LULU-ORD-1061,LULU-CLT-02,Milma Curd 500g,Dairy,Milma,530,6,MEDIUM,27,2026-09-21
LULU-ORD-1062,LULU-CLT-02,Mango 1kg,Fruits,Local Farm,79,44,LOW,113,2026-10-29
LULU-ORD-1063,LULU-TVM-01,Chicken 1kg,Meat,Suguna,593,16,LOW,162,2026-10-01
LULU-ORD-1064,LULU-TVM-01,Milma Curd 500g,Dairy,Milma,93,27,LOW,154,2026-10-12
LULU-ORD-1065,LULU-CLT-02,Atta 10kg,Grocery,Aashirvaad,333,17,LOW,181,2026-10-02
LULU-ORD-1066,LULU-KOCHI-02,Bread Loaf,Bakery,Modern,254,17,LOW,43,2026-10-02
LULU-ORD-1067,LULU-CLT-01,Paneer 200g,Dairy,Milma,478,21,LOW,12,2026-10-06
LULU-ORD-1068,LULU-CLT-01,Lulu Gold Coin,Jewellery,Lulu Gold,586,7,MEDIUM,147,2026-09-22
LULU-ORD-1069,LULU-CLT-02,Basmati Rice 5kg,Grocery,India Gate,528,17,LOW,99,2026-10-02
LULU-ORD-1070,LULU-KOCHI-01,Chicken 1kg,Meat,Suguna,260,24,LOW,50,2026-10-09
LULU-ORD-1071,LULU-TVM-01,Lulu Gold Coin,Jewellery,Lulu Gold,566,20,LOW,177,2026-10-05
LULU-ORD-1072,LULU-TVM-01,Atta 10kg,Grocery,Aashirvaad,18,43,LOW,86,2026-10-28
LULU-ORD-1073,LULU-CLT-01,Chicken 1kg,Meat,Suguna,147,17,LOW,37,2026-10-02
LULU-ORD-1074,LULU-KOCHI-01,Atta 10kg,Grocery,Aashirvaad,169,18,LOW,164,2026-10-03
LULU-ORD-1075,LULU-KOCHI-01,Basmati Rice 5kg,Grocery,India Gate,361,14,MEDIUM,139,2026-09-29
LULU-ORD-1076,LULU-CLT-01,Lulu Gold Coin,Jewellery,Lulu Gold,267,4,HIGH,172,2026-09-19
LULU-ORD-1077,LULU-CLT-01,Dates 500g,Dry Fruits,Lulu Import,293,3,HIGH,95,2026-09-18
LULU-ORD-1078,LULU-KOCHI-02,Banana Chips 1kg,Snacks,Local Kerala,278,11,MEDIUM,151,2026-09-26
LULU-ORD-1079,LULU-CLT-01,Dates 500g,Dry Fruits,Lulu Import,584,1,HIGH,29,2026-09-16
LULU-ORD-1080,LULU-KOCHI-01,Banana Chips 1kg,Snacks,Local Kerala,568,3,HIGH,159,2026-09-18
LULU-ORD-1081,LULU-CLT-02,Atta 10kg,Grocery,Aashirvaad,161,28,LOW,20,2026-10-13
LULU-ORD-1082,LULU-KOCHI-01,Paneer 200g,Dairy,Milma,383,3,HIGH,63,2026-09-18
LULU-ORD-1083,LULU-TVM-01,Basmati Rice 5kg,Grocery,India Gate,115,23,LOW,114,2026-10-08
LULU-ORD-1084,LULU-CLT-02,Mango 1kg,Fruits,Local Farm,168,16,LOW,55,2026-10-01
LULU-ORD-1085,LULU-KOCHI-01,Dates 500g,Dry Fruits,Lulu Import,35,12,LOW,115,2026-09-27
LULU-ORD-1086,LULU-CLT-01,Basmati Rice 5kg,Grocery,India Gate,283,11,MEDIUM,107,2026-09-26
LULU-ORD-1087,LULU-CLT-02,Milma Curd 500g,Dairy,Milma,491,15,MEDIUM,127,2026-09-30
LULU-ORD-1088,LULU-CLT-02,Bread Loaf,Bakery,Modern,322,15,MEDIUM,16,2026-09-30
LULU-ORD-1089,LULU-KOCHI-01,Basmati Rice 5kg,Grocery,India Gate,418,22,LOW,27,2026-10-07
LULU-ORD-1090,LULU-TVM-01,Paneer 200g,Dairy,Milma,369,42,LOW,112,2026-10-27
LULU-ORD-1091,LULU-CLT-01,Atta 10kg,Grocery,Aashirvaad,349,2,HIGH,76,2026-09-17
LULU-ORD-1092,LULU-CLT-01,Banana Chips 1kg,Snacks,Local Kerala,281,3,HIGH,162,2026-09-18
LULU-ORD-1093,LULU-KOCHI-02,Dates 500g,Dry Fruits,Lulu Import,363,21,LOW,165,2026-10-06
LULU-ORD-1094,LULU-TVM-01,Atta 10kg,Grocery,Aashirvaad,128,25,LOW,58,2026-10-10
LULU-ORD-1095,LULU-CLT-01,Paneer 200g,Dairy,Milma,55,28,LOW,143,2026-10-13
LULU-ORD-1096,LULU-KOCHI-02,Atta 10kg,Grocery,Aashirvaad,211,24,LOW,27,2026-10-09
LULU-ORD-1097,LULU-CLT-01,Bread Loaf,Bakery,Modern,331,43,LOW,194,2026-10-28
LULU-ORD-1098,LULU-KOCHI-02,Paneer 200g,Dairy,Milma,529,20,LOW,93,2026-10-05
LULU-ORD-1099,LULU-CLT-02,Dates 500g,Dry Fruits,Lulu Import,312,36,LOW,59,2026-10-21
LULU-ORD-1100,LULU-CLT-02,Dates 500g,Dry Fruits,Lulu Import,398,44,LOW,167,2026-10-29
LULU-ORD-1101,LULU-TVM-01,Mango 1kg,Fruits,Local Farm,318,26,LOW,10,2026-10-11
LULU-ORD-1102,LULU-KOCHI-02,Paneer 200g,Dairy,Milma,303,14,MEDIUM,158,2026-09-29
LULU-ORD-1103,LULU-KOCHI-02,Mango 1kg,Fruits,Local Farm,339,30,LOW,123,2026-10-15
LULU-ORD-1104,LULU-CLT-02,Basmati Rice 5kg,Grocery,India Gate,533,31,LOW,178,2026-10-16
LULU-ORD-1105,LULU-TVM-01,Chicken 1kg,Meat,Suguna,300,33,LOW,95,2026-10-18
LULU-ORD-1106,LULU-KOCHI-01,Chicken 1kg,Meat,Suguna,250,44,LOW,67,2026-10-29
LULU-ORD-1107,LULU-CLT-01,Basmati Rice 5kg,Grocery,India Gate,160,2,HIGH,72,2026-09-17
LULU-ORD-1108,LULU-KOCHI-02,Lulu Gold Coin,Jewellery,Lulu Gold,84,30,LOW,171,2026-10-15
LULU-ORD-1109,LULU-KOCHI-02,Mango 1kg,Fruits,Local Farm,209,45,LOW,136,2026-10-30
LULU-ORD-1110,LULU-CLT-01,Dates 500g,Dry Fruits,Lulu Import,259,10,MEDIUM,37,2026-09-25
LULU-ORD-1111,LULU-TVM-01,Dates 500g,Dry Fruits,Lulu Import,234,12,MEDIUM,128,2026-09-27
LULU-ORD-1112,LULU-CLT-01,Milma Curd 500g,Dairy,Milma,580,16,LOW,126,2026-10-01
LULU-ORD-1113,LULU-TVM-01,Banana Chips 1kg,Snacks,Local Kerala,485,43,LOW,153,2026-10-28
LULU-ORD-1114,LULU-TVM-01,Mango 1kg,Fruits,Local Farm,334,29,LOW,194,2026-10-14
LULU-ORD-1115,LULU-KOCHI-02,Atta 10kg,Grocery,Aashirvaad,446,36,LOW,50,2026-10-21
LULU-ORD-1116,LULU-CLT-02,Lulu Gold Coin,Jewellery,Lulu Gold,470,17,LOW,173,2026-10-02
LULU-ORD-1117,LULU-CLT-02,Paneer 200g,Dairy,Milma,543,32,LOW,80,2026-10-17
LULU-ORD-1118,LULU-CLT-02,Lulu Gold Coin,Jewellery,Lulu Gold,89,19,LOW,79,2026-10-04
LULU-ORD-1119,LULU-CLT-01,Bread Loaf,Bakery,Modern,337,35,LOW,45,2026-10-20
LULU-ORD-1120,LULU-CLT-02,Banana Chips 1kg,Snacks,Local Kerala,246,25,LOW,190,2026-10-10
LULU-ORD-1121,LULU-KOCHI-02,Basmati Rice 5kg,Grocery,India Gate,75,27,LOW,94,2026-10-12
LULU-ORD-1122,LULU-CLT-01,Atta 10kg,Grocery,Aashirvaad,487,27,LOW,62,2026-10-12
LULU-ORD-1123,LULU-CLT-01,Dates 500g,Dry Fruits,Lulu Import,408,38,LOW,157,2026-10-23
LULU-ORD-1124,LULU-KOCHI-01,Dates 500g,Dry Fruits,Lulu Import,498,1,HIGH,86,2026-09-16
LULU-ORD-1125,LULU-TVM-01,Dates 500g,Dry Fruits,Lulu Import,439,35,LOW,164,2026-10-20
LULU-ORD-1126,LULU-KOCHI-01,Basmati Rice 5kg,Grocery,India Gate,509,15,MEDIUM,121,2026-09-30
LULU-ORD-1127,LULU-KOCHI-01,Lulu Gold Coin,Jewellery,Lulu Gold,39,25,LOW,181,2026-10-10
LULU-ORD-1128,LULU-CLT-02,Dates 500g,Dry Fruits,Lulu Import,179,30,LOW,169,2026-10-15
LULU-ORD-1129,LULU-TVM-01,Atta 10kg,Grocery,Aashirvaad,37,26,LOW,154,2026-10-11
LULU-ORD-1130,LULU-KOCHI-02,Milma Curd 500g,Dairy,Milma,95,42,LOW,44,2026-10-27
LULU-ORD-1131,LULU-KOCHI-01,Lulu Gold Coin,Jewellery,Lulu Gold,196,4,HIGH,107,2026-09-19
LULU-ORD-1132,LULU-KOCHI-01,Bread Loaf,Bakery,Modern,226,30,LOW,96,2026-10-15
LULU-ORD-1133,LULU-KOCHI-01,Dates 500g,Dry Fruits,Lulu Import,294,27,LOW,30,2026-10-12
LULU-ORD-1134,LULU-CLT-01,Lulu Gold Coin,Jewellery,Lulu Gold,29,35,LOW,99,2026-10-20
LULU-ORD-1135,LULU-CLT-01,Basmati Rice 5kg,Grocery,India Gate,80,42,LOW,17,2026-10-27
LULU-ORD-1136,LULU-TVM-01,Basmati Rice 5kg,Grocery,India Gate,214,2,HIGH,49,2026-09-17
LULU-ORD-1137,LULU-CLT-01,Basmati Rice 5kg,Grocery,India Gate,139,31,LOW,154,2026-10-16
LULU-ORD-1138,LULU-KOCHI-01,Basmati Rice 5kg,Grocery,India Gate,486,45,LOW,104,2026-10-30
LULU-ORD-1139,LULU-KOCHI-01,Banana Chips 1kg,Snacks,Local Kerala,127,11,MEDIUM,37,2026-09-26
LULU-ORD-1140,LULU-TVM-01,Mango 1kg,Fruits,Local Farm,36,20,LOW,183,2026-10-05
LULU-ORD-1141,LULU-CLT-01,Dates 500g,Dry Fruits,Lulu Import,416,13,MEDIUM,161,2026-09-28
LULU-ORD-1142,LULU-KOCHI-01,Basmati Rice 5kg,Grocery,India Gate,114,45,LOW,185,2026-10-30
LULU-ORD-1143,LULU-CLT-01,Mango 1kg,Fruits,Local Farm,133,37,LOW,98,2026-10-22
LULU-ORD-1144,LULU-KOCHI-01,Atta 10kg,Grocery,Aashirvaad,448,43,LOW,27,2026-10-28
LULU-ORD-1145,LULU-KOCHI-02,Atta 10kg,Grocery,Aashirvaad,359,1,HIGH,135,2026-09-16
LULU-ORD-1146,LULU-KOCHI-02,Chicken 1kg,Meat,Suguna,453,24,LOW,191,2026-10-09
LULU-ORD-1147,LULU-TVM-01,Banana Chips 1kg,Snacks,Local Kerala,455,12,MEDIUM,176,2026-09-27
LULU-ORD-1148,LULU-KOCHI-02,Paneer 200g,Dairy,Milma,561,31,LOW,121,2026-10-16
LULU-ORD-1149,LULU-CLT-02,Mango 1kg,Fruits,Local Farm,284,21,LOW,32,2026-10-06
LULU-ORD-1150,LULU-KOCHI-02,Paneer 200g,Dairy,Milma,471,16,LOW,155,2026-10-01
LULU-ORD-1151,LULU-CLT-01,Mango 1kg,Fruits,Local Farm,398,22,LOW,136,2026-10-07
LULU-ORD-1152,LULU-CLT-02,Bread Loaf,Bakery,Modern,196,32,LOW,100,2026-10-17
LULU-ORD-1153,LULU-TVM-01,Paneer 200g,Dairy,Milma,358,18,LOW,189,2026-10-03
LULU-ORD-1154,LULU-TVM-01,Paneer 200g,Dairy,Milma,579,1,HIGH,58,2026-09-16
LULU-ORD-1155,LULU-KOCHI-02,Chicken 1kg,Meat,Suguna,257,27,LOW,152,2026-10-12
LULU-ORD-1156,LULU-KOCHI-02,Basmati Rice 5kg,Grocery,India Gate,497,42,LOW,124,2026-10-27
LULU-ORD-1157,LULU-CLT-02,Milma Curd 500g,Dairy,Milma,105,19,LOW,113,2026-10-04
LULU-ORD-1158,LULU-TVM-01,Basmati Rice 5kg,Grocery,India Gate,323,43,LOW,104,2026-10-28
LULU-ORD-1159,LULU-KOCHI-01,Lulu Gold Coin,Jewellery,Lulu Gold,576,34,LOW,118,2026-10-19
LULU-ORD-1160,LULU-KOCHI-02,Atta 10kg,Grocery,Aashirvaad,348,23,LOW,79,2026-10-08
LULU-ORD-1161,LULU-CLT-01,Paneer 200g,Dairy,Milma,267,15,MEDIUM,194,2026-09-30
LULU-ORD-1162,LULU-TVM-01,Basmati Rice 5kg,Grocery,India Gate,333,8,MEDIUM,186,2026-09-23
LULU-ORD-1163,LULU-KOCHI-02,Banana Chips 1kg,Snacks,Local Kerala,206,14,MEDIUM,80,2026-09-29
LULU-ORD-1164,LULU-KOCHI-01,Mango 1kg,Fruits,Local Farm,547,39,LOW,35,2026-10-24
LULU-ORD-1165,LULU-KOCHI-01,Basmati Rice 5kg,Grocery,India Gate,313,15,MEDIUM,55,2026-09-30
LULU-ORD-1166,LULU-CLT-02,Paneer 200g,Dairy,Milma,24,35,LOW,80,2026-10-20
LULU-ORD-1167,LULU-KOCHI-01,Milma Curd 500g,Dairy,Milma,65,36,LOW,188,2026-10-21
LULU-ORD-1168,LULU-CLT-01,Banana Chips 1kg,Snacks,Local Kerala,512,7,MEDIUM,156,2026-09-22
LULU-ORD-1169,LULU-KOCHI-02,Paneer 200g,Dairy,Milma,490,31,LOW,97,2026-10-16
LULU-ORD-1170,LULU-KOCHI-02,Banana Chips 1kg,Snacks,Local Kerala,62,17,LOW,39,2026-10-02
LULU-ORD-1171,LULU-CLT-01,Chicken 1kg,Meat,Suguna,420,32,LOW,157,2026-10-17
LULU-ORD-1172,LULU-TVM-01,Milma Curd 500g,Dairy,Milma,165,10,MEDIUM,87,2026-09-25
LULU-ORD-1173,LULU-TVM-01,Chicken 1kg,Meat,Suguna,264,8,MEDIUM,116,2026-09-23
LULU-ORD-1174,LULU-KOCHI-02,Mango 1kg,Fruits,Local Farm,241,34,LOW,125,2026-10-19
LULU-ORD-1175,LULU-KOCHI-02,Lulu Gold Coin,Jewellery,Lulu Gold,314,38,LOW,88,2026-10-23
LULU-ORD-1176,LULU-CLT-01,Mango 1kg,Fruits,Local Farm,71,40,LOW,63,2026-10-25
LULU-ORD-1177,LULU-CLT-01,Basmati Rice 5kg,Grocery,India Gate,280,43,LOW,50,2026-10-28
LULU-ORD-1178,LULU-CLT-01,Basmati Rice 5kg,Grocery,India Gate,187,36,LOW,50,2026-10-21
LULU-ORD-1179,LULU-TVM-01,Milma Curd 500g,Dairy,Milma,428,29,LOW,130,2026-10-14
LULU-ORD-1180,LULU-KOCHI-01,Paneer 200g,Dairy,Milma,43,15,LOW,190,2026-09-30
LULU-ORD-1181,LULU-CLT-02,Paneer 200g,Dairy,Milma,474,5,HIGH,77,2026-09-20
LULU-ORD-1182,LULU-CLT-01,Mango 1kg,Fruits,Local Farm,212,28,LOW,149,2026-10-13
LULU-ORD-1183,LULU-CLT-02,Basmati Rice 5kg,Grocery,India Gate,162,18,LOW,28,2026-10-03
LULU-ORD-1184,LULU-TVM-01,Milma Curd 500g,Dairy,Milma,179,20,LOW,155,2026-10-05
LULU-ORD-1185,LULU-KOCHI-02,Paneer 200g,Dairy,Milma,459,8,MEDIUM,186,2026-09-23
LULU-ORD-1186,LULU-TVM-01,Paneer 200g,Dairy,Milma,422,18,LOW,148,2026-10-03
LULU-ORD-1187,LULU-TVM-01,Lulu Gold Coin,Jewellery,Lulu Gold,458,6,MEDIUM,20,2026-09-21
LULU-ORD-1188,LULU-KOCHI-01,Dates 500g,Dry Fruits,Lulu Import,340,39,LOW,16,2026-10-24
LULU-ORD-1189,LULU-TVM-01,Chicken 1kg,Meat,Suguna,244,44,LOW,160,2026-10-29
LULU-ORD-1190,LULU-CLT-01,Milma Curd 500g,Dairy,Milma,285,37,LOW,54,2026-10-22
LULU-ORD-1191,LULU-KOCHI-02,Lulu Gold Coin,Jewellery,Lulu Gold,541,42,LOW,81,2026-10-27
LULU-ORD-1192,LULU-KOCHI-02,Banana Chips 1kg,Snacks,Local Kerala,456,41,LOW,33,2026-10-26
LULU-ORD-1193,LULU-KOCHI-01,Lulu Gold Coin,Jewellery,Lulu Gold,366,27,LOW,92,2026-10-12
LULU-ORD-1194,LULU-KOCHI-02,Chicken 1kg,Meat,Suguna,174,22,LOW,187,2026-10-07
LULU-ORD-1195,LULU-KOCHI-02,Lulu Gold Coin,Jewellery,Lulu Gold,305,43,LOW,150,2026-10-28
LULU-ORD-1196,LULU-KOCHI-01,Milma Curd 500g,Dairy,Milma,475,6,MEDIUM,74,2026-09-21
LULU-ORD-1197,LULU-TVM-01,Bread Loaf,Bakery,Modern,128,26,LOW,10,2026-10-11
LULU-ORD-1198,LULU-CLT-01,Atta 10kg,Grocery,Aashirvaad,483,27,LOW,58,2026-10-12
LULU-ORD-1199,LULU-KOCHI-02,Atta 10kg,Grocery,Aashirvaad,380,40,LOW,170,2026-10-25
LULU-ORD-1200,LULU-KOCHI-01,Lulu Gold Coin,Jewellery,Lulu Gold,62,14,MEDIUM,150,2026-09-29
LULU-ORD-1201,LULU-KOCHI-02,Banana Chips 1kg,Snacks,Local Kerala,304,29,LOW,41,2026-10-14
LULU-ORD-1202,LULU-KOCHI-01,Milma Curd 500g,Dairy,Milma,255,11,MEDIUM,151,2026-09-26
LULU-ORD-1203,LULU-CLT-01,Milma Curd 500g,Dairy,Milma,575,27,LOW,67,2026-10-12
LULU-ORD-1204,LULU-CLT-02,Chicken 1kg,Meat,Suguna,482,8,MEDIUM,137,2026-09-23
LULU-ORD-1205,LULU-KOCHI-02,Paneer 200g,Dairy,Milma,531,18,LOW,133,2026-10-03
LULU-ORD-1206,LULU-TVM-01,Lulu Gold Coin,Jewellery,Lulu Gold,259,30,LOW,47,2026-10-15
LULU-ORD-1207,LULU-TVM-01,Dates 500g,Dry Fruits,Lulu Import,205,39,LOW,44,2026-10-24
LULU-ORD-1208,LULU-KOCHI-01,Chicken 1kg,Meat,Suguna,292,27,LOW,139,2026-10-12
LULU-ORD-1209,LULU-KOCHI-01,Paneer 200g,Dairy,Milma,12,19,LOW,160,2026-10-04
LULU-ORD-1210,LULU-KOCHI-02,Mango 1kg,Fruits,Local Farm,511,10,MEDIUM,147,2026-09-25
LULU-ORD-1211,LULU-TVM-01,Lulu Gold Coin,Jewellery,Lulu Gold,363,22,LOW,149,2026-10-07
LULU-ORD-1212,LULU-CLT-02,Dates 500g,Dry Fruits,Lulu Import,476,21,LOW,188,2026-10-06
LULU-ORD-1213,LULU-CLT-02,Basmati Rice 5kg,Grocery,India Gate,595,25,LOW,115,2026-10-10
LULU-ORD-1214,LULU-KOCHI-02,Milma Curd 500g,Dairy,Milma,335,31,LOW,108,2026-10-16
LULU-ORD-1215,LULU-CLT-02,Banana Chips 1kg,Snacks,Local Kerala,517,3,HIGH,138,2026-09-18
LULU-ORD-1216,LULU-KOCHI-02,Mango 1kg,Fruits,Local Farm,349,7,MEDIUM,35,2026-09-22
LULU-ORD-1217,LULU-CLT-02,Atta 10kg,Grocery,Aashirvaad,477,1,HIGH,114,2026-09-16
LULU-ORD-1218,LULU-KOCHI-01,Banana Chips 1kg,Snacks,Local Kerala,86,31,LOW,96,2026-10-16
LULU-ORD-1219,LULU-CLT-01,Mango 1kg,Fruits,Local Farm,417,42,LOW,94,2026-10-27
LULU-ORD-1220,LULU-KOCHI-02,Atta 10kg,Grocery,Aashirvaad,399,21,LOW,148,2026-10-06
LULU-ORD-1221,LULU-KOCHI-01,Milma Curd 500g,Dairy,Milma,80,16,LOW,68,2026-10-01
LULU-ORD-1222,LULU-CLT-01,Chicken 1kg,Meat,Suguna,454,7,MEDIUM,123,2026-09-22
LULU-ORD-1223,LULU-CLT-01,Banana Chips 1kg,Snacks,Local Kerala,316,2,HIGH,93,2026-09-17
LULU-ORD-1224,LULU-KOCHI-01,Milma Curd 500g,Dairy,Milma,310,23,LOW,120,2026-10-08
LULU-ORD-1225,LULU-KOCHI-02,Banana Chips 1kg,Snacks,Local Kerala,260,34,LOW,154,2026-10-19
LULU-ORD-1226,LULU-CLT-01,Banana Chips 1kg,Snacks,Local Kerala,184,12,MEDIUM,166,2026-09-27
LULU-ORD-1227,LULU-TVM-01,Dates 500g,Dry Fruits,Lulu Import,256,32,LOW,46,2026-10-17
LULU-ORD-1228,LULU-KOCHI-01,Basmati Rice 5kg,Grocery,India Gate,482,41,LOW,127,2026-10-26
LULU-ORD-1229,LULU-KOCHI-01,Paneer 200g,Dairy,Milma,19,30,LOW,183,2026-10-15
LULU-ORD-1230,LULU-KOCHI-02,Atta 10kg,Grocery,Aashirvaad,171,5,HIGH,98,2026-09-20
LULU-ORD-1231,LULU-KOCHI-02,Mango 1kg,Fruits,Local Farm,316,41,LOW,186,2026-10-26
LULU-ORD-1232,LULU-CLT-02,Paneer 200g,Dairy,Milma,477,20,LOW,108,2026-10-05
LULU-ORD-1233,LULU-KOCHI-02,Lulu Gold Coin,Jewellery,Lulu Gold,119,16,LOW,156,2026-10-01
LULU-ORD-1234,LULU-KOCHI-01,Bread Loaf,Bakery,Modern,598,19,LOW,15,2026-10-04
LULU-ORD-1235,LULU-TVM-01,Dates 500g,Dry Fruits,Lulu Import,291,1,HIGH,185,2026-09-16
LULU-ORD-1236,LULU-CLT-02,Milma Curd 500g,Dairy,Milma,518,19,LOW,165,2026-10-04
LULU-ORD-1237,LULU-CLT-02,Bread Loaf,Bakery,Modern,234,41,LOW,168,2026-10-26
LULU-ORD-1238,LULU-CLT-01,Paneer 200g,Dairy,Milma,150,41,LOW,170,2026-10-26
LULU-ORD-1239,LULU-CLT-01,Milma Curd 500g,Dairy,Milma,326,29,LOW,158,2026-10-14
LULU-ORD-1240,LULU-KOCHI-01,Bread Loaf,Bakery,Modern,144,6,MEDIUM,93,2026-09-21
LULU-ORD-1241,LULU-CLT-02,Dates 500g,Dry Fruits,Lulu Import,189,13,MEDIUM,148,2026-09-28
LULU-ORD-1242,LULU-KOCHI-01,Bread Loaf,Bakery,Modern,553,33,LOW,52,2026-10-18
LULU-ORD-1243,LULU-KOCHI-01,Paneer 200g,Dairy,Milma,503,19,LOW,39,2026-10-04
LULU-ORD-1244,LULU-CLT-02,Lulu Gold Coin,Jewellery,Lulu Gold,87,10,MEDIUM,183,2026-09-25
LULU-ORD-1245,LULU-CLT-01,Dates 500g,Dry Fruits,Lulu Import,580,24,LOW,111,2026-10-09
LULU-ORD-1246,LULU-CLT-01,Milma Curd 500g,Dairy,Milma,280,35,LOW,126,2026-10-20
LULU-ORD-1247,LULU-KOCHI-02,Bread Loaf,Bakery,Modern,278,38,LOW,173,2026-10-23
LULU-ORD-1248,LULU-CLT-02,Bread Loaf,Bakery,Modern,120,44,LOW,130,2026-10-29
LULU-ORD-1249,LULU-TVM-01,Milma Curd 500g,Dairy,Milma,584,21,LOW,66,2026-10-06
LULU-ORD-1250,LULU-KOCHI-01,Chicken 1kg,Meat,Suguna,485,45,LOW,176,2026-10-30
LULU-ORD-1251,LULU-CLT-01,Dates 500g,Dry Fruits,Lulu Import,129,9,MEDIUM,19,2026-09-24
LULU-ORD-1252,LULU-CLT-01,Paneer 200g,Dairy,Milma,514,8,MEDIUM,70,2026-09-23
LULU-ORD-1253,LULU-KOCHI-02,Atta 10kg,Grocery,Aashirvaad,148,25,LOW,104,2026-10-10
LULU-ORD-1254,LULU-CLT-02,Atta 10kg,Grocery,Aashirvaad,439,38,LOW,116,2026-10-23
LULU-ORD-1255,LULU-KOCHI-02,Chicken 1kg,Meat,Suguna,511,40,LOW,81,2026-10-25
LULU-ORD-1256,LULU-KOCHI-02,Milma Curd 500g,Dairy,Milma,389,14,MEDIUM,123,2026-09-29
LULU-ORD-1257,LULU-KOCHI-01,Basmati Rice 5kg,Grocery,India Gate,381,7,MEDIUM,149,2026-09-22
LULU-ORD-1258,LULU-KOCHI-01,Bread Loaf,Bakery,Modern,72,26,LOW,58,2026-10-11
LULU-ORD-1259,LULU-CLT-02,Chicken 1kg,Meat,Suguna,475,6,MEDIUM,174,2026-09-21
LULU-ORD-1260,LULU-KOCHI-01,Mango 1kg,Fruits,Local Farm,31,4,LOW,72,2026-09-19
LULU-ORD-1261,LULU-CLT-01,Banana Chips 1kg,Snacks,Local Kerala,588,14,MEDIUM,151,2026-09-29
LULU-ORD-1262,LULU-KOCHI-01,Basmati Rice 5kg,Grocery,India Gate,231,15,MEDIUM,47,2026-09-30
LULU-ORD-1263,LULU-CLT-02,Mango 1kg,Fruits,Local Farm,12,18,LOW,43,2026-10-03
LULU-ORD-1264,LULU-CLT-01,Atta 10kg,Grocery,Aashirvaad,266,12,MEDIUM,179,2026-09-27
LULU-ORD-1265,LULU-KOCHI-01,Milma Curd 500g,Dairy,Milma,144,1,HIGH,70,2026-09-16
LULU-ORD-1266,LULU-CLT-02,Mango 1kg,Fruits,Local Farm,341,2,HIGH,77,2026-09-17
LULU-ORD-1267,LULU-TVM-01,Milma Curd 500g,Dairy,Milma,139,27,LOW,39,2026-10-12
LULU-ORD-1268,LULU-KOCHI-01,Chicken 1kg,Meat,Suguna,497,29,LOW,141,2026-10-14
LULU-ORD-1269,LULU-TVM-01,Mango 1kg,Fruits,Local Farm,121,29,LOW,66,2026-10-14
LULU-ORD-1270,LULU-TVM-01,Mango 1kg,Fruits,Local Farm,54,43,LOW,87,2026-10-28
LULU-ORD-1271,LULU-KOCHI-02,Lulu Gold Coin,Jewellery,Lulu Gold,41,4,LOW,112,2026-09-19
LULU-ORD-1272,LULU-KOCHI-02,Dates 500g,Dry Fruits,Lulu Import,120,32,LOW,28,2026-10-17
LULU-ORD-1273,LULU-CLT-02,Chicken 1kg,Meat,Suguna,339,39,LOW,26,2026-10-24
LULU-ORD-1274,LULU-TVM-01,Banana Chips 1kg,Snacks,Local Kerala,291,40,LOW,150,2026-10-25
LULU-ORD-1275,LULU-TVM-01,Bread Loaf,Bakery,Modern,400,39,LOW,85,2026-10-24
LULU-ORD-1276,LULU-KOCHI-02,Lulu Gold Coin,Jewellery,Lulu Gold,527,39,LOW,35,2026-10-24
LULU-ORD-1277,LULU-KOCHI-02,Chicken 1kg,Meat,Suguna,574,14,MEDIUM,125,2026-09-29
LULU-ORD-1278,LULU-KOCHI-02,Basmati Rice 5kg,Grocery,India Gate,433,22,LOW,112,2026-10-07
LULU-ORD-1279,LULU-KOCHI-02,Dates 500g,Dry Fruits,Lulu Import,107,21,LOW,90,2026-10-06
LULU-ORD-1280,LULU-KOCHI-02,Paneer 200g,Dairy,Milma,393,10,MEDIUM,27,2026-09-25
LULU-ORD-1281,LULU-KOCHI-02,Chicken 1kg,Meat,Suguna,97,6,MEDIUM,34,2026-09-21
LULU-ORD-1282,LULU-CLT-01,Bread Loaf,Bakery,Modern,143,36,LOW,160,2026-10-21
LULU-ORD-1283,LULU-CLT-01,Atta 10kg,Grocery,Aashirvaad,585,22,LOW,115,2026-10-07
LULU-ORD-1284,LULU-KOCHI-01,Bread Loaf,Bakery,Modern,443,4,HIGH,163,2026-09-19
LULU-ORD-1285,LULU-TVM-01,Paneer 200g,Dairy,Milma,370,7,MEDIUM,139,2026-09-22
LULU-ORD-1286,LULU-KOCHI-02,Basmati Rice 5kg,Grocery,India Gate,168,43,LOW,67,2026-10-28
LULU-ORD-1287,LULU-KOCHI-01,Chicken 1kg,Meat,Suguna,368,36,LOW,39,2026-10-21
LULU-ORD-1288,LULU-KOCHI-02,Paneer 200g,Dairy,Milma,597,15,MEDIUM,153,2026-09-30
LULU-ORD-1289,LULU-TVM-01,Mango 1kg,Fruits,Local Farm,580,2,HIGH,178,2026-09-17
LULU-ORD-1290,LULU-KOCHI-01,Paneer 200g,Dairy,Milma,39,12,LOW,189,2026-09-27
LULU-ORD-1291,LULU-CLT-01,Paneer 200g,Dairy,Milma,357,23,LOW,56,2026-10-08
LULU-ORD-1292,LULU-KOCHI-02,Banana Chips 1kg,Snacks,Local Kerala,589,43,LOW,27,2026-10-28
LULU-ORD-1293,LULU-TVM-01,Banana Chips 1kg,Snacks,Local Kerala,41,6,LOW,65,2026-09-21
LULU-ORD-1294,LULU-KOCHI-01,Dates 500g,Dry Fruits,Lulu Import,439,30,LOW,50,2026-10-15
LULU-ORD-1295,LULU-TVM-01,Bread Loaf,Bakery,Modern,329,21,LOW,162,2026-10-06
LULU-ORD-1296,LULU-CLT-02,Chicken 1kg,Meat,Suguna,63,10,MEDIUM,168,2026-09-25
LULU-ORD-1297,LULU-KOCHI-02,Milma Curd 500g,Dairy,Milma,93,18,LOW,179,2026-10-03
LULU-ORD-1298,LULU-KOCHI-02,Dates 500g,Dry Fruits,Lulu Import,507,39,LOW,116,2026-10-24
LULU-ORD-1299,LULU-CLT-01,Paneer 200g,Dairy,Milma,230,33,LOW,98,2026-10-18
LULU-ORD-1300,LULU-TVM-01,Dates 500g,Dry Fruits,Lulu Import,123,19,LOW,134,2026-10-04
LULU-ORD-1301,LULU-CLT-02,Atta 10kg,Grocery,Aashirvaad,325,3,HIGH,111,2026-09-18
LULU-ORD-1302,LULU-CLT-02,Mango 1kg,Fruits,Local Farm,66,1,MEDIUM,87,2026-09-16
LULU-ORD-1303,LULU-KOCHI-01,Basmati Rice 5kg,Grocery,India Gate,150,17,LOW,93,2026-10-02
LULU-ORD-1304,LULU-KOCHI-02,Chicken 1kg,Meat,Suguna,17,32,LOW,54,2026-10-17
LULU-ORD-1305,LULU-CLT-02,Banana Chips 1kg,Snacks,Local Kerala,399,35,LOW,138,2026-10-20
LULU-ORD-1306,LULU-KOCHI-02,Atta 10kg,Grocery,Aashirvaad,372,5,HIGH,199,2026-09-20
LULU-ORD-1307,LULU-KOCHI-02,Milma Curd 500g,Dairy,Milma,456,2,HIGH,29,2026-09-17
LULU-ORD-1308,LULU-TVM-01,Bread Loaf,Bakery,Modern,599,28,LOW,113,2026-10-13
LULU-ORD-1309,LULU-KOCHI-02,Dates 500g,Dry Fruits,Lulu Import,306,8,MEDIUM,15,2026-09-23
LULU-ORD-1310,LULU-KOCHI-02,Bread Loaf,Bakery,Modern,185,40,LOW,186,2026-10-25
LULU-ORD-1311,LULU-CLT-01,Bread Loaf,Bakery,Modern,100,28,LOW,72,2026-10-13
LULU-ORD-1312,LULU-CLT-01,Dates 500g,Dry Fruits,Lulu Import,420,34,LOW,111,2026-10-19
LULU-ORD-1313,LULU-KOCHI-01,Paneer 200g,Dairy,Milma,357,15,MEDIUM,53,2026-09-30
LULU-ORD-1314,LULU-CLT-01,Chicken 1kg,Meat,Suguna,532,41,LOW,145,2026-10-26
LULU-ORD-1315,LULU-KOCHI-01,Atta 10kg,Grocery,Aashirvaad,208,23,LOW,196,2026-10-08
LULU-ORD-1316,LULU-CLT-02,Banana Chips 1kg,Snacks,Local Kerala,251,7,MEDIUM,75,2026-09-22
LULU-ORD-1317,LULU-CLT-02,Basmati Rice 5kg,Grocery,India Gate,187,39,LOW,177,2026-10-24
LULU-ORD-1318,LULU-KOCHI-02,Chicken 1kg,Meat,Suguna,191,41,LOW,128,2026-10-26
LULU-ORD-1319,LULU-TVM-01,Mango 1kg,Fruits,Local Farm,469,44,LOW,174,2026-10-29
LULU-ORD-1320,LULU-KOCHI-01,Mango 1kg,Fruits,Local Farm,340,41,LOW,48,2026-10-26
LULU-ORD-1321,LULU-KOCHI-02,Lulu Gold Coin,Jewellery,Lulu Gold,79,31,LOW,171,2026-10-16
LULU-ORD-1322,LULU-CLT-01,Paneer 200g,Dairy,Milma,291,38,LOW,100,2026-10-23
LULU-ORD-1323,LULU-KOCHI-02,Atta 10kg,Grocery,Aashirvaad,85,20,LOW,125,2026-10-05
LULU-ORD-1324,LULU-KOCHI-01,Milma Curd 500g,Dairy,Milma,68,24,LOW,29,2026-10-09
LULU-ORD-1325,LULU-KOCHI-02,Chicken 1kg,Meat,Suguna,529,25,LOW,158,2026-10-10
LULU-ORD-1326,LULU-TVM-01,Atta 10kg,Grocery,Aashirvaad,52,29,LOW,176,2026-10-14
LULU-ORD-1327,LULU-KOCHI-02,Basmati Rice 5kg,Grocery,India Gate,339,39,LOW,138,2026-10-24
LULU-ORD-1328,LULU-CLT-01,Banana Chips 1kg,Snacks,Local Kerala,73,29,LOW,97,2026-10-14
LULU-ORD-1329,LULU-CLT-02,Chicken 1kg,Meat,Suguna,526,42,LOW,20,2026-10-27
LULU-ORD-1330,LULU-TVM-01,Basmati Rice 5kg,Grocery,India Gate,458,29,LOW,143,2026-10-14
LULU-ORD-1331,LULU-KOCHI-01,Mango 1kg,Fruits,Local Farm,172,24,LOW,82,2026-10-09
LULU-ORD-1332,LULU-TVM-01,Dates 500g,Dry Fruits,Lulu Import,428,22,LOW,23,2026-10-07
LULU-ORD-1333,LULU-CLT-01,Bread Loaf,Bakery,Modern,77,22,LOW,152,2026-10-07
LULU-ORD-1334,LULU-TVM-01,Dates 500g,Dry Fruits,Lulu Import,300,17,LOW,48,2026-10-02
LULU-ORD-1335,LULU-CLT-02,Bread Loaf,Bakery,Modern,93,38,LOW,99,2026-10-23
LULU-ORD-1336,LULU-TVM-01,Paneer 200g,Dairy,Milma,411,9,MEDIUM,191,2026-09-24
LULU-ORD-1337,LULU-KOCHI-02,Chicken 1kg,Meat,Suguna,327,36,LOW,174,2026-10-21
LULU-ORD-1338,LULU-TVM-01,Bread Loaf,Bakery,Modern,140,43,LOW,33,2026-10-28
LULU-ORD-1339,LULU-CLT-01,Dates 500g,Dry Fruits,Lulu Import,530,24,LOW,102,2026-10-09
LULU-ORD-1340,LULU-KOCHI-01,Paneer 200g,Dairy,Milma,194,14,MEDIUM,134,2026-09-29
LULU-ORD-1341,LULU-CLT-02,Basmati Rice 5kg,Grocery,India Gate,241,9,MEDIUM,29,2026-09-24
LULU-ORD-1342,LULU-TVM-01,Paneer 200g,Dairy,Milma,113,33,LOW,199,2026-10-18
LULU-ORD-1343,LULU-KOCHI-01,Atta 10kg,Grocery,Aashirvaad,48,43,LOW,168,2026-10-28
LULU-ORD-1344,LULU-CLT-02,Banana Chips 1kg,Snacks,Local Kerala,395,10,MEDIUM,56,2026-09-25
LULU-ORD-1345,LULU-CLT-01,Mango 1kg,Fruits,Local Farm,179,29,LOW,115,2026-10-14
LULU-ORD-1346,LULU-TVM-01,Bread Loaf,Bakery,Modern,253,29,LOW,82,2026-10-14
LULU-ORD-1347,LULU-CLT-02,Lulu Gold Coin,Jewellery,Lulu Gold,249,35,LOW,89,2026-10-20
LULU-ORD-1348,LULU-TVM-01,Lulu Gold Coin,Jewellery,Lulu Gold,208,24,LOW,122,2026-10-09
LULU-ORD-1349,LULU-TVM-01,Lulu Gold Coin,Jewellery,Lulu Gold,298,25,LOW,145,2026-10-10
LULU-ORD-1350,LULU-TVM-01,Dates 500g,Dry Fruits,Lulu Import,175,13,MEDIUM,45,2026-09-28
LULU-ORD-1351,LULU-KOCHI-02,Paneer 200g,Dairy,Milma,63,42,LOW,105,2026-10-27
LULU-ORD-1352,LULU-CLT-01,Atta 10kg,Grocery,Aashirvaad,115,34,LOW,82,2026-10-19
LULU-ORD-1353,LULU-KOCHI-02,Chicken 1kg,Meat,Suguna,174,18,LOW,141,2026-10-03
LULU-ORD-1354,LULU-CLT-02,Banana Chips 1kg,Snacks,Local Kerala,457,6,MEDIUM,125,2026-09-21
LULU-ORD-1355,LULU-CLT-01,Bread Loaf,Bakery,Modern,37,27,LOW,111,2026-10-12
LULU-ORD-1356,LULU-KOCHI-02,Atta 10kg,Grocery,Aashirvaad,392,16,LOW,30,2026-10-01
LULU-ORD-1357,LULU-KOCHI-01,Bread Loaf,Bakery,Modern,239,2,HIGH,35,2026-09-17
LULU-ORD-1358,LULU-CLT-01,Bread Loaf,Bakery,Modern,159,9,MEDIUM,83,2026-09-24
LULU-ORD-1359,LULU-KOCHI-02,Lulu Gold Coin,Jewellery,Lulu Gold,152,31,LOW,167,2026-10-16
LULU-ORD-1360,LULU-KOCHI-01,Milma Curd 500g,Dairy,Milma,91,2,MEDIUM,65,2026-09-17
LULU-ORD-1361,LULU-TVM-01,Banana Chips 1kg,Snacks,Local Kerala,571,39,LOW,118,2026-10-24
LULU-ORD-1362,LULU-KOCHI-01,Chicken 1kg,Meat,Suguna,305,16,LOW,41,2026-10-01
LULU-ORD-1363,LULU-TVM-01,Milma Curd 500g,Dairy,Milma,254,27,LOW,127,2026-10-12
LULU-ORD-1364,LULU-TVM-01,Chicken 1kg,Meat,Suguna,123,32,LOW,147,2026-10-17
LULU-ORD-1365,LULU-CLT-02,Milma Curd 500g,Dairy,Milma,537,37,LOW,193,2026-10-22
LULU-ORD-1366,LULU-CLT-01,Banana Chips 1kg,Snacks,Local Kerala,308,28,LOW,167,2026-10-13
LULU-ORD-1367,LULU-KOCHI-02,Bread Loaf,Bakery,Modern,256,37,LOW,57,2026-10-22
LULU-ORD-1368,LULU-CLT-01,Chicken 1kg,Meat,Suguna,546,24,LOW,144,2026-10-09
LULU-ORD-1369,LULU-TVM-01,Atta 10kg,Grocery,Aashirvaad,529,33,LOW,15,2026-10-18
LULU-ORD-1370,LULU-KOCHI-02,Dates 500g,Dry Fruits,Lulu Import,491,3,HIGH,105,2026-09-18
LULU-ORD-1371,LULU-CLT-01,Paneer 200g,Dairy,Milma,26,23,LOW,98,2026-10-08
LULU-ORD-1372,LULU-KOCHI-01,Basmati Rice 5kg,Grocery,India Gate,116,38,LOW,44,2026-10-23
LULU-ORD-1373,LULU-KOCHI-01,Milma Curd 500g,Dairy,Milma,370,35,LOW,174,2026-10-20
LULU-ORD-1374,LULU-KOCHI-02,Banana Chips 1kg,Snacks,Local Kerala,485,45,LOW,171,2026-10-30
LULU-ORD-1375,LULU-KOCHI-02,Banana Chips 1kg,Snacks,Local Kerala,148,5,HIGH,19,2026-09-20
LULU-ORD-1376,LULU-CLT-02,Paneer 200g,Dairy,Milma,216,3,HIGH,20,2026-09-18
LULU-ORD-1377,LULU-KOCHI-02,Bread Loaf,Bakery,Modern,327,33,LOW,149,2026-10-18
LULU-ORD-1378,LULU-CLT-02,Lulu Gold Coin,Jewellery,Lulu Gold,269,3,HIGH,83,2026-09-18
LULU-ORD-1379,LULU-KOCHI-01,Bread Loaf,Bakery,Modern,58,42,LOW,79,2026-10-27
LULU-ORD-1380,LULU-KOCHI-02,Chicken 1kg,Meat,Suguna,386,28,LOW,200,2026-10-13
LULU-ORD-1381,LULU-CLT-02,Lulu Gold Coin,Jewellery,Lulu Gold,405,22,LOW,137,2026-10-07
LULU-ORD-1382,LULU-KOCHI-01,Lulu Gold Coin,Jewellery,Lulu Gold,386,34,LOW,31,2026-10-19
LULU-ORD-1383,LULU-TVM-01,Dates 500g,Dry Fruits,Lulu Import,90,28,LOW,56,2026-10-13
LULU-ORD-1384,LULU-CLT-01,Atta 10kg,Grocery,Aashirvaad,310,21,LOW,30,2026-10-06
LULU-ORD-1385,LULU-KOCHI-02,Bread Loaf,Bakery,Modern,312,20,LOW,164,2026-10-05
LULU-ORD-1386,LULU-KOCHI-02,Dates 500g,Dry Fruits,Lulu Import,180,45,LOW,99,2026-10-30
LULU-ORD-1387,LULU-TVM-01,Lulu Gold Coin,Jewellery,Lulu Gold,53,23,LOW,121,2026-10-08
LULU-ORD-1388,LULU-KOCHI-02,Paneer 200g,Dairy,Milma,68,5,MEDIUM,103,2026-09-20
LULU-ORD-1389,LULU-CLT-02,Atta 10kg,Grocery,Aashirvaad,173,2,HIGH,165,2026-09-17
LULU-ORD-1390,LULU-CLT-01,Lulu Gold Coin,Jewellery,Lulu Gold,45,9,LOW,70,2026-09-24
LULU-ORD-1391,LULU-TVM-01,Bread Loaf,Bakery,Modern,380,25,LOW,18,2026-10-10
LULU-ORD-1392,LULU-KOCHI-02,Mango 1kg,Fruits,Local Farm,167,44,LOW,104,2026-10-29
LULU-ORD-1393,LULU-TVM-01,Bread Loaf,Bakery,Modern,464,5,HIGH,45,2026-09-20
LULU-ORD-1394,LULU-KOCHI-01,Atta 10kg,Grocery,Aashirvaad,385,26,LOW,176,2026-10-11
LULU-ORD-1395,LULU-CLT-01,Paneer 200g,Dairy,Milma,265,8,MEDIUM,198,2026-09-23
LULU-ORD-1396,LULU-KOCHI-02,Banana Chips 1kg,Snacks,Local Kerala,521,34,LOW,153,2026-10-19
LULU-ORD-1397,LULU-KOCHI-02,Chicken 1kg,Meat,Suguna,278,17,LOW,64,2026-10-02
LULU-ORD-1398,LULU-KOCHI-02,Mango 1kg,Fruits,Local Farm,302,45,LOW,61,2026-10-30
LULU-ORD-1399,LULU-KOCHI-02,Chicken 1kg,Meat,Suguna,148,5,HIGH,54,2026-09-20
LULU-ORD-1400,LULU-KOCHI-01,Lulu Gold Coin,Jewellery,Lulu Gold,99,44,LOW,180,2026-10-29
LULU-ORD-1401,LULU-TVM-01,Bread Loaf,Bakery,Modern,76,36,LOW,84,2026-10-21
LULU-ORD-1402,LULU-CLT-02,Paneer 200g,Dairy,Milma,171,45,LOW,102,2026-10-30
LULU-ORD-1403,LULU-CLT-02,Atta 10kg,Grocery,Aashirvaad,239,8,MEDIUM,45,2026-09-23
LULU-ORD-1404,LULU-KOCHI-01,Basmati Rice 5kg,Grocery,India Gate,515,2,HIGH,151,2026-09-17
LULU-ORD-1405,LULU-TVM-01,Mango 1kg,Fruits,Local Farm,387,30,LOW,43,2026-10-15
LULU-ORD-1406,LULU-KOCHI-01,Mango 1kg,Fruits,Local Farm,98,5,MEDIUM,111,2026-09-20
LULU-ORD-1407,LULU-KOCHI-02,Lulu Gold Coin,Jewellery,Lulu Gold,548,27,LOW,157,2026-10-12
LULU-ORD-1408,LULU-CLT-01,Chicken 1kg,Meat,Suguna,138,21,LOW,125,2026-10-06
LULU-ORD-1409,LULU-CLT-02,Lulu Gold Coin,Jewellery,Lulu Gold,539,23,LOW,151,2026-10-08
LULU-ORD-1410,LULU-KOCHI-02,Mango 1kg,Fruits,Local Farm,196,9,MEDIUM,138,2026-09-24
LULU-ORD-1411,LULU-CLT-02,Milma Curd 500g,Dairy,Milma,137,34,LOW,87,2026-10-19
LULU-ORD-1412,LULU-CLT-02,Banana Chips 1kg,Snacks,Local Kerala,175,21,LOW,98,2026-10-06
LULU-ORD-1413,LULU-KOCHI-01,Atta 10kg,Grocery,Aashirvaad,300,6,MEDIUM,60,2026-09-21
LULU-ORD-1414,LULU-KOCHI-01,Atta 10kg,Grocery,Aashirvaad,291,9,MEDIUM,167,2026-09-24
LULU-ORD-1415,LULU-CLT-02,Atta 10kg,Grocery,Aashirvaad,105,33,LOW,161,2026-10-18
LULU-ORD-1416,LULU-TVM-01,Mango 1kg,Fruits,Local Farm,167,11,MEDIUM,194,2026-09-26
LULU-ORD-1417,LULU-CLT-01,Mango 1kg,Fruits,Local Farm,355,37,LOW,17,2026-10-22
LULU-ORD-1418,LULU-TVM-01,Chicken 1kg,Meat,Suguna,56,42,LOW,77,2026-10-27
LULU-ORD-1419,LULU-TVM-01,Basmati Rice 5kg,Grocery,India Gate,595,27,LOW,173,2026-10-12
LULU-ORD-1420,LULU-TVM-01,Milma Curd 500g,Dairy,Milma,519,41,LOW,84,2026-10-26
LULU-ORD-1421,LULU-KOCHI-02,Paneer 200g,Dairy,Milma,504,16,LOW,86,2026-10-01
LULU-ORD-1422,LULU-CLT-01,Lulu Gold Coin,Jewellery,Lulu Gold,84,45,LOW,50,2026-10-30
LULU-ORD-1423,LULU-KOCHI-02,Lulu Gold Coin,Jewellery,Lulu Gold,435,31,LOW,62,2026-10-16
LULU-ORD-1424,LULU-KOCHI-01,Bread Loaf,Bakery,Modern,157,21,LOW,197,2026-10-06
LULU-ORD-1425,LULU-KOCHI-01,Bread Loaf,Bakery,Modern,418,9,MEDIUM,141,2026-09-24
LULU-ORD-1426,LULU-CLT-02,Atta 10kg,Grocery,Aashirvaad,118,21,LOW,129,2026-10-06
LULU-ORD-1427,LULU-CLT-02,Chicken 1kg,Meat,Suguna,283,29,LOW,46,2026-10-14
LULU-ORD-1428,LULU-KOCHI-02,Chicken 1kg,Meat,Suguna,61,19,LOW,167,2026-10-04
LULU-ORD-1429,LULU-KOCHI-01,Dates 500g,Dry Fruits,Lulu Import,264,11,MEDIUM,157,2026-09-26
LULU-ORD-1430,LULU-KOCHI-02,Bread Loaf,Bakery,Modern,204,11,MEDIUM,141,2026-09-26
LULU-ORD-1431,LULU-KOCHI-02,Lulu Gold Coin,Jewellery,Lulu Gold,520,20,LOW,15,2026-10-05
LULU-ORD-1432,LULU-KOCHI-02,Chicken 1kg,Meat,Suguna,412,33,LOW,71,2026-10-18
LULU-ORD-1433,LULU-CLT-01,Basmati Rice 5kg,Grocery,India Gate,371,4,HIGH,82,2026-09-19
LULU-ORD-1434,LULU-TVM-01,Lulu Gold Coin,Jewellery,Lulu Gold,491,19,LOW,12,2026-10-04
LULU-ORD-1435,LULU-KOCHI-01,Chicken 1kg,Meat,Suguna,451,9,MEDIUM,196,2026-09-24
LULU-ORD-1436,LULU-CLT-01,Bread Loaf,Bakery,Modern,422,24,LOW,112,2026-10-09
LULU-ORD-1437,LULU-CLT-02,Milma Curd 500g,Dairy,Milma,593,36,LOW,102,2026-10-21
LULU-ORD-1438,LULU-KOCHI-02,Atta 10kg,Grocery,Aashirvaad,305,5,HIGH,139,2026-09-20
LULU-ORD-1439,LULU-TVM-01,Lulu Gold Coin,Jewellery,Lulu Gold,573,18,LOW,184,2026-10-03
LULU-ORD-1440,LULU-CLT-01,Mango 1kg,Fruits,Local Farm,131,9,MEDIUM,110,2026-09-24
LULU-ORD-1441,LULU-KOCHI-01,Bread Loaf,Bakery,Modern,357,36,LOW,46,2026-10-21
LULU-ORD-1442,LULU-TVM-01,Basmati Rice 5kg,Grocery,India Gate,531,26,LOW,20,2026-10-11
LULU-ORD-1443,LULU-KOCHI-01,Milma Curd 500g,Dairy,Milma,49,9,LOW,131,2026-09-24
LULU-ORD-1444,LULU-TVM-01,Atta 10kg,Grocery,Aashirvaad,477,10,MEDIUM,141,2026-09-25
LULU-ORD-1445,LULU-KOCHI-01,Banana Chips 1kg,Snacks,Local Kerala,345,40,LOW,51,2026-10-25
LULU-ORD-1446,LULU-KOCHI-01,Dates 500g,Dry Fruits,Lulu Import,316,38,LOW,139,2026-10-23
LULU-ORD-1447,LULU-TVM-01,Atta 10kg,Grocery,Aashirvaad,555,32,LOW,86,2026-10-17
LULU-ORD-1448,LULU-KOCHI-01,Lulu Gold Coin,Jewellery,Lulu Gold,27,24,LOW,182,2026-10-09
LULU-ORD-1449,LULU-KOCHI-01,Chicken 1kg,Meat,Suguna,436,38,LOW,195,2026-10-23
LULU-ORD-1450,LULU-TVM-01,Milma Curd 500g,Dairy,Milma,495,17,LOW,157,2026-10-02
LULU-ORD-1451,LULU-KOCHI-02,Basmati Rice 5kg,Grocery,India Gate,62,38,LOW,53,2026-10-23
LULU-ORD-1452,LULU-CLT-02,Atta 10kg,Grocery,Aashirvaad,399,10,MEDIUM,18,2026-09-25
LULU-ORD-1453,LULU-CLT-01,Mango 1kg,Fruits,Local Farm,122,13,MEDIUM,122,2026-09-28
LULU-ORD-1454,LULU-KOCHI-02,Bread Loaf,Bakery,Modern,438,10,MEDIUM,186,2026-09-25
LULU-ORD-1455,LULU-TVM-01,Basmati Rice 5kg,Grocery,India Gate,430,33,LOW,130,2026-10-18
LULU-ORD-1456,LULU-CLT-02,Milma Curd 500g,Dairy,Milma,151,34,LOW,153,2026-10-19
LULU-ORD-1457,LULU-KOCHI-02,Bread Loaf,Bakery,Modern,499,34,LOW,90,2026-10-19
LULU-ORD-1458,LULU-KOCHI-01,Banana Chips 1kg,Snacks,Local Kerala,480,35,LOW,149,2026-10-20
LULU-ORD-1459,LULU-KOCHI-02,Bread Loaf,Bakery,Modern,280,40,LOW,59,2026-10-25
LULU-ORD-1460,LULU-KOCHI-01,Basmati Rice 5kg,Grocery,India Gate,295,36,LOW,67,2026-10-21
LULU-ORD-1461,LULU-KOCHI-02,Paneer 200g,Dairy,Milma,305,14,MEDIUM,91,2026-09-29
LULU-ORD-1462,LULU-KOCHI-01,Lulu Gold Coin,Jewellery,Lulu Gold,367,36,LOW,83,2026-10-21
LULU-ORD-1463,LULU-TVM-01,Chicken 1kg,Meat,Suguna,597,44,LOW,107,2026-10-29
LULU-ORD-1464,LULU-KOCHI-01,Dates 500g,Dry Fruits,Lulu Import,363,10,MEDIUM,20,2026-09-25
LULU-ORD-1465,LULU-KOCHI-02,Paneer 200g,Dairy,Milma,90,23,LOW,177,2026-10-08
LULU-ORD-1466,LULU-CLT-02,Paneer 200g,Dairy,Milma,500,14,MEDIUM,147,2026-09-29
LULU-ORD-1467,LULU-KOCHI-01,Paneer 200g,Dairy,Milma,585,45,LOW,45,2026-10-30
LULU-ORD-1468,LULU-CLT-01,Chicken 1kg,Meat,Suguna,255,16,LOW,181,2026-10-01
LULU-ORD-1469,LULU-CLT-02,Atta 10kg,Grocery,Aashirvaad,241,41,LOW,23,2026-10-26
LULU-ORD-1470,LULU-KOCHI-02,Chicken 1kg,Meat,Suguna,433,22,LOW,35,2026-10-07
LULU-ORD-1471,LULU-CLT-02,Banana Chips 1kg,Snacks,Local Kerala,15,36,LOW,114,2026-10-21
LULU-ORD-1472,LULU-CLT-02,Lulu Gold Coin,Jewellery,Lulu Gold,498,42,LOW,83,2026-10-27
LULU-ORD-1473,LULU-CLT-01,Bread Loaf,Bakery,Modern,302,42,LOW,32,2026-10-27
LULU-ORD-1474,LULU-CLT-01,Mango 1kg,Fruits,Local Farm,247,35,LOW,54,2026-10-20
LULU-ORD-1475,LULU-KOCHI-02,Dates 500g,Dry Fruits,Lulu Import,190,3,HIGH,136,2026-09-18
LULU-ORD-1476,LULU-CLT-01,Banana Chips 1kg,Snacks,Local Kerala,306,3,HIGH,86,2026-09-18
LULU-ORD-1477,LULU-KOCHI-01,Mango 1kg,Fruits,Local Farm,119,22,LOW,126,2026-10-07
LULU-ORD-1478,LULU-CLT-02,Atta 10kg,Grocery,Aashirvaad,546,32,LOW,139,2026-10-17
LULU-ORD-1479,LULU-CLT-01,Lulu Gold Coin,Jewellery,Lulu Gold,289,13,MEDIUM,94,2026-09-28
LULU-ORD-1480,LULU-KOCHI-01,Banana Chips 1kg,Snacks,Local Kerala,479,42,LOW,193,2026-10-27
LULU-ORD-1481,LULU-KOCHI-01,Banana Chips 1kg,Snacks,Local Kerala,24,22,LOW,155,2026-10-07
LULU-ORD-1482,LULU-KOCHI-02,Basmati Rice 5kg,Grocery,India Gate,189,40,LOW,119,2026-10-25
LULU-ORD-1483,LULU-KOCHI-02,Atta 10kg,Grocery,Aashirvaad,345,6,MEDIUM,181,2026-09-21
LULU-ORD-1484,LULU-KOCHI-02,Chicken 1kg,Meat,Suguna,199,9,MEDIUM,92,2026-09-24
LULU-ORD-1485,LULU-KOCHI-02,Basmati Rice 5kg,Grocery,India Gate,16,17,LOW,70,2026-10-02
LULU-ORD-1486,LULU-KOCHI-01,Lulu Gold Coin,Jewellery,Lulu Gold,283,22,LOW,159,2026-10-07
LULU-ORD-1487,LULU-KOCHI-01,Mango 1kg,Fruits,Local Farm,21,17,LOW,187,2026-10-02
LULU-ORD-1488,LULU-CLT-01,Basmati Rice 5kg,Grocery,India Gate,73,43,LOW,129,2026-10-28
LULU-ORD-1489,LULU-TVM-01,Paneer 200g,Dairy,Milma,173,26,LOW,190,2026-10-11
LULU-ORD-1490,LULU-KOCHI-01,Paneer 200g,Dairy,Milma,130,41,LOW,104,2026-10-26
LULU-ORD-1491,LULU-CLT-02,Mango 1kg,Fruits,Local Farm,236,15,MEDIUM,132,2026-09-30
LULU-ORD-1492,LULU-KOCHI-01,Banana Chips 1kg,Snacks,Local Kerala,475,39,LOW,116,2026-10-24
LULU-ORD-1493,LULU-CLT-02,Atta 10kg,Grocery,Aashirvaad,492,35,LOW,73,2026-10-20
LULU-ORD-1494,LULU-KOCHI-02,Mango 1kg,Fruits,Local Farm,93,34,LOW,145,2026-10-19
LULU-ORD-1495,LULU-CLT-01,Bread Loaf,Bakery,Modern,89,37,LOW,25,2026-10-22
LULU-ORD-1496,LULU-TVM-01,Atta 10kg,Grocery,Aashirvaad,527,13,MEDIUM,147,2026-09-28
LULU-ORD-1497,LULU-TVM-01,Banana Chips 1kg,Snacks,Local Kerala,178,21,LOW,123,2026-10-06
LULU-ORD-1498,LULU-KOCHI-02,Chicken 1kg,Meat,Suguna,220,38,LOW,33,2026-10-23
LULU-ORD-1499,LULU-KOCHI-02,Atta 10kg,Grocery,Aashirvaad,466,4,HIGH,43,2026-09-19
LULU-ORD-1500,LULU-TVM-01,Atta 10kg,Grocery,Aashirvaad,435,30,LOW,24,2026-10-15
LULU-ORD-1501,LULU-KOCHI-01,Atta 10kg,Grocery,Aashirvaad,483,44,LOW,195,2026-10-29
LULU-ORD-1502,LULU-CLT-01,Milma Curd 500g,Dairy,Milma,415,17,LOW,200,2026-10-02
LULU-ORD-1503,LULU-KOCHI-02,Basmati Rice 5kg,Grocery,India Gate,84,3,MEDIUM,98,2026-09-18
LULU-ORD-1504,LULU-CLT-01,Chicken 1kg,Meat,Suguna,564,4,HIGH,130,2026-09-19
LULU-ORD-1505,LULU-CLT-02,Milma Curd 500g,Dairy,Milma,303,27,LOW,44,2026-10-12
LULU-ORD-1506,LULU-KOCHI-02,Dates 500g,Dry Fruits,Lulu Import,393,25,LOW,106,2026-10-10
LULU-ORD-1507,LULU-TVM-01,Dates 500g,Dry Fruits,Lulu Import,92,44,LOW,44,2026-10-29
LULU-ORD-1508,LULU-TVM-01,Bread Loaf,Bakery,Modern,131,12,MEDIUM,110,2026-09-27
LULU-ORD-1509,LULU-CLT-01,Atta 10kg,Grocery,Aashirvaad,140,15,MEDIUM,15,2026-09-30
LULU-ORD-1510,LULU-TVM-01,Paneer 200g,Dairy,Milma,484,44,LOW,118,2026-10-29
LULU-ORD-1511,LULU-CLT-02,Atta 10kg,Grocery,Aashirvaad,398,15,MEDIUM,127,2026-09-30
LULU-ORD-1512,LULU-CLT-02,Bread Loaf,Bakery,Modern,168,18,LOW,195,2026-10-03
LULU-ORD-1513,LULU-KOCHI-02,Chicken 1kg,Meat,Suguna,42,43,LOW,167,2026-10-28
LULU-ORD-1514,LULU-CLT-01,Milma Curd 500g,Dairy,Milma,256,14,MEDIUM,35,2026-09-29
LULU-ORD-1515,LULU-TVM-01,Mango 1kg,Fruits,Local Farm,44,29,LOW,182,2026-10-14
LULU-ORD-1516,LULU-KOCHI-02,Milma Curd 500g,Dairy,Milma,260,3,HIGH,122,2026-09-18
LULU-ORD-1517,LULU-CLT-01,Basmati Rice 5kg,Grocery,India Gate,562,14,MEDIUM,45,2026-09-29
LULU-ORD-1518,LULU-TVM-01,Atta 10kg,Grocery,Aashirvaad,306,15,MEDIUM,91,2026-09-30
LULU-ORD-1519,LULU-KOCHI-01,Mango 1kg,Fruits,Local Farm,338,16,LOW,46,2026-10-01
LULU-ORD-1520,LULU-KOCHI-01,Atta 10kg,Grocery,Aashirvaad,236,27,LOW,80,2026-10-12
LULU-ORD-1521,LULU-CLT-02,Milma Curd 500g,Dairy,Milma,580,38,LOW,170,2026-10-23
LULU-ORD-1522,LULU-CLT-01,Dates 500g,Dry Fruits,Lulu Import,579,32,LOW,98,2026-10-17
LULU-ORD-1523,LULU-KOCHI-02,Dates 500g,Dry Fruits,Lulu Import,547,21,LOW,114,2026-10-06
LULU-ORD-1524,LULU-CLT-02,Banana Chips 1kg,Snacks,Local Kerala,317,25,LOW,147,2026-10-10
LULU-ORD-1525,LULU-KOCHI-01,Lulu Gold Coin,Jewellery,Lulu Gold,256,15,MEDIUM,191,2026-09-30
LULU-ORD-1526,LULU-TVM-01,Banana Chips 1kg,Snacks,Local Kerala,484,4,HIGH,115,2026-09-19
LULU-ORD-1527,LULU-CLT-02,Dates 500g,Dry Fruits,Lulu Import,580,34,LOW,109,2026-10-19
LULU-ORD-1528,LULU-KOCHI-01,Basmati Rice 5kg,Grocery,India Gate,271,14,MEDIUM,175,2026-09-29
LULU-ORD-1529,LULU-CLT-01,Chicken 1kg,Meat,Suguna,470,24,LOW,147,2026-10-09
LULU-ORD-1530,LULU-KOCHI-02,Basmati Rice 5kg,Grocery,India Gate,62,18,LOW,182,2026-10-03
LULU-ORD-1531,LULU-CLT-02,Mango 1kg,Fruits,Local Farm,50,5,LOW,160,2026-09-20
LULU-ORD-1532,LULU-CLT-02,Atta 10kg,Grocery,Aashirvaad,232,31,LOW,95,2026-10-16
LULU-ORD-1533,LULU-CLT-02,Paneer 200g,Dairy,Milma,25,14,LOW,199,2026-09-29
LULU-ORD-1534,LULU-TVM-01,Chicken 1kg,Meat,Suguna,500,16,LOW,190,2026-10-01
LULU-ORD-1535,LULU-TVM-01,Basmati Rice 5kg,Grocery,India Gate,416,16,LOW,92,2026-10-01
LULU-ORD-1536,LULU-TVM-01,Paneer 200g,Dairy,Milma,399,30,LOW,176,2026-10-15
LULU-ORD-1537,LULU-KOCHI-01,Bread Loaf,Bakery,Modern,325,17,LOW,141,2026-10-02
LULU-ORD-1538,LULU-KOCHI-02,Lulu Gold Coin,Jewellery,Lulu Gold,487,7,MEDIUM,91,2026-09-22
LULU-ORD-1539,LULU-KOCHI-02,Basmati Rice 5kg,Grocery,India Gate,389,21,LOW,21,2026-10-06
LULU-ORD-1540,LULU-CLT-01,Mango 1kg,Fruits,Local Farm,236,10,MEDIUM,76,2026-09-25
LULU-ORD-1541,LULU-CLT-02,Atta 10kg,Grocery,Aashirvaad,437,19,LOW,60,2026-10-04
LULU-ORD-1542,LULU-TVM-01,Bread Loaf,Bakery,Modern,245,25,LOW,72,2026-10-10
LULU-ORD-1543,LULU-KOCHI-01,Lulu Gold Coin,Jewellery,Lulu Gold,573,42,LOW,75,2026-10-27
LULU-ORD-1544,LULU-CLT-02,Lulu Gold Coin,Jewellery,Lulu Gold,512,30,LOW,197,2026-10-15
LULU-ORD-1545,LULU-TVM-01,Bread Loaf,Bakery,Modern,183,9,MEDIUM,135,2026-09-24
LULU-ORD-1546,LULU-CLT-01,Banana Chips 1kg,Snacks,Local Kerala,565,42,LOW,144,2026-10-27
LULU-ORD-1547,LULU-CLT-01,Milma Curd 500g,Dairy,Milma,86,43,LOW,11,2026-10-28
LULU-ORD-1548,LULU-CLT-02,Dates 500g,Dry Fruits,Lulu Import,150,41,LOW,27,2026-10-26
LULU-ORD-1549,LULU-TVM-01,Banana Chips 1kg,Snacks,Local Kerala,19,14,LOW,126,2026-09-29
LULU-ORD-1550,LULU-TVM-01,Bread Loaf,Bakery,Modern,71,40,LOW,133,2026-10-25
LULU-ORD-1551,LULU-TVM-01,Lulu Gold Coin,Jewellery,Lulu Gold,26,1,LOW,151,2026-09-16
LULU-ORD-1552,LULU-TVM-01,Dates 500g,Dry Fruits,Lulu Import,22,2,LOW,194,2026-09-17
LULU-ORD-1553,LULU-CLT-01,Paneer 200g,Dairy,Milma,558,19,LOW,138,2026-10-04
LULU-ORD-1554,LULU-CLT-01,Dates 500g,Dry Fruits,Lulu Import,193,7,MEDIUM,144,2026-09-22
LULU-ORD-1555,LULU-TVM-01,Banana Chips 1kg,Snacks,Local Kerala,256,13,MEDIUM,144,2026-09-28
LULU-ORD-1556,LULU-KOCHI-02,Paneer 200g,Dairy,Milma,372,18,LOW,30,2026-10-03
LULU-ORD-1557,LULU-TVM-01,Bread Loaf,Bakery,Modern,425,30,LOW,72,2026-10-15
LULU-ORD-1558,LULU-CLT-01,Basmati Rice 5kg,Grocery,India Gate,317,44,LOW,177,2026-10-29
LULU-ORD-1559,LULU-KOCHI-02,Milma Curd 500g,Dairy,Milma,105,26,LOW,106,2026-10-11
LULU-ORD-1560,LULU-CLT-01,Atta 10kg,Grocery,Aashirvaad,497,4,HIGH,189,2026-09-19
LULU-ORD-1561,LULU-KOCHI-02,Banana Chips 1kg,Snacks,Local Kerala,94,32,LOW,175,2026-10-17
LULU-ORD-1562,LULU-TVM-01,Bread Loaf,Bakery,Modern,589,7,MEDIUM,20,2026-09-22
LULU-ORD-1563,LULU-TVM-01,Basmati Rice 5kg,Grocery,India Gate,226,45,LOW,131,2026-10-30
LULU-ORD-1564,LULU-KOCHI-01,Paneer 200g,Dairy,Milma,57,5,MEDIUM,149,2026-09-20
LULU-ORD-1565,LULU-KOCHI-01,Mango 1kg,Fruits,Local Farm,43,12,LOW,14,2026-09-27
LULU-ORD-1566,LULU-CLT-01,Basmati Rice 5kg,Grocery,India Gate,157,26,LOW,86,2026-10-11
LULU-ORD-1567,LULU-TVM-01,Banana Chips 1kg,Snacks,Local Kerala,587,16,LOW,109,2026-10-01
LULU-ORD-1568,LULU-CLT-02,Atta 10kg,Grocery,Aashirvaad,349,25,LOW,186,2026-10-10
LULU-ORD-1569,LULU-CLT-01,Chicken 1kg,Meat,Suguna,522,23,LOW,35,2026-10-08
LULU-ORD-1570,LULU-KOCHI-01,Dates 500g,Dry Fruits,Lulu Import,247,5,HIGH,164,2026-09-20
LULU-ORD-1571,LULU-CLT-01,Mango 1kg,Fruits,Local Farm,416,21,LOW,172,2026-10-06
LULU-ORD-1572,LULU-CLT-02,Paneer 200g,Dairy,Milma,471,32,LOW,101,2026-10-17
LULU-ORD-1573,LULU-CLT-02,Atta 10kg,Grocery,Aashirvaad,394,28,LOW,184,2026-10-13
LULU-ORD-1574,LULU-TVM-01,Mango 1kg,Fruits,Local Farm,399,6,MEDIUM,85,2026-09-21
LULU-ORD-1575,LULU-KOCHI-01,Basmati Rice 5kg,Grocery,India Gate,85,6,MEDIUM,49,2026-09-21
LULU-ORD-1576,LULU-KOCHI-01,Dates 500g,Dry Fruits,Lulu Import,167,25,LOW,102,2026-10-10
LULU-ORD-1577,LULU-KOCHI-01,Chicken 1kg,Meat,Suguna,103,1,HIGH,123,2026-09-16
LULU-ORD-1578,LULU-CLT-02,Bread Loaf,Bakery,Modern,286,7,MEDIUM,32,2026-09-22
LULU-ORD-1579,LULU-TVM-01,Banana Chips 1kg,Snacks,Local Kerala,451,29,LOW,152,2026-10-14
LULU-ORD-1580,LULU-CLT-01,Atta 10kg,Grocery,Aashirvaad,427,7,MEDIUM,32,2026-09-22
LULU-ORD-1581,LULU-TVM-01,Bread Loaf,Bakery,Modern,577,6,MEDIUM,163,2026-09-21
LULU-ORD-1582,LULU-KOCHI-01,Bread Loaf,Bakery,Modern,404,1,HIGH,115,2026-09-16
LULU-ORD-1583,LULU-CLT-02,Dates 500g,Dry Fruits,Lulu Import,96,36,LOW,156,2026-10-21
LULU-ORD-1584,LULU-KOCHI-02,Atta 10kg,Grocery,Aashirvaad,183,44,LOW,53,2026-10-29
LULU-ORD-1585,LULU-KOCHI-01,Banana Chips 1kg,Snacks,Local Kerala,285,20,LOW,136,2026-10-05
LULU-ORD-1586,LULU-KOCHI-02,Banana Chips 1kg,Snacks,Local Kerala,74,11,MEDIUM,80,2026-09-26
LULU-ORD-1587,LULU-CLT-01,Dates 500g,Dry Fruits,Lulu Import,316,31,LOW,102,2026-10-16
LULU-ORD-1588,LULU-KOCHI-02,Paneer 200g,Dairy,Milma,262,41,LOW,162,2026-10-26
LULU-ORD-1589,LULU-CLT-01,Mango 1kg,Fruits,Local Farm,210,30,LOW,44,2026-10-15
LULU-ORD-1590,LULU-KOCHI-01,Paneer 200g,Dairy,Milma,16,26,LOW,168,2026-10-11
LULU-ORD-1591,LULU-KOCHI-01,Dates 500g,Dry Fruits,Lulu Import,347,29,LOW,120,2026-10-14
LULU-ORD-1592,LULU-KOCHI-01,Mango 1kg,Fruits,Local Farm,149,20,LOW,164,2026-10-05
LULU-ORD-1593,LULU-CLT-02,Basmati Rice 5kg,Grocery,India Gate,500,21,LOW,111,2026-10-06
LULU-ORD-1594,LULU-KOCHI-02,Bread Loaf,Bakery,Modern,308,45,LOW,157,2026-10-30
LULU-ORD-1595,LULU-KOCHI-01,Basmati Rice 5kg,Grocery,India Gate,343,25,LOW,110,2026-10-10
LULU-ORD-1596,LULU-CLT-02,Bread Loaf,Bakery,Modern,126,37,LOW,161,2026-10-22
LULU-ORD-1597,LULU-TVM-01,Atta 10kg,Grocery,Aashirvaad,194,44,LOW,16,2026-10-29
LULU-ORD-1598,LULU-KOCHI-01,Lulu Gold Coin,Jewellery,Lulu Gold,224,29,LOW,187,2026-10-14
LULU-ORD-1599,LULU-KOCHI-02,Chicken 1kg,Meat,Suguna,428,44,LOW,45,2026-10-29
LULU-ORD-1600,LULU-CLT-02,Paneer 200g,Dairy,Milma,257,17,LOW,193,2026-10-02
LULU-ORD-1601,LULU-KOCHI-02,Dates 500g,Dry Fruits,Lulu Import,396,5,HIGH,163,2026-09-20
LULU-ORD-1602,LULU-TVM-01,Lulu Gold Coin,Jewellery,Lulu Gold,420,35,LOW,187,2026-10-20
LULU-ORD-1603,LULU-KOCHI-01,Dates 500g,Dry Fruits,Lulu Import,566,3,HIGH,189,2026-09-18
LULU-ORD-1604,LULU-CLT-02,Atta 10kg,Grocery,Aashirvaad,97,7,MEDIUM,178,2026-09-22
LULU-ORD-1605,LULU-TVM-01,Bread Loaf,Bakery,Modern,180,42,LOW,21,2026-10-27
LULU-ORD-1606,LULU-KOCHI-02,Mango 1kg,Fruits,Local Farm,419,22,LOW,37,2026-10-07
LULU-ORD-1607,LULU-CLT-02,Milma Curd 500g,Dairy,Milma,110,17,LOW,140,2026-10-02
LULU-ORD-1608,LULU-TVM-01,Atta 10kg,Grocery,Aashirvaad,581,38,LOW,66,2026-10-23
LULU-ORD-1609,LULU-KOCHI-02,Lulu Gold Coin,Jewellery,Lulu Gold,393,26,LOW,183,2026-10-11
LULU-ORD-1610,LULU-KOCHI-01,Mango 1kg,Fruits,Local Farm,522,10,MEDIUM,16,2026-09-25
LULU-ORD-1611,LULU-KOCHI-02,Lulu Gold Coin,Jewellery,Lulu Gold,117,19,LOW,31,2026-10-04
LULU-ORD-1612,LULU-KOCHI-01,Chicken 1kg,Meat,Suguna,155,23,LOW,97,2026-10-08
LULU-ORD-1613,LULU-KOCHI-02,Lulu Gold Coin,Jewellery,Lulu Gold,221,34,LOW,99,2026-10-19
LULU-ORD-1614,LULU-KOCHI-02,Lulu Gold Coin,Jewellery,Lulu Gold,109,29,LOW,91,2026-10-14
LULU-ORD-1615,LULU-CLT-01,Chicken 1kg,Meat,Suguna,317,3,HIGH,15,2026-09-18
LULU-ORD-1616,LULU-CLT-02,Bread Loaf,Bakery,Modern,121,44,LOW,199,2026-10-29
LULU-ORD-1617,LULU-TVM-01,Basmati Rice 5kg,Grocery,India Gate,538,12,MEDIUM,50,2026-09-27
LULU-ORD-1618,LULU-KOCHI-02,Bread Loaf,Bakery,Modern,583,28,LOW,69,2026-10-13
LULU-ORD-1619,LULU-KOCHI-02,Dates 500g,Dry Fruits,Lulu Import,198,12,MEDIUM,111,2026-09-27
LULU-ORD-1620,LULU-TVM-01,Milma Curd 500g,Dairy,Milma,212,29,LOW,119,2026-10-14
LULU-ORD-1621,LULU-CLT-02,Dates 500g,Dry Fruits,Lulu Import,14,14,LOW,81,2026-09-29
LULU-ORD-1622,LULU-CLT-02,Chicken 1kg,Meat,Suguna,114,35,LOW,103,2026-10-20
LULU-ORD-1623,LULU-CLT-01,Bread Loaf,Bakery,Modern,211,30,LOW,77,2026-10-15
LULU-ORD-1624,LULU-KOCHI-01,Lulu Gold Coin,Jewellery,Lulu Gold,550,41,LOW,162,2026-10-26
LULU-ORD-1625,LULU-CLT-01,Dates 500g,Dry Fruits,Lulu Import,411,38,LOW,99,2026-10-23
LULU-ORD-1626,LULU-CLT-02,Bread Loaf,Bakery,Modern,478,40,LOW,182,2026-10-25
LULU-ORD-1627,LULU-CLT-02,Paneer 200g,Dairy,Milma,96,44,LOW,90,2026-10-29
LULU-ORD-1628,LULU-CLT-01,Chicken 1kg,Meat,Suguna,254,20,LOW,56,2026-10-05
LULU-ORD-1629,LULU-KOCHI-02,Bread Loaf,Bakery,Modern,154,33,LOW,117,2026-10-18
LULU-ORD-1630,LULU-KOCHI-02,Mango 1kg,Fruits,Local Farm,151,37,LOW,118,2026-10-22
LULU-ORD-1631,LULU-TVM-01,Banana Chips 1kg,Snacks,Local Kerala,508,41,LOW,187,2026-10-26
LULU-ORD-1632,LULU-KOCHI-02,Banana Chips 1kg,Snacks,Local Kerala,578,11,MEDIUM,83,2026-09-26
LULU-ORD-1633,LULU-KOCHI-02,Banana Chips 1kg,Snacks,Local Kerala,201,21,LOW,168,2026-10-06
LULU-ORD-1634,LULU-KOCHI-02,Milma Curd 500g,Dairy,Milma,377,1,HIGH,44,2026-09-16
LULU-ORD-1635,LULU-TVM-01,Basmati Rice 5kg,Grocery,India Gate,403,36,LOW,177,2026-10-21
LULU-ORD-1636,LULU-KOCHI-02,Lulu Gold Coin,Jewellery,Lulu Gold,428,44,LOW,116,2026-10-29
LULU-ORD-1637,LULU-CLT-01,Lulu Gold Coin,Jewellery,Lulu Gold,510,11,MEDIUM,154,2026-09-26
LULU-ORD-1638,LULU-CLT-01,Milma Curd 500g,Dairy,Milma,235,19,LOW,80,2026-10-04
LULU-ORD-1639,LULU-CLT-02,Basmati Rice 5kg,Grocery,India Gate,560,19,LOW,127,2026-10-04
LULU-ORD-1640,LULU-TVM-01,Mango 1kg,Fruits,Local Farm,517,36,LOW,38,2026-10-21
LULU-ORD-1641,LULU-TVM-01,Mango 1kg,Fruits,Local Farm,126,18,LOW,103,2026-10-03
LULU-ORD-1642,LULU-TVM-01,Atta 10kg,Grocery,Aashirvaad,52,29,LOW,65,2026-10-14
LULU-ORD-1643,LULU-CLT-02,Dates 500g,Dry Fruits,Lulu Import,114,42,LOW,86,2026-10-27
LULU-ORD-1644,LULU-KOCHI-01,Milma Curd 500g,Dairy,Milma,470,17,LOW,32,2026-10-02
LULU-ORD-1645,LULU-CLT-02,Lulu Gold Coin,Jewellery,Lulu Gold,130,16,LOW,198,2026-10-01
LULU-ORD-1646,LULU-KOCHI-02,Mango 1kg,Fruits,Local Farm,369,40,LOW,52,2026-10-25
LULU-ORD-1647,LULU-CLT-02,Mango 1kg,Fruits,Local Farm,152,14,MEDIUM,25,2026-09-29
LULU-ORD-1648,LULU-KOCHI-01,Mango 1kg,Fruits,Local Farm,369,35,LOW,162,2026-10-20
LULU-ORD-1649,LULU-KOCHI-01,Atta 10kg,Grocery,Aashirvaad,182,21,LOW,84,2026-10-06
LULU-ORD-1650,LULU-CLT-01,Mango 1kg,Fruits,Local Farm,283,33,LOW,44,2026-10-18
LULU-ORD-1651,LULU-CLT-02,Dates 500g,Dry Fruits,Lulu Import,70,18,LOW,189,2026-10-03
LULU-ORD-1652,LULU-KOCHI-01,Banana Chips 1kg,Snacks,Local Kerala,265,10,MEDIUM,73,2026-09-25
LULU-ORD-1653,LULU-TVM-01,Dates 500g,Dry Fruits,Lulu Import,511,10,MEDIUM,171,2026-09-25
LULU-ORD-1654,LULU-KOCHI-02,Paneer 200g,Dairy,Milma,434,25,LOW,29,2026-10-10
LULU-ORD-1655,LULU-KOCHI-01,Chicken 1kg,Meat,Suguna,422,33,LOW,187,2026-10-18
LULU-ORD-1656,LULU-KOCHI-01,Bread Loaf,Bakery,Modern,475,32,LOW,158,2026-10-17
LULU-ORD-1657,LULU-KOCHI-01,Milma Curd 500g,Dairy,Milma,105,30,LOW,26,2026-10-15
LULU-ORD-1658,LULU-KOCHI-02,Atta 10kg,Grocery,Aashirvaad,417,14,MEDIUM,64,2026-09-29
LULU-ORD-1659,LULU-KOCHI-01,Lulu Gold Coin,Jewellery,Lulu Gold,284,21,LOW,96,2026-10-06
LULU-ORD-1660,LULU-KOCHI-02,Atta 10kg,Grocery,Aashirvaad,143,37,LOW,97,2026-10-22
LULU-ORD-1661,LULU-KOCHI-02,Milma Curd 500g,Dairy,Milma,57,7,MEDIUM,14,2026-09-22
LULU-ORD-1662,LULU-KOCHI-02,Chicken 1kg,Meat,Suguna,171,29,LOW,10,2026-10-14
LULU-ORD-1663,LULU-CLT-02,Dates 500g,Dry Fruits,Lulu Import,217,45,LOW,176,2026-10-30
LULU-ORD-1664,LULU-CLT-01,Paneer 200g,Dairy,Milma,172,18,LOW,177,2026-10-03
LULU-ORD-1665,LULU-KOCHI-01,Bread Loaf,Bakery,Modern,266,6,MEDIUM,180,2026-09-21
LULU-ORD-1666,LULU-KOCHI-01,Banana Chips 1kg,Snacks,Local Kerala,63,26,LOW,195,2026-10-11
LULU-ORD-1667,LULU-CLT-01,Basmati Rice 5kg,Grocery,India Gate,449,42,LOW,190,2026-10-27
LULU-ORD-1668,LULU-KOCHI-02,Chicken 1kg,Meat,Suguna,11,14,LOW,29,2026-09-29
LULU-ORD-1669,LULU-KOCHI-02,Banana Chips 1kg,Snacks,Local Kerala,241,34,LOW,12,2026-10-19
LULU-ORD-1670,LULU-KOCHI-02,Milma Curd 500g,Dairy,Milma,361,8,MEDIUM,187,2026-09-23
LULU-ORD-1671,LULU-CLT-02,Banana Chips 1kg,Snacks,Local Kerala,499,5,HIGH,108,2026-09-20
LULU-ORD-1672,LULU-KOCHI-01,Chicken 1kg,Meat,Suguna,114,7,MEDIUM,104,2026-09-22
LULU-ORD-1673,LULU-CLT-02,Paneer 200g,Dairy,Milma,150,25,LOW,174,2026-10-10
LULU-ORD-1674,LULU-TVM-01,Banana Chips 1kg,Snacks,Local Kerala,80,34,LOW,12,2026-10-19
LULU-ORD-1675,LULU-KOCHI-01,Mango 1kg,Fruits,Local Farm,178,29,LOW,194,2026-10-14
LULU-ORD-1676,LULU-TVM-01,Basmati Rice 5kg,Grocery,India Gate,165,27,LOW,185,2026-10-12
LULU-ORD-1677,LULU-CLT-01,Lulu Gold Coin,Jewellery,Lulu Gold,232,6,MEDIUM,45,2026-09-21
LULU-ORD-1678,LULU-KOCHI-02,Chicken 1kg,Meat,Suguna,403,23,LOW,90,2026-10-08
LULU-ORD-1679,LULU-CLT-01,Banana Chips 1kg,Snacks,Local Kerala,263,18,LOW,73,2026-10-03
LULU-ORD-1680,LULU-CLT-01,Atta 10kg,Grocery,Aashirvaad,301,45,LOW,178,2026-10-30
LULU-ORD-1681,LULU-TVM-01,Paneer 200g,Dairy,Milma,220,34,LOW,140,2026-10-19
LULU-ORD-1682,LULU-CLT-01,Basmati Rice 5kg,Grocery,India Gate,411,19,LOW,71,2026-10-04
LULU-ORD-1683,LULU-CLT-02,Lulu Gold Coin,Jewellery,Lulu Gold,405,8,MEDIUM,137,2026-09-23
LULU-ORD-1684,LULU-CLT-01,Mango 1kg,Fruits,Local Farm,82,34,LOW,102,2026-10-19
LULU-ORD-1685,LULU-TVM-01,Bread Loaf,Bakery,Modern,145,25,LOW,117,2026-10-10
LULU-ORD-1686,LULU-CLT-02,Bread Loaf,Bakery,Modern,569,44,LOW,130,2026-10-29
LULU-ORD-1687,LULU-CLT-01,Chicken 1kg,Meat,Suguna,27,38,LOW,13,2026-10-23
LULU-ORD-1688,LULU-CLT-01,Paneer 200g,Dairy,Milma,230,3,HIGH,111,2026-09-18
LULU-ORD-1689,LULU-TVM-01,Atta 10kg,Grocery,Aashirvaad,303,41,LOW,116,2026-10-26
LULU-ORD-1690,LULU-TVM-01,Dates 500g,Dry Fruits,Lulu Import,421,6,MEDIUM,147,2026-09-21
LULU-ORD-1691,LULU-CLT-01,Mango 1kg,Fruits,Local Farm,166,18,LOW,89,2026-10-03
LULU-ORD-1692,LULU-CLT-02,Chicken 1kg,Meat,Suguna,533,14,MEDIUM,147,2026-09-29
LULU-ORD-1693,LULU-CLT-01,Bread Loaf,Bakery,Modern,410,38,LOW,89,2026-10-23
LULU-ORD-1694,LULU-CLT-02,Dates 500g,Dry Fruits,Lulu Import,254,4,HIGH,32,2026-09-19
LULU-ORD-1695,LULU-TVM-01,Dates 500g,Dry Fruits,Lulu Import,128,30,LOW,165,2026-10-15
LULU-ORD-1696,LULU-CLT-02,Milma Curd 500g,Dairy,Milma,326,43,LOW,40,2026-10-28
LULU-ORD-1697,LULU-CLT-01,Milma Curd 500g,Dairy,Milma,150,45,LOW,51,2026-10-30
LULU-ORD-1698,LULU-TVM-01,Lulu Gold Coin,Jewellery,Lulu Gold,365,34,LOW,194,2026-10-19
LULU-ORD-1699,LULU-CLT-02,Paneer 200g,Dairy,Milma,180,24,LOW,78,2026-10-09
LULU-ORD-1700,LULU-KOCHI-02,Chicken 1kg,Meat,Suguna,40,22,LOW,79,2026-10-07
LULU-ORD-1701,LULU-TVM-01,Atta 10kg,Grocery,Aashirvaad,75,17,LOW,170,2026-10-02
LULU-ORD-1702,LULU-TVM-01,Chicken 1kg,Meat,Suguna,518,30,LOW,102,2026-10-15
LULU-ORD-1703,LULU-CLT-02,Milma Curd 500g,Dairy,Milma,521,37,LOW,104,2026-10-22
LULU-ORD-1704,LULU-TVM-01,Banana Chips 1kg,Snacks,Local Kerala,271,7,MEDIUM,182,2026-09-22
LULU-ORD-1705,LULU-CLT-01,Chicken 1kg,Meat,Suguna,243,33,LOW,21,2026-10-18
LULU-ORD-1706,LULU-KOCHI-02,Milma Curd 500g,Dairy,Milma,260,3,HIGH,103,2026-09-18
LULU-ORD-1707,LULU-CLT-01,Dates 500g,Dry Fruits,Lulu Import,163,12,MEDIUM,151,2026-09-27
LULU-ORD-1708,LULU-CLT-02,Dates 500g,Dry Fruits,Lulu Import,239,21,LOW,116,2026-10-06
LULU-ORD-1709,LULU-TVM-01,Bread Loaf,Bakery,Modern,287,5,HIGH,105,2026-09-20
LULU-ORD-1710,LULU-CLT-01,Chicken 1kg,Meat,Suguna,524,44,LOW,55,2026-10-29
LULU-ORD-1711,LULU-KOCHI-02,Basmati Rice 5kg,Grocery,India Gate,538,3,HIGH,27,2026-09-18
LULU-ORD-1712,LULU-KOCHI-01,Lulu Gold Coin,Jewellery,Lulu Gold,299,20,LOW,32,2026-10-05
LULU-ORD-1713,LULU-KOCHI-01,Atta 10kg,Grocery,Aashirvaad,477,1,HIGH,61,2026-09-16
LULU-ORD-1714,LULU-TVM-01,Paneer 200g,Dairy,Milma,587,20,LOW,72,2026-10-05
LULU-ORD-1715,LULU-KOCHI-02,Lulu Gold Coin,Jewellery,Lulu Gold,387,38,LOW,60,2026-10-23
LULU-ORD-1716,LULU-CLT-01,Atta 10kg,Grocery,Aashirvaad,261,10,MEDIUM,114,2026-09-25
LULU-ORD-1717,LULU-KOCHI-01,Milma Curd 500g,Dairy,Milma,248,35,LOW,172,2026-10-20
LULU-ORD-1718,LULU-KOCHI-02,Milma Curd 500g,Dairy,Milma,353,1,HIGH,198,2026-09-16
LULU-ORD-1719,LULU-TVM-01,Paneer 200g,Dairy,Milma,116,14,MEDIUM,70,2026-09-29
LULU-ORD-1720,LULU-CLT-02,Dates 500g,Dry Fruits,Lulu Import,513,4,HIGH,192,2026-09-19
LULU-ORD-1721,LULU-CLT-02,Paneer 200g,Dairy,Milma,105,3,HIGH,143,2026-09-18
LULU-ORD-1722,LULU-CLT-01,Dates 500g,Dry Fruits,Lulu Import,391,30,LOW,158,2026-10-15
LULU-ORD-1723,LULU-KOCHI-02,Chicken 1kg,Meat,Suguna,527,9,MEDIUM,29,2026-09-24
LULU-ORD-1724,LULU-KOCHI-02,Mango 1kg,Fruits,Local Farm,591,4,HIGH,179,2026-09-19
LULU-ORD-1725,LULU-KOCHI-01,Banana Chips 1kg,Snacks,Local Kerala,252,19,LOW,90,2026-10-04
LULU-ORD-1726,LULU-KOCHI-02,Dates 500g,Dry Fruits,Lulu Import,344,21,LOW,79,2026-10-06
LULU-ORD-1727,LULU-CLT-02,Basmati Rice 5kg,Grocery,India Gate,86,13,MEDIUM,159,2026-09-28
LULU-ORD-1728,LULU-CLT-02,Chicken 1kg,Meat,Suguna,169,7,MEDIUM,125,2026-09-22
LULU-ORD-1729,LULU-CLT-01,Lulu Gold Coin,Jewellery,Lulu Gold,331,27,LOW,147,2026-10-12
LULU-ORD-1730,LULU-KOCHI-01,Bread Loaf,Bakery,Modern,222,29,LOW,128,2026-10-14
LULU-ORD-1731,LULU-CLT-02,Paneer 200g,Dairy,Milma,132,6,MEDIUM,185,2026-09-21
LULU-ORD-1732,LULU-KOCHI-01,Paneer 200g,Dairy,Milma,51,14,MEDIUM,47,2026-09-29
LULU-ORD-1733,LULU-KOCHI-02,Chicken 1kg,Meat,Suguna,264,23,LOW,141,2026-10-08
LULU-ORD-1734,LULU-CLT-02,Milma Curd 500g,Dairy,Milma,316,17,LOW,17,2026-10-02
LULU-ORD-1735,LULU-TVM-01,Dates 500g,Dry Fruits,Lulu Import,473,36,LOW,73,2026-10-21
LULU-ORD-1736,LULU-CLT-02,Chicken 1kg,Meat,Suguna,483,7,MEDIUM,41,2026-09-22
LULU-ORD-1737,LULU-CLT-02,Milma Curd 500g,Dairy,Milma,73,15,MEDIUM,60,2026-09-30
LULU-ORD-1738,LULU-CLT-01,Dates 500g,Dry Fruits,Lulu Import,391,44,LOW,159,2026-10-29
LULU-ORD-1739,LULU-CLT-01,Mango 1kg,Fruits,Local Farm,275,5,HIGH,26,2026-09-20
LULU-ORD-1740,LULU-CLT-01,Basmati Rice 5kg,Grocery,India Gate,464,9,MEDIUM,94,2026-09-24
LULU-ORD-1741,LULU-CLT-01,Chicken 1kg,Meat,Suguna,53,30,LOW,53,2026-10-15
LULU-ORD-1742,LULU-KOCHI-02,Mango 1kg,Fruits,Local Farm,453,26,LOW,17,2026-10-11
LULU-ORD-1743,LULU-KOCHI-01,Dates 500g,Dry Fruits,Lulu Import,446,12,MEDIUM,64,2026-09-27
LULU-ORD-1744,LULU-KOCHI-02,Banana Chips 1kg,Snacks,Local Kerala,291,18,LOW,48,2026-10-03
LULU-ORD-1745,LULU-KOCHI-01,Milma Curd 500g,Dairy,Milma,261,42,LOW,137,2026-10-27
LULU-ORD-1746,LULU-CLT-01,Dates 500g,Dry Fruits,Lulu Import,573,31,LOW,32,2026-10-16
LULU-ORD-1747,LULU-KOCHI-02,Paneer 200g,Dairy,Milma,402,9,MEDIUM,61,2026-09-24
LULU-ORD-1748,LULU-TVM-01,Atta 10kg,Grocery,Aashirvaad,265,41,LOW,14,2026-10-26
LULU-ORD-1749,LULU-TVM-01,Dates 500g,Dry Fruits,Lulu Import,377,31,LOW,134,2026-10-16
LULU-ORD-1750,LULU-KOCHI-01,Bread Loaf,Bakery,Modern,589,33,LOW,109,2026-10-18
LULU-ORD-1751,LULU-KOCHI-01,Paneer 200g,Dairy,Milma,194,2,HIGH,162,2026-09-17
LULU-ORD-1752,LULU-CLT-01,Basmati Rice 5kg,Grocery,India Gate,40,18,LOW,130,2026-10-03
LULU-ORD-1753,LULU-CLT-02,Atta 10kg,Grocery,Aashirvaad,376,38,LOW,50,2026-10-23
LULU-ORD-1754,LULU-CLT-02,Chicken 1kg,Meat,Suguna,263,43,LOW,78,2026-10-28
LULU-ORD-1755,LULU-TVM-01,Atta 10kg,Grocery,Aashirvaad,67,15,MEDIUM,109,2026-09-30
LULU-ORD-1756,LULU-CLT-02,Bread Loaf,Bakery,Modern,187,12,MEDIUM,161,2026-09-27
LULU-ORD-1757,LULU-CLT-01,Bread Loaf,Bakery,Modern,377,38,LOW,190,2026-10-23
LULU-ORD-1758,LULU-CLT-02,Bread Loaf,Bakery,Modern,591,37,LOW,154,2026-10-22
LULU-ORD-1759,LULU-KOCHI-01,Basmati Rice 5kg,Grocery,India Gate,514,35,LOW,54,2026-10-20
LULU-ORD-1760,LULU-CLT-01,Lulu Gold Coin,Jewellery,Lulu Gold,48,6,LOW,69,2026-09-21
LULU-ORD-1761,LULU-TVM-01,Mango 1kg,Fruits,Local Farm,234,2,HIGH,132,2026-09-17
LULU-ORD-1762,LULU-CLT-02,Milma Curd 500g,Dairy,Milma,349,40,LOW,43,2026-10-25
LULU-ORD-1763,LULU-CLT-01,Bread Loaf,Bakery,Modern,191,21,LOW,15,2026-10-06
LULU-ORD-1764,LULU-TVM-01,Banana Chips 1kg,Snacks,Local Kerala,155,8,MEDIUM,103,2026-09-23
LULU-ORD-1765,LULU-KOCHI-02,Chicken 1kg,Meat,Suguna,392,43,LOW,160,2026-10-28
LULU-ORD-1766,LULU-KOCHI-01,Chicken 1kg,Meat,Suguna,354,20,LOW,44,2026-10-05
LULU-ORD-1767,LULU-KOCHI-02,Banana Chips 1kg,Snacks,Local Kerala,457,41,LOW,176,2026-10-26
LULU-ORD-1768,LULU-TVM-01,Bread Loaf,Bakery,Modern,188,36,LOW,101,2026-10-21
LULU-ORD-1769,LULU-KOCHI-01,Basmati Rice 5kg,Grocery,India Gate,189,25,LOW,197,2026-10-10
LULU-ORD-1770,LULU-CLT-01,Paneer 200g,Dairy,Milma,140,12,MEDIUM,189,2026-09-27
LULU-ORD-1771,LULU-CLT-01,Mango 1kg,Fruits,Local Farm,410,37,LOW,56,2026-10-22
LULU-ORD-1772,LULU-CLT-02,Mango 1kg,Fruits,Local Farm,335,40,LOW,173,2026-10-25
LULU-ORD-1773,LULU-CLT-02,Mango 1kg,Fruits,Local Farm,116,32,LOW,94,2026-10-17
LULU-ORD-1774,LULU-KOCHI-01,Chicken 1kg,Meat,Suguna,253,23,LOW,52,2026-10-08
LULU-ORD-1775,LULU-CLT-01,Chicken 1kg,Meat,Suguna,353,29,LOW,77,2026-10-14
LULU-ORD-1776,LULU-CLT-01,Basmati Rice 5kg,Grocery,India Gate,265,45,LOW,99,2026-10-30
LULU-ORD-1777,LULU-CLT-01,Paneer 200g,Dairy,Milma,120,1,HIGH,108,2026-09-16
LULU-ORD-1778,LULU-KOCHI-02,Lulu Gold Coin,Jewellery,Lulu Gold,439,11,MEDIUM,136,2026-09-26
LULU-ORD-1779,LULU-KOCHI-02,Dates 500g,Dry Fruits,Lulu Import,369,35,LOW,35,2026-10-20
LULU-ORD-1780,LULU-KOCHI-02,Lulu Gold Coin,Jewellery,Lulu Gold,240,11,MEDIUM,28,2026-09-26
LULU-ORD-1781,LULU-KOCHI-01,Milma Curd 500g,Dairy,Milma,311,2,HIGH,76,2026-09-17
LULU-ORD-1782,LULU-CLT-02,Chicken 1kg,Meat,Suguna,85,22,LOW,106,2026-10-07
LULU-ORD-1783,LULU-CLT-01,Banana Chips 1kg,Snacks,Local Kerala,86,36,LOW,96,2026-10-21
LULU-ORD-1784,LULU-KOCHI-02,Mango 1kg,Fruits,Local Farm,504,2,HIGH,177,2026-09-17
LULU-ORD-1785,LULU-CLT-01,Banana Chips 1kg,Snacks,Local Kerala,454,11,MEDIUM,35,2026-09-26
LULU-ORD-1786,LULU-KOCHI-02,Bread Loaf,Bakery,Modern,220,13,MEDIUM,188,2026-09-28
LULU-ORD-1787,LULU-KOCHI-01,Atta 10kg,Grocery,Aashirvaad,563,17,LOW,86,2026-10-02
LULU-ORD-1788,LULU-KOCHI-02,Basmati Rice 5kg,Grocery,India Gate,108,4,HIGH,156,2026-09-19
LULU-ORD-1789,LULU-CLT-01,Atta 10kg,Grocery,Aashirvaad,512,10,MEDIUM,102,2026-09-25
LULU-ORD-1790,LULU-KOCHI-01,Milma Curd 500g,Dairy,Milma,447,6,MEDIUM,179,2026-09-21
LULU-ORD-1791,LULU-CLT-01,Mango 1kg,Fruits,Local Farm,501,13,MEDIUM,16,2026-09-28
LULU-ORD-1792,LULU-KOCHI-01,Basmati Rice 5kg,Grocery,India Gate,184,41,LOW,30,2026-10-26
LULU-ORD-1793,LULU-KOCHI-02,Lulu Gold Coin,Jewellery,Lulu Gold,128,20,LOW,130,2026-10-05
LULU-ORD-1794,LULU-TVM-01,Lulu Gold Coin,Jewellery,Lulu Gold,281,6,MEDIUM,109,2026-09-21
LULU-ORD-1795,LULU-KOCHI-01,Banana Chips 1kg,Snacks,Local Kerala,389,25,LOW,57,2026-10-10
LULU-ORD-1796,LULU-KOCHI-02,Lulu Gold Coin,Jewellery,Lulu Gold,55,17,LOW,129,2026-10-02
LULU-ORD-1797,LULU-TVM-01,Paneer 200g,Dairy,Milma,241,18,LOW,25,2026-10-03
LULU-ORD-1798,LULU-KOCHI-01,Banana Chips 1kg,Snacks,Local Kerala,109,6,MEDIUM,148,2026-09-21
LULU-ORD-1799,LULU-CLT-01,Dates 500g,Dry Fruits,Lulu Import,242,36,LOW,109,2026-10-21
LULU-ORD-1800,LULU-KOCHI-02,Atta 10kg,Grocery,Aashirvaad,438,35,LOW,156,2026-10-20
LULU-ORD-1801,LULU-CLT-01,Basmati Rice 5kg,Grocery,India Gate,497,20,LOW,111,2026-10-05
LULU-ORD-1802,LULU-TVM-01,Milma Curd 500g,Dairy,Milma,524,37,LOW,156,2026-10-22
LULU-ORD-1803,LULU-KOCHI-02,Mango 1kg,Fruits,Local Farm,160,8,MEDIUM,54,2026-09-23
LULU-ORD-1804,LULU-CLT-02,Banana Chips 1kg,Snacks,Local Kerala,226,13,MEDIUM,20,2026-09-28
LULU-ORD-1805,LULU-KOCHI-02,Dates 500g,Dry Fruits,Lulu Import,90,44,LOW,61,2026-10-29
LULU-ORD-1806,LULU-CLT-01,Banana Chips 1kg,Snacks,Local Kerala,274,21,LOW,32,2026-10-06
LULU-ORD-1807,LULU-TVM-01,Dates 500g,Dry Fruits,Lulu Import,579,26,LOW,93,2026-10-11
LULU-ORD-1808,LULU-CLT-01,Paneer 200g,Dairy,Milma,542,30,LOW,189,2026-10-15
LULU-ORD-1809,LULU-CLT-01,Mango 1kg,Fruits,Local Farm,545,27,LOW,116,2026-10-12
LULU-ORD-1810,LULU-TVM-01,Banana Chips 1kg,Snacks,Local Kerala,161,37,LOW,159,2026-10-22
LULU-ORD-1811,LULU-CLT-01,Chicken 1kg,Meat,Suguna,118,37,LOW,83,2026-10-22
LULU-ORD-1812,LULU-KOCHI-01,Atta 10kg,Grocery,Aashirvaad,362,27,LOW,108,2026-10-12
LULU-ORD-1813,LULU-KOCHI-02,Lulu Gold Coin,Jewellery,Lulu Gold,595,39,LOW,19,2026-10-24
LULU-ORD-1814,LULU-CLT-02,Banana Chips 1kg,Snacks,Local Kerala,292,26,LOW,168,2026-10-11
LULU-ORD-1815,LULU-KOCHI-02,Mango 1kg,Fruits,Local Farm,421,3,HIGH,94,2026-09-18
LULU-ORD-1816,LULU-KOCHI-01,Basmati Rice 5kg,Grocery,India Gate,60,31,LOW,105,2026-10-16
LULU-ORD-1817,LULU-KOCHI-01,Milma Curd 500g,Dairy,Milma,355,20,LOW,81,2026-10-05
LULU-ORD-1818,LULU-CLT-02,Lulu Gold Coin,Jewellery,Lulu Gold,110,15,MEDIUM,86,2026-09-30
LULU-ORD-1819,LULU-KOCHI-02,Lulu Gold Coin,Jewellery,Lulu Gold,338,18,LOW,164,2026-10-03
LULU-ORD-1820,LULU-CLT-02,Chicken 1kg,Meat,Suguna,202,29,LOW,114,2026-10-14
LULU-ORD-1821,LULU-CLT-01,Lulu Gold Coin,Jewellery,Lulu Gold,538,24,LOW,141,2026-10-09
LULU-ORD-1822,LULU-TVM-01,Banana Chips 1kg,Snacks,Local Kerala,77,20,LOW,113,2026-10-05
LULU-ORD-1823,LULU-CLT-01,Banana Chips 1kg,Snacks,Local Kerala,546,37,LOW,54,2026-10-22
LULU-ORD-1824,LULU-CLT-02,Basmati Rice 5kg,Grocery,India Gate,215,4,HIGH,18,2026-09-19
LULU-ORD-1825,LULU-CLT-02,Lulu Gold Coin,Jewellery,Lulu Gold,61,24,LOW,80,2026-10-09
LULU-ORD-1826,LULU-KOCHI-02,Bread Loaf,Bakery,Modern,485,33,LOW,172,2026-10-18
LULU-ORD-1827,LULU-KOCHI-01,Chicken 1kg,Meat,Suguna,41,16,LOW,135,2026-10-01
LULU-ORD-1828,LULU-KOCHI-02,Mango 1kg,Fruits,Local Farm,466,12,MEDIUM,160,2026-09-27
LULU-ORD-1829,LULU-CLT-02,Atta 10kg,Grocery,Aashirvaad,368,23,LOW,76,2026-10-08
LULU-ORD-1830,LULU-KOCHI-02,Chicken 1kg,Meat,Suguna,301,2,HIGH,22,2026-09-17
LULU-ORD-1831,LULU-CLT-02,Banana Chips 1kg,Snacks,Local Kerala,595,14,MEDIUM,175,2026-09-29
LULU-ORD-1832,LULU-KOCHI-02,Basmati Rice 5kg,Grocery,India Gate,221,18,LOW,141,2026-10-03
LULU-ORD-1833,LULU-CLT-02,Milma Curd 500g,Dairy,Milma,19,31,LOW,175,2026-10-16
LULU-ORD-1834,LULU-KOCHI-01,Banana Chips 1kg,Snacks,Local Kerala,18,15,LOW,165,2026-09-30
LULU-ORD-1835,LULU-KOCHI-02,Paneer 200g,Dairy,Milma,291,28,LOW,99,2026-10-13
LULU-ORD-1836,LULU-KOCHI-02,Lulu Gold Coin,Jewellery,Lulu Gold,268,14,MEDIUM,87,2026-09-29
LULU-ORD-1837,LULU-CLT-01,Atta 10kg,Grocery,Aashirvaad,416,38,LOW,11,2026-10-23
LULU-ORD-1838,LULU-TVM-01,Atta 10kg,Grocery,Aashirvaad,393,36,LOW,165,2026-10-21
LULU-ORD-1839,LULU-CLT-01,Paneer 200g,Dairy,Milma,315,44,LOW,133,2026-10-29
LULU-ORD-1840,LULU-KOCHI-01,Chicken 1kg,Meat,Suguna,354,18,LOW,80,2026-10-03
LULU-ORD-1841,LULU-CLT-02,Paneer 200g,Dairy,Milma,315,13,MEDIUM,142,2026-09-28
LULU-ORD-1842,LULU-KOCHI-02,Basmati Rice 5kg,Grocery,India Gate,68,39,LOW,179,2026-10-24
LULU-ORD-1843,LULU-KOCHI-02,Bread Loaf,Bakery,Modern,153,2,HIGH,85,2026-09-17
LULU-ORD-1844,LULU-KOCHI-02,Paneer 200g,Dairy,Milma,438,26,LOW,198,2026-10-11
LULU-ORD-1845,LULU-KOCHI-01,Milma Curd 500g,Dairy,Milma,595,13,MEDIUM,195,2026-09-28
LULU-ORD-1846,LULU-KOCHI-02,Basmati Rice 5kg,Grocery,India Gate,557,41,LOW,181,2026-10-26
LULU-ORD-1847,LULU-CLT-02,Bread Loaf,Bakery,Modern,529,20,LOW,178,2026-10-05
LULU-ORD-1848,LULU-CLT-01,Atta 10kg,Grocery,Aashirvaad,195,19,LOW,130,2026-10-04
LULU-ORD-1849,LULU-CLT-02,Banana Chips 1kg,Snacks,Local Kerala,274,36,LOW,184,2026-10-21
LULU-ORD-1850,LULU-KOCHI-01,Bread Loaf,Bakery,Modern,101,15,MEDIUM,67,2026-09-30
LULU-ORD-1851,LULU-KOCHI-01,Paneer 200g,Dairy,Milma,440,22,LOW,76,2026-10-07
LULU-ORD-1852,LULU-CLT-01,Mango 1kg,Fruits,Local Farm,311,30,LOW,130,2026-10-15
LULU-ORD-1853,LULU-CLT-02,Milma Curd 500g,Dairy,Milma,82,31,LOW,138,2026-10-16
LULU-ORD-1854,LULU-KOCHI-01,Chicken 1kg,Meat,Suguna,400,34,LOW,115,2026-10-19
LULU-ORD-1855,LULU-CLT-02,Milma Curd 500g,Dairy,Milma,164,9,MEDIUM,97,2026-09-24
LULU-ORD-1856,LULU-CLT-02,Dates 500g,Dry Fruits,Lulu Import,593,30,LOW,90,2026-10-15
LULU-ORD-1857,LULU-KOCHI-01,Banana Chips 1kg,Snacks,Local Kerala,92,32,LOW,171,2026-10-17
LULU-ORD-1858,LULU-CLT-01,Banana Chips 1kg,Snacks,Local Kerala,330,41,LOW,11,2026-10-26
LULU-ORD-1859,LULU-CLT-02,Lulu Gold Coin,Jewellery,Lulu Gold,290,14,MEDIUM,157,2026-09-29
LULU-ORD-1860,LULU-CLT-02,Banana Chips 1kg,Snacks,Local Kerala,511,6,MEDIUM,167,2026-09-21
LULU-ORD-1861,LULU-KOCHI-02,Dates 500g,Dry Fruits,Lulu Import,449,26,LOW,132,2026-10-11
LULU-ORD-1862,LULU-TVM-01,Dates 500g,Dry Fruits,Lulu Import,14,3,LOW,61,2026-09-18
LULU-ORD-1863,LULU-TVM-01,Bread Loaf,Bakery,Modern,24,21,LOW,58,2026-10-06
LULU-ORD-1864,LULU-CLT-02,Milma Curd 500g,Dairy,Milma,14,41,LOW,67,2026-10-26
LULU-ORD-1865,LULU-CLT-01,Bread Loaf,Bakery,Modern,329,9,MEDIUM,108,2026-09-24
LULU-ORD-1866,LULU-CLT-01,Atta 10kg,Grocery,Aashirvaad,323,11,MEDIUM,21,2026-09-26
LULU-ORD-1867,LULU-TVM-01,Paneer 200g,Dairy,Milma,307,30,LOW,162,2026-10-15
LULU-ORD-1868,LULU-CLT-02,Atta 10kg,Grocery,Aashirvaad,355,28,LOW,97,2026-10-13
LULU-ORD-1869,LULU-CLT-02,Lulu Gold Coin,Jewellery,Lulu Gold,377,13,MEDIUM,113,2026-09-28
LULU-ORD-1870,LULU-CLT-02,Milma Curd 500g,Dairy,Milma,243,15,MEDIUM,64,2026-09-30
LULU-ORD-1871,LULU-CLT-01,Milma Curd 500g,Dairy,Milma,526,11,MEDIUM,103,2026-09-26
LULU-ORD-1872,LULU-KOCHI-01,Milma Curd 500g,Dairy,Milma,394,41,LOW,146,2026-10-26
LULU-ORD-1873,LULU-CLT-01,Mango 1kg,Fruits,Local Farm,59,39,LOW,179,2026-10-24
LULU-ORD-1874,LULU-CLT-01,Chicken 1kg,Meat,Suguna,30,4,LOW,116,2026-09-19
LULU-ORD-1875,LULU-TVM-01,Lulu Gold Coin,Jewellery,Lulu Gold,399,8,MEDIUM,74,2026-09-23
LULU-ORD-1876,LULU-CLT-01,Lulu Gold Coin,Jewellery,Lulu Gold,166,14,MEDIUM,87,2026-09-29
LULU-ORD-1877,LULU-TVM-01,Dates 500g,Dry Fruits,Lulu Import,113,43,LOW,79,2026-10-28
LULU-ORD-1878,LULU-CLT-01,Mango 1kg,Fruits,Local Farm,150,27,LOW,140,2026-10-12
LULU-ORD-1879,LULU-CLT-01,Mango 1kg,Fruits,Local Farm,130,19,LOW,37,2026-10-04
LULU-ORD-1880,LULU-CLT-02,Lulu Gold Coin,Jewellery,Lulu Gold,213,39,LOW,77,2026-10-24
LULU-ORD-1881,LULU-KOCHI-02,Atta 10kg,Grocery,Aashirvaad,216,23,LOW,85,2026-10-08
LULU-ORD-1882,LULU-KOCHI-02,Banana Chips 1kg,Snacks,Local Kerala,50,36,LOW,63,2026-10-21
LULU-ORD-1883,LULU-CLT-01,Lulu Gold Coin,Jewellery,Lulu Gold,348,16,LOW,13,2026-10-01
LULU-ORD-1884,LULU-KOCHI-02,Chicken 1kg,Meat,Suguna,123,37,LOW,48,2026-10-22
LULU-ORD-1885,LULU-CLT-01,Chicken 1kg,Meat,Suguna,533,5,HIGH,75,2026-09-20
LULU-ORD-1886,LULU-KOCHI-01,Basmati Rice 5kg,Grocery,India Gate,477,19,LOW,128,2026-10-04
LULU-ORD-1887,LULU-CLT-01,Milma Curd 500g,Dairy,Milma,112,12,MEDIUM,84,2026-09-27
LULU-ORD-1888,LULU-CLT-01,Bread Loaf,Bakery,Modern,330,28,LOW,34,2026-10-13
LULU-ORD-1889,LULU-CLT-02,Milma Curd 500g,Dairy,Milma,19,9,LOW,94,2026-09-24
LULU-ORD-1890,LULU-KOCHI-01,Bread Loaf,Bakery,Modern,458,40,LOW,197,2026-10-25
LULU-ORD-1891,LULU-CLT-02,Chicken 1kg,Meat,Suguna,391,22,LOW,39,2026-10-07
LULU-ORD-1892,LULU-KOCHI-01,Dates 500g,Dry Fruits,Lulu Import,419,30,LOW,108,2026-10-15
LULU-ORD-1893,LULU-CLT-02,Lulu Gold Coin,Jewellery,Lulu Gold,441,42,LOW,38,2026-10-27
LULU-ORD-1894,LULU-CLT-01,Banana Chips 1kg,Snacks,Local Kerala,70,11,MEDIUM,116,2026-09-26
LULU-ORD-1895,LULU-KOCHI-02,Mango 1kg,Fruits,Local Farm,504,37,LOW,56,2026-10-22
LULU-ORD-1896,LULU-TVM-01,Mango 1kg,Fruits,Local Farm,398,23,LOW,17,2026-10-08
LULU-ORD-1897,LULU-CLT-01,Banana Chips 1kg,Snacks,Local Kerala,504,32,LOW,115,2026-10-17
LULU-ORD-1898,LULU-KOCHI-01,Lulu Gold Coin,Jewellery,Lulu Gold,57,5,MEDIUM,177,2026-09-20
LULU-ORD-1899,LULU-TVM-01,Bread Loaf,Bakery,Modern,22,44,LOW,200,2026-10-29
LULU-ORD-1900,LULU-KOCHI-01,Mango 1kg,Fruits,Local Farm,588,15,MEDIUM,142,2026-09-30
LULU-ORD-1901,LULU-CLT-02,Atta 10kg,Grocery,Aashirvaad,107,28,LOW,133,2026-10-13
LULU-ORD-1902,LULU-TVM-01,Bread Loaf,Bakery,Modern,404,10,MEDIUM,166,2026-09-25
LULU-ORD-1903,LULU-CLT-02,Milma Curd 500g,Dairy,Milma,21,42,LOW,139,2026-10-27
LULU-ORD-1904,LULU-CLT-01,Lulu Gold Coin,Jewellery,Lulu Gold,517,11,MEDIUM,135,2026-09-26
LULU-ORD-1905,LULU-KOCHI-01,Bread Loaf,Bakery,Modern,256,22,LOW,22,2026-10-07
LULU-ORD-1906,LULU-KOCHI-02,Atta 10kg,Grocery,Aashirvaad,238,36,LOW,113,2026-10-21
LULU-ORD-1907,LULU-KOCHI-02,Basmati Rice 5kg,Grocery,India Gate,90,30,LOW,156,2026-10-15
LULU-ORD-1908,LULU-KOCHI-02,Lulu Gold Coin,Jewellery,Lulu Gold,100,32,LOW,90,2026-10-17
LULU-ORD-1909,LULU-CLT-01,Chicken 1kg,Meat,Suguna,519,42,LOW,36,2026-10-27
LULU-ORD-1910,LULU-TVM-01,Dates 500g,Dry Fruits,Lulu Import,432,3,HIGH,150,2026-09-18
LULU-ORD-1911,LULU-TVM-01,Milma Curd 500g,Dairy,Milma,103,39,LOW,173,2026-10-24
LULU-ORD-1912,LULU-CLT-02,Paneer 200g,Dairy,Milma,530,36,LOW,177,2026-10-21
LULU-ORD-1913,LULU-CLT-01,Lulu Gold Coin,Jewellery,Lulu Gold,359,24,LOW,67,2026-10-09
LULU-ORD-1914,LULU-TVM-01,Lulu Gold Coin,Jewellery,Lulu Gold,349,36,LOW,163,2026-10-21
LULU-ORD-1915,LULU-CLT-01,Lulu Gold Coin,Jewellery,Lulu Gold,382,29,LOW,34,2026-10-14
LULU-ORD-1916,LULU-KOCHI-01,Basmati Rice 5kg,Grocery,India Gate,12,22,LOW,172,2026-10-07
LULU-ORD-1917,LULU-KOCHI-01,Paneer 200g,Dairy,Milma,570,34,LOW,189,2026-10-19
LULU-ORD-1918,LULU-KOCHI-02,Chicken 1kg,Meat,Suguna,56,11,MEDIUM,45,2026-09-26
LULU-ORD-1919,LULU-TVM-01,Dates 500g,Dry Fruits,Lulu Import,119,17,LOW,60,2026-10-02
LULU-ORD-1920,LULU-CLT-02,Basmati Rice 5kg,Grocery,India Gate,133,26,LOW,127,2026-10-11
LULU-ORD-1921,LULU-KOCHI-02,Basmati Rice 5kg,Grocery,India Gate,356,7,MEDIUM,21,2026-09-22
LULU-ORD-1922,LULU-KOCHI-02,Mango 1kg,Fruits,Local Farm,136,29,LOW,178,2026-10-14
LULU-ORD-1923,LULU-KOCHI-02,Mango 1kg,Fruits,Local Farm,526,9,MEDIUM,11,2026-09-24
LULU-ORD-1924,LULU-KOCHI-02,Atta 10kg,Grocery,Aashirvaad,59,36,LOW,159,2026-10-21
LULU-ORD-1925,LULU-TVM-01,Lulu Gold Coin,Jewellery,Lulu Gold,530,12,MEDIUM,54,2026-09-27
LULU-ORD-1926,LULU-TVM-01,Banana Chips 1kg,Snacks,Local Kerala,116,25,LOW,165,2026-10-10
LULU-ORD-1927,LULU-KOCHI-02,Bread Loaf,Bakery,Modern,526,25,LOW,165,2026-10-10
LULU-ORD-1928,LULU-KOCHI-01,Basmati Rice 5kg,Grocery,India Gate,290,26,LOW,85,2026-10-11
LULU-ORD-1929,LULU-KOCHI-02,Lulu Gold Coin,Jewellery,Lulu Gold,146,9,MEDIUM,164,2026-09-24
LULU-ORD-1930,LULU-TVM-01,Atta 10kg,Grocery,Aashirvaad,316,45,LOW,90,2026-10-30
LULU-ORD-1931,LULU-CLT-02,Atta 10kg,Grocery,Aashirvaad,232,13,MEDIUM,169,2026-09-28
LULU-ORD-1932,LULU-CLT-02,Paneer 200g,Dairy,Milma,363,44,LOW,191,2026-10-29
LULU-ORD-1933,LULU-KOCHI-01,Banana Chips 1kg,Snacks,Local Kerala,525,35,LOW,191,2026-10-20
LULU-ORD-1934,LULU-KOCHI-02,Chicken 1kg,Meat,Suguna,370,36,LOW,159,2026-10-21
LULU-ORD-1935,LULU-TVM-01,Mango 1kg,Fruits,Local Farm,437,44,LOW,83,2026-10-29
LULU-ORD-1936,LULU-CLT-01,Dates 500g,Dry Fruits,Lulu Import,23,34,LOW,16,2026-10-19
LULU-ORD-1937,LULU-CLT-01,Dates 500g,Dry Fruits,Lulu Import,158,4,HIGH,61,2026-09-19
LULU-ORD-1938,LULU-KOCHI-01,Paneer 200g,Dairy,Milma,174,19,LOW,47,2026-10-04
LULU-ORD-1939,LULU-TVM-01,Milma Curd 500g,Dairy,Milma,312,14,MEDIUM,18,2026-09-29
LULU-ORD-1940,LULU-TVM-01,Bread Loaf,Bakery,Modern,473,7,MEDIUM,182,2026-09-22
LULU-ORD-1941,LULU-TVM-01,Atta 10kg,Grocery,Aashirvaad,239,42,LOW,109,2026-10-27
LULU-ORD-1942,LULU-KOCHI-01,Basmati Rice 5kg,Grocery,India Gate,533,45,LOW,187,2026-10-30
LULU-ORD-1943,LULU-KOCHI-02,Milma Curd 500g,Dairy,Milma,400,25,LOW,185,2026-10-10
LULU-ORD-1944,LULU-CLT-01,Bread Loaf,Bakery,Modern,575,4,HIGH,200,2026-09-19
LULU-ORD-1945,LULU-KOCHI-02,Paneer 200g,Dairy,Milma,217,40,LOW,67,2026-10-25
LULU-ORD-1946,LULU-CLT-02,Bread Loaf,Bakery,Modern,569,39,LOW,195,2026-10-24
LULU-ORD-1947,LULU-CLT-02,Basmati Rice 5kg,Grocery,India Gate,311,29,LOW,184,2026-10-14
LULU-ORD-1948,LULU-TVM-01,Chicken 1kg,Meat,Suguna,201,12,MEDIUM,40,2026-09-27
LULU-ORD-1949,LULU-KOCHI-01,Dates 500g,Dry Fruits,Lulu Import,51,28,LOW,152,2026-10-13
LULU-ORD-1950,LULU-TVM-01,Paneer 200g,Dairy,Milma,143,11,MEDIUM,75,2026-09-26
LULU-ORD-1951,LULU-CLT-02,Milma Curd 500g,Dairy,Milma,348,30,LOW,20,2026-10-15
LULU-ORD-1952,LULU-CLT-01,Banana Chips 1kg,Snacks,Local Kerala,340,39,LOW,170,2026-10-24
LULU-ORD-1953,LULU-TVM-01,Mango 1kg,Fruits,Local Farm,318,32,LOW,150,2026-10-17
LULU-ORD-1954,LULU-TVM-01,Bread Loaf,Bakery,Modern,84,21,LOW,66,2026-10-06
LULU-ORD-1955,LULU-TVM-01,Banana Chips 1kg,Snacks,Local Kerala,543,5,HIGH,50,2026-09-20
LULU-ORD-1956,LULU-KOCHI-02,Dates 500g,Dry Fruits,Lulu Import,566,35,LOW,33,2026-10-20
LULU-ORD-1957,LULU-KOCHI-01,Bread Loaf,Bakery,Modern,236,14,MEDIUM,94,2026-09-29
LULU-ORD-1958,LULU-TVM-01,Bread Loaf,Bakery,Modern,310,14,MEDIUM,145,2026-09-29
LULU-ORD-1959,LULU-CLT-01,Lulu Gold Coin,Jewellery,Lulu Gold,584,42,LOW,39,2026-10-27
LULU-ORD-1960,LULU-TVM-01,Bread Loaf,Bakery,Modern,466,16,LOW,169,2026-10-01
LULU-ORD-1961,LULU-KOCHI-01,Basmati Rice 5kg,Grocery,India Gate,50,44,LOW,107,2026-10-29
LULU-ORD-1962,LULU-TVM-01,Chicken 1kg,Meat,Suguna,405,17,LOW,195,2026-10-02
LULU-ORD-1963,LULU-KOCHI-01,Paneer 200g,Dairy,Milma,35,34,LOW,141,2026-10-19
LULU-ORD-1964,LULU-CLT-01,Atta 10kg,Grocery,Aashirvaad,466,32,LOW,85,2026-10-17
LULU-ORD-1965,LULU-CLT-01,Basmati Rice 5kg,Grocery,India Gate,338,33,LOW,34,2026-10-18
LULU-ORD-1966,LULU-CLT-01,Banana Chips 1kg,Snacks,Local Kerala,560,35,LOW,170,2026-10-20
LULU-ORD-1967,LULU-CLT-02,Chicken 1kg,Meat,Suguna,225,43,LOW,185,2026-10-28
LULU-ORD-1968,LULU-TVM-01,Dates 500g,Dry Fruits,Lulu Import,116,14,MEDIUM,189,2026-09-29
LULU-ORD-1969,LULU-CLT-02,Dates 500g,Dry Fruits,Lulu Import,83,44,LOW,16,2026-10-29
LULU-ORD-1970,LULU-CLT-01,Lulu Gold Coin,Jewellery,Lulu Gold,349,3,HIGH,28,2026-09-18
LULU-ORD-1971,LULU-TVM-01,Milma Curd 500g,Dairy,Milma,192,17,LOW,28,2026-10-02
LULU-ORD-1972,LULU-KOCHI-02,Mango 1kg,Fruits,Local Farm,243,17,LOW,109,2026-10-02
LULU-ORD-1973,LULU-KOCHI-01,Lulu Gold Coin,Jewellery,Lulu Gold,424,28,LOW,14,2026-10-13
LULU-ORD-1974,LULU-CLT-01,Dates 500g,Dry Fruits,Lulu Import,131,35,LOW,174,2026-10-20
LULU-ORD-1975,LULU-CLT-01,Mango 1kg,Fruits,Local Farm,74,38,LOW,189,2026-10-23
LULU-ORD-1976,LULU-CLT-01,Chicken 1kg,Meat,Suguna,376,33,LOW,84,2026-10-18
LULU-ORD-1977,LULU-KOCHI-02,Paneer 200g,Dairy,Milma,98,19,LOW,107,2026-10-04
LULU-ORD-1978,LULU-CLT-02,Dates 500g,Dry Fruits,Lulu Import,41,31,LOW,146,2026-10-16
LULU-ORD-1979,LULU-TVM-01,Basmati Rice 5kg,Grocery,India Gate,149,26,LOW,85,2026-10-11
LULU-ORD-1980,LULU-KOCHI-01,Banana Chips 1kg,Snacks,Local Kerala,315,44,LOW,12,2026-10-29
LULU-ORD-1981,LULU-CLT-01,Atta 10kg,Grocery,Aashirvaad,578,10,MEDIUM,20,2026-09-25
LULU-ORD-1982,LULU-KOCHI-02,Milma Curd 500g,Dairy,Milma,596,39,LOW,147,2026-10-24
LULU-ORD-1983,LULU-CLT-02,Atta 10kg,Grocery,Aashirvaad,97,20,LOW,199,2026-10-05
LULU-ORD-1984,LULU-TVM-01,Bread Loaf,Bakery,Modern,226,27,LOW,46,2026-10-12
LULU-ORD-1985,LULU-TVM-01,Banana Chips 1kg,Snacks,Local Kerala,198,15,MEDIUM,74,2026-09-30
LULU-ORD-1986,LULU-TVM-01,Basmati Rice 5kg,Grocery,India Gate,127,12,MEDIUM,23,2026-09-27
LULU-ORD-1987,LULU-TVM-01,Atta 10kg,Grocery,Aashirvaad,482,42,LOW,28,2026-10-27
LULU-ORD-1988,LULU-CLT-01,Paneer 200g,Dairy,Milma,78,17,LOW,60,2026-10-02
LULU-ORD-1989,LULU-KOCHI-01,Mango 1kg,Fruits,Local Farm,508,22,LOW,42,2026-10-07
LULU-ORD-1990,LULU-TVM-01,Basmati Rice 5kg,Grocery,India Gate,112,19,LOW,27,2026-10-04
LULU-ORD-1991,LULU-KOCHI-02,Basmati Rice 5kg,Grocery,India Gate,335,32,LOW,94,2026-10-17
LULU-ORD-1992,LULU-TVM-01,Mango 1kg,Fruits,Local Farm,323,45,LOW,49,2026-10-30
LULU-ORD-1993,LULU-KOCHI-01,Mango 1kg,Fruits,Local Farm,590,24,LOW,119,2026-10-09
LULU-ORD-1994,LULU-CLT-02,Banana Chips 1kg,Snacks,Local Kerala,14,21,LOW,66,2026-10-06
LULU-ORD-1995,LULU-CLT-02,Dates 500g,Dry Fruits,Lulu Import,293,24,LOW,183,2026-10-09
LULU-ORD-1996,LULU-KOCHI-02,Bread Loaf,Bakery,Modern,501,30,LOW,101,2026-10-15
LULU-ORD-1997,LULU-CLT-01,Paneer 200g,Dairy,Milma,508,36,LOW,54,2026-10-21
LULU-ORD-1998,LULU-CLT-02,Mango 1kg,Fruits,Local Farm,93,18,LOW,147,2026-10-03
LULU-ORD-1999,LULU-CLT-01,Basmati Rice 5kg,Grocery,India Gate,279,41,LOW,196,2026-10-26
LULU-ORD-2000,LULU-CLT-01,Chicken 1kg,Meat,Suguna,29,33,LOW,158,2026-10-18
LULU-ORD-2001,LULU-CLT-02,Mango 1kg,Fruits,Local Farm,424,38,LOW,19,2026-10-23
LULU-ORD-2002,LULU-TVM-01,Atta 10kg,Grocery,Aashirvaad,276,35,LOW,130,2026-10-20
LULU-ORD-2003,LULU-CLT-02,Banana Chips 1kg,Snacks,Local Kerala,384,26,LOW,160,2026-10-11
LULU-ORD-2004,LULU-TVM-01,Paneer 200g,Dairy,Milma,147,30,LOW,140,2026-10-15
LULU-ORD-2005,LULU-TVM-01,Chicken 1kg,Meat,Suguna,416,24,LOW,12,2026-10-09
LULU-ORD-2006,LULU-CLT-02,Basmati Rice 5kg,Grocery,India Gate,179,33,LOW,124,2026-10-18
LULU-ORD-2007,LULU-TVM-01,Banana Chips 1kg,Snacks,Local Kerala,193,37,LOW,178,2026-10-22
LULU-ORD-2008,LULU-CLT-01,Banana Chips 1kg,Snacks,Local Kerala,505,23,LOW,66,2026-10-08
LULU-ORD-2009,LULU-KOCHI-01,Lulu Gold Coin,Jewellery,Lulu Gold,247,5,HIGH,104,2026-09-20
LULU-ORD-2010,LULU-CLT-02,Basmati Rice 5kg,Grocery,India Gate,53,43,LOW,142,2026-10-28
LULU-ORD-2011,LULU-KOCHI-02,Bread Loaf,Bakery,Modern,407,31,LOW,21,2026-10-16
LULU-ORD-2012,LULU-TVM-01,Milma Curd 500g,Dairy,Milma,341,7,MEDIUM,172,2026-09-22
LULU-ORD-2013,LULU-TVM-01,Paneer 200g,Dairy,Milma,279,38,LOW,155,2026-10-23
LULU-ORD-2014,LULU-KOCHI-02,Banana Chips 1kg,Snacks,Local Kerala,395,42,LOW,103,2026-10-27
LULU-ORD-2015,LULU-KOCHI-01,Mango 1kg,Fruits,Local Farm,89,34,LOW,106,2026-10-19
LULU-ORD-2016,LULU-KOCHI-01,Basmati Rice 5kg,Grocery,India Gate,538,26,LOW,98,2026-10-11
LULU-ORD-2017,LULU-CLT-01,Lulu Gold Coin,Jewellery,Lulu Gold,503,39,LOW,138,2026-10-24
LULU-ORD-2018,LULU-CLT-02,Banana Chips 1kg,Snacks,Local Kerala,460,11,MEDIUM,29,2026-09-26
LULU-ORD-2019,LULU-CLT-02,Atta 10kg,Grocery,Aashirvaad,297,14,MEDIUM,57,2026-09-29
LULU-ORD-2020,LULU-CLT-01,Banana Chips 1kg,Snacks,Local Kerala,380,39,LOW,179,2026-10-24
LULU-ORD-2021,LULU-CLT-01,Basmati Rice 5kg,Grocery,India Gate,434,22,LOW,133,2026-10-07
LULU-ORD-2022,LULU-TVM-01,Lulu Gold Coin,Jewellery,Lulu Gold,500,14,MEDIUM,51,2026-09-29
LULU-ORD-2023,LULU-CLT-01,Dates 500g,Dry Fruits,Lulu Import,32,16,LOW,42,2026-10-01
LULU-ORD-2024,LULU-TVM-01,Mango 1kg,Fruits,Local Farm,174,9,MEDIUM,20,2026-09-24
LULU-ORD-2025,LULU-CLT-02,Mango 1kg,Fruits,Local Farm,160,4,HIGH,76,2026-09-19
LULU-ORD-2026,LULU-TVM-01,Banana Chips 1kg,Snacks,Local Kerala,539,26,LOW,154,2026-10-11
LULU-ORD-2027,LULU-CLT-02,Milma Curd 500g,Dairy,Milma,300,6,MEDIUM,124,2026-09-21
LULU-ORD-2028,LULU-CLT-02,Mango 1kg,Fruits,Local Farm,492,31,LOW,66,2026-10-16
LULU-ORD-2029,LULU-CLT-02,Dates 500g,Dry Fruits,Lulu Import,156,38,LOW,169,2026-10-23
LULU-ORD-2030,LULU-KOCHI-01,Atta 10kg,Grocery,Aashirvaad,280,11,MEDIUM,126,2026-09-26
LULU-ORD-2031,LULU-KOCHI-02,Mango 1kg,Fruits,Local Farm,80,15,MEDIUM,108,2026-09-30
LULU-ORD-2032,LULU-CLT-02,Banana Chips 1kg,Snacks,Local Kerala,121,2,HIGH,143,2026-09-17
LULU-ORD-2033,LULU-TVM-01,Atta 10kg,Grocery,Aashirvaad,439,10,MEDIUM,34,2026-09-25
LULU-ORD-2034,LULU-TVM-01,Banana Chips 1kg,Snacks,Local Kerala,497,40,LOW,19,2026-10-25
LULU-ORD-2035,LULU-CLT-01,Atta 10kg,Grocery,Aashirvaad,525,8,MEDIUM,133,2026-09-23
LULU-ORD-2036,LULU-KOCHI-02,Banana Chips 1kg,Snacks,Local Kerala,562,1,HIGH,143,2026-09-16
LULU-ORD-2037,LULU-TVM-01,Dates 500g,Dry Fruits,Lulu Import,389,3,HIGH,119,2026-09-18
LULU-ORD-2038,LULU-KOCHI-01,Basmati Rice 5kg,Grocery,India Gate,503,25,LOW,160,2026-10-10
LULU-ORD-2039,LULU-CLT-02,Mango 1kg,Fruits,Local Farm,110,28,LOW,75,2026-10-13
LULU-ORD-2040,LULU-KOCHI-01,Lulu Gold Coin,Jewellery,Lulu Gold,248,6,MEDIUM,163,2026-09-21
LULU-ORD-2041,LULU-CLT-02,Atta 10kg,Grocery,Aashirvaad,428,17,LOW,11,2026-10-02
LULU-ORD-2042,LULU-TVM-01,Milma Curd 500g,Dairy,Milma,545,8,MEDIUM,11,2026-09-23
LULU-ORD-2043,LULU-KOCHI-01,Dates 500g,Dry Fruits,Lulu Import,220,45,LOW,114,2026-10-30
LULU-ORD-2044,LULU-KOCHI-02,Bread Loaf,Bakery,Modern,119,10,MEDIUM,176,2026-09-25
LULU-ORD-2045,LULU-TVM-01,Mango 1kg,Fruits,Local Farm,269,17,LOW,118,2026-10-02
LULU-ORD-2046,LULU-KOCHI-01,Mango 1kg,Fruits,Local Farm,384,40,LOW,184,2026-10-25
LULU-ORD-2047,LULU-TVM-01,Dates 500g,Dry Fruits,Lulu Import,218,27,LOW,152,2026-10-12
LULU-ORD-2048,LULU-TVM-01,Lulu Gold Coin,Jewellery,Lulu Gold,193,24,LOW,152,2026-10-09
LULU-ORD-2049,LULU-TVM-01,Lulu Gold Coin,Jewellery,Lulu Gold,269,20,LOW,98,2026-10-05
LULU-ORD-2050,LULU-CLT-01,Dates 500g,Dry Fruits,Lulu Import,151,43,LOW,68,2026-10-28
LULU-ORD-2051,LULU-CLT-02,Lulu Gold Coin,Jewellery,Lulu Gold,175,7,MEDIUM,140,2026-09-22
LULU-ORD-2052,LULU-TVM-01,Dates 500g,Dry Fruits,Lulu Import,356,36,LOW,188,2026-10-21
LULU-ORD-2053,LULU-CLT-01,Milma Curd 500g,Dairy,Milma,174,25,LOW,33,2026-10-10
LULU-ORD-2054,LULU-KOCHI-02,Banana Chips 1kg,Snacks,Local Kerala,492,39,LOW,32,2026-10-24
LULU-ORD-2055,LULU-KOCHI-01,Chicken 1kg,Meat,Suguna,279,15,MEDIUM,30,2026-09-30
LULU-ORD-2056,LULU-KOCHI-02,Mango 1kg,Fruits,Local Farm,48,25,LOW,167,2026-10-10
LULU-ORD-2057,LULU-CLT-01,Atta 10kg,Grocery,Aashirvaad,303,39,LOW,54,2026-10-24
LULU-ORD-2058,LULU-CLT-02,Lulu Gold Coin,Jewellery,Lulu Gold,459,1,HIGH,178,2026-09-16
LULU-ORD-2059,LULU-CLT-01,Atta 10kg,Grocery,Aashirvaad,302,13,MEDIUM,163,2026-09-28
LULU-ORD-2060,LULU-CLT-02,Atta 10kg,Grocery,Aashirvaad,538,45,LOW,167,2026-10-30
LULU-ORD-2061,LULU-CLT-02,Banana Chips 1kg,Snacks,Local Kerala,46,24,LOW,177,2026-10-09
LULU-ORD-2062,LULU-KOCHI-01,Milma Curd 500g,Dairy,Milma,171,6,MEDIUM,112,2026-09-21
LULU-ORD-2063,LULU-TVM-01,Bread Loaf,Bakery,Modern,414,26,LOW,61,2026-10-11
LULU-ORD-2064,LULU-CLT-01,Atta 10kg,Grocery,Aashirvaad,25,5,LOW,150,2026-09-20
LULU-ORD-2065,LULU-KOCHI-01,Paneer 200g,Dairy,Milma,582,38,LOW,98,2026-10-23
LULU-ORD-2066,LULU-CLT-02,Paneer 200g,Dairy,Milma,241,39,LOW,126,2026-10-24
LULU-ORD-2067,LULU-KOCHI-01,Dates 500g,Dry Fruits,Lulu Import,598,1,HIGH,54,2026-09-16
LULU-ORD-2068,LULU-TVM-01,Dates 500g,Dry Fruits,Lulu Import,528,7,MEDIUM,28,2026-09-22
LULU-ORD-2069,LULU-CLT-01,Atta 10kg,Grocery,Aashirvaad,311,22,LOW,141,2026-10-07
LULU-ORD-2070,LULU-KOCHI-01,Paneer 200g,Dairy,Milma,560,37,LOW,187,2026-10-22
LULU-ORD-2071,LULU-KOCHI-02,Lulu Gold Coin,Jewellery,Lulu Gold,396,37,LOW,72,2026-10-22
LULU-ORD-2072,LULU-KOCHI-02,Bread Loaf,Bakery,Modern,479,44,LOW,160,2026-10-29
LULU-ORD-2073,LULU-KOCHI-01,Milma Curd 500g,Dairy,Milma,503,8,MEDIUM,27,2026-09-23
LULU-ORD-2074,LULU-CLT-02,Dates 500g,Dry Fruits,Lulu Import,235,44,LOW,90,2026-10-29
LULU-ORD-2075,LULU-TVM-01,Dates 500g,Dry Fruits,Lulu Import,371,34,LOW,12,2026-10-19
LULU-ORD-2076,LULU-CLT-01,Paneer 200g,Dairy,Milma,264,19,LOW,112,2026-10-04
LULU-ORD-2077,LULU-CLT-02,Bread Loaf,Bakery,Modern,87,36,LOW,131,2026-10-21
LULU-ORD-2078,LULU-TVM-01,Bread Loaf,Bakery,Modern,372,14,MEDIUM,78,2026-09-29
LULU-ORD-2079,LULU-CLT-02,Banana Chips 1kg,Snacks,Local Kerala,204,32,LOW,70,2026-10-17
LULU-ORD-2080,LULU-CLT-02,Basmati Rice 5kg,Grocery,India Gate,281,14,MEDIUM,61,2026-09-29
LULU-ORD-2081,LULU-CLT-01,Basmati Rice 5kg,Grocery,India Gate,374,10,MEDIUM,40,2026-09-25
LULU-ORD-2082,LULU-CLT-01,Chicken 1kg,Meat,Suguna,514,40,LOW,148,2026-10-25
LULU-ORD-2083,LULU-TVM-01,Milma Curd 500g,Dairy,Milma,503,24,LOW,90,2026-10-09
LULU-ORD-2084,LULU-KOCHI-02,Lulu Gold Coin,Jewellery,Lulu Gold,598,18,LOW,56,2026-10-03
LULU-ORD-2085,LULU-CLT-02,Atta 10kg,Grocery,Aashirvaad,296,26,LOW,157,2026-10-11
LULU-ORD-2086,LULU-KOCHI-02,Banana Chips 1kg,Snacks,Local Kerala,65,34,LOW,132,2026-10-19
LULU-ORD-2087,LULU-KOCHI-01,Atta 10kg,Grocery,Aashirvaad,43,33,LOW,110,2026-10-18
LULU-ORD-2088,LULU-TVM-01,Banana Chips 1kg,Snacks,Local Kerala,478,8,MEDIUM,127,2026-09-23
LULU-ORD-2089,LULU-CLT-02,Bread Loaf,Bakery,Modern,18,1,LOW,107,2026-09-16
LULU-ORD-2090,LULU-KOCHI-01,Mango 1kg,Fruits,Local Farm,113,21,LOW,166,2026-10-06
LULU-ORD-2091,LULU-KOCHI-01,Paneer 200g,Dairy,Milma,201,36,LOW,70,2026-10-21
LULU-ORD-2092,LULU-KOCHI-01,Paneer 200g,Dairy,Milma,492,40,LOW,103,2026-10-25
LULU-ORD-2093,LULU-CLT-02,Banana Chips 1kg,Snacks,Local Kerala,520,28,LOW,117,2026-10-13
LULU-ORD-2094,LULU-KOCHI-01,Bread Loaf,Bakery,Modern,383,26,LOW,125,2026-10-11
LULU-ORD-2095,LULU-TVM-01,Banana Chips 1kg,Snacks,Local Kerala,595,9,MEDIUM,185,2026-09-24
LULU-ORD-2096,LULU-CLT-02,Basmati Rice 5kg,Grocery,India Gate,112,18,LOW,152,2026-10-03
LULU-ORD-2097,LULU-CLT-02,Dates 500g,Dry Fruits,Lulu Import,400,13,MEDIUM,199,2026-09-28
LULU-ORD-2098,LULU-CLT-02,Banana Chips 1kg,Snacks,Local Kerala,494,1,HIGH,117,2026-09-16
LULU-ORD-2099,LULU-TVM-01,Lulu Gold Coin,Jewellery,Lulu Gold,147,41,LOW,146,2026-10-26
LULU-ORD-2100,LULU-KOCHI-01,Bread Loaf,Bakery,Modern,508,20,LOW,153,2026-10-05
LULU-ORD-2101,LULU-CLT-01,Mango 1kg,Fruits,Local Farm,58,26,LOW,186,2026-10-11
LULU-ORD-2102,LULU-KOCHI-01,Banana Chips 1kg,Snacks,Local Kerala,71,14,MEDIUM,131,2026-09-29
LULU-ORD-2103,LULU-KOCHI-01,Chicken 1kg,Meat,Suguna,470,22,LOW,102,2026-10-07
LULU-ORD-2104,LULU-KOCHI-01,Bread Loaf,Bakery,Modern,583,36,LOW,98,2026-10-21
LULU-ORD-2105,LULU-KOCHI-01,Milma Curd 500g,Dairy,Milma,431,8,MEDIUM,183,2026-09-23
LULU-ORD-2106,LULU-TVM-01,Mango 1kg,Fruits,Local Farm,213,37,LOW,176,2026-10-22
LULU-ORD-2107,LULU-KOCHI-01,Atta 10kg,Grocery,Aashirvaad,188,19,LOW,93,2026-10-04
LULU-ORD-2108,LULU-CLT-01,Atta 10kg,Grocery,Aashirvaad,509,29,LOW,107,2026-10-14
LULU-ORD-2109,LULU-CLT-02,Mango 1kg,Fruits,Local Farm,303,30,LOW,52,2026-10-15
LULU-ORD-2110,LULU-TVM-01,Bread Loaf,Bakery,Modern,441,41,LOW,156,2026-10-26
LULU-ORD-2111,LULU-CLT-02,Dates 500g,Dry Fruits,Lulu Import,83,6,MEDIUM,97,2026-09-21
LULU-ORD-2112,LULU-KOCHI-01,Basmati Rice 5kg,Grocery,India Gate,331,21,LOW,191,2026-10-06
LULU-ORD-2113,LULU-KOCHI-02,Paneer 200g,Dairy,Milma,414,18,LOW,102,2026-10-03
LULU-ORD-2114,LULU-KOCHI-02,Mango 1kg,Fruits,Local Farm,543,29,LOW,52,2026-10-14
LULU-ORD-2115,LULU-CLT-02,Banana Chips 1kg,Snacks,Local Kerala,33,9,LOW,179,2026-09-24
LULU-ORD-2116,LULU-CLT-02,Paneer 200g,Dairy,Milma,91,14,MEDIUM,111,2026-09-29
LULU-ORD-2117,LULU-KOCHI-02,Chicken 1kg,Meat,Suguna,107,5,HIGH,150,2026-09-20
LULU-ORD-2118,LULU-TVM-01,Milma Curd 500g,Dairy,Milma,36,26,LOW,31,2026-10-11
LULU-ORD-2119,LULU-CLT-02,Chicken 1kg,Meat,Suguna,278,40,LOW,31,2026-10-25
LULU-ORD-2120,LULU-CLT-02,Dates 500g,Dry Fruits,Lulu Import,326,15,MEDIUM,198,2026-09-30
LULU-ORD-2121,LULU-CLT-02,Paneer 200g,Dairy,Milma,463,41,LOW,43,2026-10-26
LULU-ORD-2122,LULU-CLT-01,Atta 10kg,Grocery,Aashirvaad,184,2,HIGH,179,2026-09-17
LULU-ORD-2123,LULU-KOCHI-02,Bread Loaf,Bakery,Modern,343,31,LOW,148,2026-10-16
LULU-ORD-2124,LULU-CLT-02,Paneer 200g,Dairy,Milma,571,29,LOW,188,2026-10-14
LULU-ORD-2125,LULU-TVM-01,Atta 10kg,Grocery,Aashirvaad,191,38,LOW,126,2026-10-23
LULU-ORD-2126,LULU-TVM-01,Mango 1kg,Fruits,Local Farm,455,34,LOW,89,2026-10-19
LULU-ORD-2127,LULU-CLT-02,Bread Loaf,Bakery,Modern,503,35,LOW,32,2026-10-20
LULU-ORD-2128,LULU-KOCHI-02,Lulu Gold Coin,Jewellery,Lulu Gold,325,24,LOW,76,2026-10-09
LULU-ORD-2129,LULU-CLT-01,Banana Chips 1kg,Snacks,Local Kerala,320,1,HIGH,143,2026-09-16
LULU-ORD-2130,LULU-KOCHI-02,Banana Chips 1kg,Snacks,Local Kerala,362,19,LOW,146,2026-10-04
LULU-ORD-2131,LULU-KOCHI-01,Milma Curd 500g,Dairy,Milma,513,31,LOW,12,2026-10-16
LULU-ORD-2132,LULU-CLT-02,Dates 500g,Dry Fruits,Lulu Import,309,39,LOW,11,2026-10-24
LULU-ORD-2133,LULU-KOCHI-02,Atta 10kg,Grocery,Aashirvaad,392,13,MEDIUM,153,2026-09-28
LULU-ORD-2134,LULU-CLT-02,Dates 500g,Dry Fruits,Lulu Import,414,16,LOW,193,2026-10-01
LULU-ORD-2135,LULU-KOCHI-01,Dates 500g,Dry Fruits,Lulu Import,397,15,MEDIUM,30,2026-09-30
LULU-ORD-2136,LULU-TVM-01,Dates 500g,Dry Fruits,Lulu Import,255,34,LOW,187,2026-10-19
LULU-ORD-2137,LULU-TVM-01,Paneer 200g,Dairy,Milma,301,42,LOW,78,2026-10-27
LULU-ORD-2138,LULU-CLT-02,Dates 500g,Dry Fruits,Lulu Import,202,5,HIGH,44,2026-09-20
LULU-ORD-2139,LULU-KOCHI-02,Paneer 200g,Dairy,Milma,123,41,LOW,168,2026-10-26
LULU-ORD-2140,LULU-TVM-01,Lulu Gold Coin,Jewellery,Lulu Gold,288,45,LOW,135,2026-10-30
LULU-ORD-2141,LULU-CLT-02,Basmati Rice 5kg,Grocery,India Gate,338,2,HIGH,22,2026-09-17
LULU-ORD-2142,LULU-CLT-01,Atta 10kg,Grocery,Aashirvaad,32,12,LOW,82,2026-09-27
LULU-ORD-2143,LULU-CLT-01,Paneer 200g,Dairy,Milma,138,29,LOW,69,2026-10-14
LULU-ORD-2144,LULU-KOCHI-02,Chicken 1kg,Meat,Suguna,164,1,HIGH,65,2026-09-16
LULU-ORD-2145,LULU-KOCHI-02,Bread Loaf,Bakery,Modern,440,20,LOW,105,2026-10-05
LULU-ORD-2146,LULU-CLT-01,Lulu Gold Coin,Jewellery,Lulu Gold,42,22,LOW,47,2026-10-07
LULU-ORD-2147,LULU-CLT-01,Milma Curd 500g,Dairy,Milma,282,26,LOW,149,2026-10-11
LULU-ORD-2148,LULU-KOCHI-01,Lulu Gold Coin,Jewellery,Lulu Gold,195,13,MEDIUM,107,2026-09-28
LULU-ORD-2149,LULU-KOCHI-02,Milma Curd 500g,Dairy,Milma,134,16,LOW,123,2026-10-01
LULU-ORD-2150,LULU-KOCHI-02,Basmati Rice 5kg,Grocery,India Gate,44,13,LOW,198,2026-09-28
LULU-ORD-2151,LULU-CLT-02,Chicken 1kg,Meat,Suguna,543,43,LOW,131,2026-10-28
LULU-ORD-2152,LULU-CLT-02,Dates 500g,Dry Fruits,Lulu Import,329,21,LOW,171,2026-10-06
LULU-ORD-2153,LULU-CLT-01,Milma Curd 500g,Dairy,Milma,572,34,LOW,74,2026-10-19
LULU-ORD-2154,LULU-KOCHI-01,Lulu Gold Coin,Jewellery,Lulu Gold,315,13,MEDIUM,23,2026-09-28
LULU-ORD-2155,LULU-KOCHI-02,Basmati Rice 5kg,Grocery,India Gate,125,16,LOW,93,2026-10-01
LULU-ORD-2156,LULU-TVM-01,Milma Curd 500g,Dairy,Milma,181,18,LOW,40,2026-10-03
LULU-ORD-2157,LULU-CLT-01,Dates 500g,Dry Fruits,Lulu Import,258,1,HIGH,158,2026-09-16
LULU-ORD-2158,LULU-CLT-01,Lulu Gold Coin,Jewellery,Lulu Gold,168,24,LOW,73,2026-10-09
LULU-ORD-2159,LULU-TVM-01,Banana Chips 1kg,Snacks,Local Kerala,521,6,MEDIUM,96,2026-09-21
LULU-ORD-2160,LULU-CLT-02,Milma Curd 500g,Dairy,Milma,71,23,LOW,189,2026-10-08
LULU-ORD-2161,LULU-KOCHI-02,Atta 10kg,Grocery,Aashirvaad,119,9,MEDIUM,69,2026-09-24
LULU-ORD-2162,LULU-KOCHI-01,Bread Loaf,Bakery,Modern,581,42,LOW,122,2026-10-27
LULU-ORD-2163,LULU-KOCHI-02,Basmati Rice 5kg,Grocery,India Gate,31,45,LOW,101,2026-10-30
LULU-ORD-2164,LULU-KOCHI-02,Banana Chips 1kg,Snacks,Local Kerala,266,3,HIGH,190,2026-09-18
LULU-ORD-2165,LULU-TVM-01,Lulu Gold Coin,Jewellery,Lulu Gold,582,19,LOW,188,2026-10-04
LULU-ORD-2166,LULU-CLT-02,Lulu Gold Coin,Jewellery,Lulu Gold,204,37,LOW,149,2026-10-22
LULU-ORD-2167,LULU-KOCHI-01,Bread Loaf,Bakery,Modern,341,30,LOW,163,2026-10-15
LULU-ORD-2168,LULU-TVM-01,Atta 10kg,Grocery,Aashirvaad,174,5,HIGH,49,2026-09-20
LULU-ORD-2169,LULU-TVM-01,Lulu Gold Coin,Jewellery,Lulu Gold,312,17,LOW,103,2026-10-02
LULU-ORD-2170,LULU-TVM-01,Lulu Gold Coin,Jewellery,Lulu Gold,10,41,LOW,107,2026-10-26
LULU-ORD-2171,LULU-KOCHI-01,Banana Chips 1kg,Snacks,Local Kerala,29,40,LOW,168,2026-10-25
LULU-ORD-2172,LULU-TVM-01,Basmati Rice 5kg,Grocery,India Gate,338,5,HIGH,109,2026-09-20
LULU-ORD-2173,LULU-KOCHI-02,Basmati Rice 5kg,Grocery,India Gate,546,44,LOW,151,2026-10-29
LULU-ORD-2174,LULU-KOCHI-02,Banana Chips 1kg,Snacks,Local Kerala,299,21,LOW,174,2026-10-06
LULU-ORD-2175,LULU-TVM-01,Bread Loaf,Bakery,Modern,123,7,MEDIUM,178,2026-09-22
LULU-ORD-2176,LULU-CLT-02,Chicken 1kg,Meat,Suguna,54,9,MEDIUM,18,2026-09-24
LULU-ORD-2177,LULU-CLT-02,Basmati Rice 5kg,Grocery,India Gate,119,32,LOW,35,2026-10-17
LULU-ORD-2178,LULU-KOCHI-02,Milma Curd 500g,Dairy,Milma,594,42,LOW,178,2026-10-27
LULU-ORD-2179,LULU-TVM-01,Lulu Gold Coin,Jewellery,Lulu Gold,548,40,LOW,75,2026-10-25
LULU-ORD-2180,LULU-TVM-01,Milma Curd 500g,Dairy,Milma,385,15,MEDIUM,193,2026-09-30
LULU-ORD-2181,LULU-KOCHI-02,Chicken 1kg,Meat,Suguna,23,14,LOW,30,2026-09-29
LULU-ORD-2182,LULU-TVM-01,Lulu Gold Coin,Jewellery,Lulu Gold,72,24,LOW,200,2026-10-09
LULU-ORD-2183,LULU-TVM-01,Dates 500g,Dry Fruits,Lulu Import,387,4,HIGH,78,2026-09-19
LULU-ORD-2184,LULU-KOCHI-01,Atta 10kg,Grocery,Aashirvaad,51,5,MEDIUM,29,2026-09-20
LULU-ORD-2185,LULU-CLT-01,Basmati Rice 5kg,Grocery,India Gate,541,7,MEDIUM,195,2026-09-22
LULU-ORD-2186,LULU-CLT-02,Basmati Rice 5kg,Grocery,India Gate,554,25,LOW,59,2026-10-10
LULU-ORD-2187,LULU-CLT-02,Atta 10kg,Grocery,Aashirvaad,264,37,LOW,152,2026-10-22
LULU-ORD-2188,LULU-TVM-01,Atta 10kg,Grocery,Aashirvaad,435,7,MEDIUM,101,2026-09-22
LULU-ORD-2189,LULU-CLT-02,Lulu Gold Coin,Jewellery,Lulu Gold,447,7,MEDIUM,56,2026-09-22
LULU-ORD-2190,LULU-KOCHI-01,Atta 10kg,Grocery,Aashirvaad,421,33,LOW,178,2026-10-18
LULU-ORD-2191,LULU-KOCHI-02,Banana Chips 1kg,Snacks,Local Kerala,556,39,LOW,100,2026-10-24
LULU-ORD-2192,LULU-KOCHI-01,Bread Loaf,Bakery,Modern,573,21,LOW,115,2026-10-06
LULU-ORD-2193,LULU-CLT-02,Dates 500g,Dry Fruits,Lulu Import,341,39,LOW,154,2026-10-24
LULU-ORD-2194,LULU-TVM-01,Atta 10kg,Grocery,Aashirvaad,229,25,LOW,200,2026-10-10
LULU-ORD-2195,LULU-KOCHI-02,Paneer 200g,Dairy,Milma,378,29,LOW,111,2026-10-14
LULU-ORD-2196,LULU-TVM-01,Milma Curd 500g,Dairy,Milma,45,19,LOW,14,2026-10-04
LULU-ORD-2197,LULU-CLT-01,Atta 10kg,Grocery,Aashirvaad,148,20,LOW,86,2026-10-05
LULU-ORD-2198,LULU-CLT-01,Basmati Rice 5kg,Grocery,India Gate,229,21,LOW,186,2026-10-06
LULU-ORD-2199,LULU-TVM-01,Paneer 200g,Dairy,Milma,576,33,LOW,156,2026-10-18
LULU-ORD-2200,LULU-CLT-01,Mango 1kg,Fruits,Local Farm,168,7,MEDIUM,127,2026-09-22
LULU-ORD-2201,LULU-KOCHI-01,Bread Loaf,Bakery,Modern,169,9,MEDIUM,103,2026-09-24
LULU-ORD-2202,LULU-KOCHI-01,Mango 1kg,Fruits,Local Farm,265,15,MEDIUM,86,2026-09-30
LULU-ORD-2203,LULU-TVM-01,Chicken 1kg,Meat,Suguna,594,26,LOW,65,2026-10-11
LULU-ORD-2204,LULU-CLT-02,Chicken 1kg,Meat,Suguna,342,31,LOW,134,2026-10-16
LULU-ORD-2205,LULU-KOCHI-01,Mango 1kg,Fruits,Local Farm,107,39,LOW,19,2026-10-24
LULU-ORD-2206,LULU-CLT-01,Mango 1kg,Fruits,Local Farm,400,6,MEDIUM,95,2026-09-21
LULU-ORD-2207,LULU-CLT-01,Bread Loaf,Bakery,Modern,454,27,LOW,68,2026-10-12
LULU-ORD-2208,LULU-KOCHI-02,Mango 1kg,Fruits,Local Farm,21,41,LOW,23,2026-10-26
LULU-ORD-2209,LULU-KOCHI-01,Paneer 200g,Dairy,Milma,546,3,HIGH,148,2026-09-18
LULU-ORD-2210,LULU-TVM-01,Mango 1kg,Fruits,Local Farm,163,21,LOW,188,2026-10-06
LULU-ORD-2211,LULU-KOCHI-02,Basmati Rice 5kg,Grocery,India Gate,166,4,HIGH,124,2026-09-19
LULU-ORD-2212,LULU-CLT-01,Mango 1kg,Fruits,Local Farm,599,33,LOW,66,2026-10-18
LULU-ORD-2213,LULU-CLT-02,Dates 500g,Dry Fruits,Lulu Import,306,26,LOW,43,2026-10-11
LULU-ORD-2214,LULU-TVM-01,Bread Loaf,Bakery,Modern,94,31,LOW,200,2026-10-16
LULU-ORD-2215,LULU-KOCHI-01,Milma Curd 500g,Dairy,Milma,571,26,LOW,31,2026-10-11
LULU-ORD-2216,LULU-CLT-02,Dates 500g,Dry Fruits,Lulu Import,523,28,LOW,44,2026-10-13
LULU-ORD-2217,LULU-KOCHI-02,Lulu Gold Coin,Jewellery,Lulu Gold,582,13,MEDIUM,111,2026-09-28
LULU-ORD-2218,LULU-TVM-01,Mango 1kg,Fruits,Local Farm,210,36,LOW,198,2026-10-21
LULU-ORD-2219,LULU-CLT-01,Atta 10kg,Grocery,Aashirvaad,262,16,LOW,78,2026-10-01
LULU-ORD-2220,LULU-TVM-01,Dates 500g,Dry Fruits,Lulu Import,341,44,LOW,32,2026-10-29
LULU-ORD-2221,LULU-KOCHI-01,Chicken 1kg,Meat,Suguna,433,28,LOW,99,2026-10-13
LULU-ORD-2222,LULU-TVM-01,Basmati Rice 5kg,Grocery,India Gate,338,23,LOW,177,2026-10-08
LULU-ORD-2223,LULU-KOCHI-01,Milma Curd 500g,Dairy,Milma,322,11,MEDIUM,167,2026-09-26
LULU-ORD-2224,LULU-CLT-01,Lulu Gold Coin,Jewellery,Lulu Gold,159,29,LOW,69,2026-10-14
LULU-ORD-2225,LULU-CLT-01,Basmati Rice 5kg,Grocery,India Gate,392,10,MEDIUM,38,2026-09-25
LULU-ORD-2226,LULU-CLT-02,Milma Curd 500g,Dairy,Milma,258,40,LOW,83,2026-10-25
LULU-ORD-2227,LULU-CLT-01,Milma Curd 500g,Dairy,Milma,361,45,LOW,88,2026-10-30
LULU-ORD-2228,LULU-KOCHI-01,Lulu Gold Coin,Jewellery,Lulu Gold,492,2,HIGH,63,2026-09-17
LULU-ORD-2229,LULU-TVM-01,Atta 10kg,Grocery,Aashirvaad,226,14,MEDIUM,143,2026-09-29
LULU-ORD-2230,LULU-TVM-01,Paneer 200g,Dairy,Milma,571,31,LOW,196,2026-10-16
LULU-ORD-2231,LULU-TVM-01,Banana Chips 1kg,Snacks,Local Kerala,28,25,LOW,179,2026-10-10
LULU-ORD-2232,LULU-CLT-02,Atta 10kg,Grocery,Aashirvaad,54,17,LOW,25,2026-10-02
LULU-ORD-2233,LULU-TVM-01,Paneer 200g,Dairy,Milma,215,45,LOW,79,2026-10-30
LULU-ORD-2234,LULU-CLT-01,Milma Curd 500g,Dairy,Milma,486,42,LOW,27,2026-10-27
LULU-ORD-2235,LULU-KOCHI-01,Dates 500g,Dry Fruits,Lulu Import,287,43,LOW,37,2026-10-28
LULU-ORD-2236,LULU-KOCHI-02,Milma Curd 500g,Dairy,Milma,309,42,LOW,69,2026-10-27
LULU-ORD-2237,LULU-KOCHI-01,Dates 500g,Dry Fruits,Lulu Import,530,7,MEDIUM,134,2026-09-22
LULU-ORD-2238,LULU-CLT-02,Mango 1kg,Fruits,Local Farm,554,6,MEDIUM,60,2026-09-21
LULU-ORD-2239,LULU-CLT-01,Atta 10kg,Grocery,Aashirvaad,478,36,LOW,20,2026-10-21
LULU-ORD-2240,LULU-KOCHI-01,Basmati Rice 5kg,Grocery,India Gate,552,20,LOW,135,2026-10-05
LULU-ORD-2241,LULU-KOCHI-01,Dates 500g,Dry Fruits,Lulu Import,170,2,HIGH,185,2026-09-17
LULU-ORD-2242,LULU-KOCHI-01,Bread Loaf,Bakery,Modern,373,41,LOW,70,2026-10-26
LULU-ORD-2243,LULU-KOCHI-01,Atta 10kg,Grocery,Aashirvaad,292,4,HIGH,109,2026-09-19
LULU-ORD-2244,LULU-CLT-02,Milma Curd 500g,Dairy,Milma,578,18,LOW,48,2026-10-03
LULU-ORD-2245,LULU-CLT-02,Bread Loaf,Bakery,Modern,412,43,LOW,32,2026-10-28
LULU-ORD-2246,LULU-TVM-01,Dates 500g,Dry Fruits,Lulu Import,543,44,LOW,170,2026-10-29
LULU-ORD-2247,LULU-TVM-01,Basmati Rice 5kg,Grocery,India Gate,437,16,LOW,49,2026-10-01
LULU-ORD-2248,LULU-KOCHI-01,Dates 500g,Dry Fruits,Lulu Import,329,39,LOW,124,2026-10-24
LULU-ORD-2249,LULU-CLT-02,Atta 10kg,Grocery,Aashirvaad,144,14,MEDIUM,158,2026-09-29
LULU-ORD-2250,LULU-KOCHI-01,Atta 10kg,Grocery,Aashirvaad,217,9,MEDIUM,186,2026-09-24
LULU-ORD-2251,LULU-CLT-02,Atta 10kg,Grocery,Aashirvaad,148,28,LOW,177,2026-10-13
LULU-ORD-2252,LULU-CLT-01,Mango 1kg,Fruits,Local Farm,171,21,LOW,152,2026-10-06
LULU-ORD-2253,LULU-KOCHI-01,Atta 10kg,Grocery,Aashirvaad,131,12,MEDIUM,47,2026-09-27
LULU-ORD-2254,LULU-KOCHI-02,Milma Curd 500g,Dairy,Milma,336,27,LOW,87,2026-10-12
LULU-ORD-2255,LULU-CLT-02,Lulu Gold Coin,Jewellery,Lulu Gold,290,10,MEDIUM,37,2026-09-25
LULU-ORD-2256,LULU-TVM-01,Banana Chips 1kg,Snacks,Local Kerala,199,2,HIGH,167,2026-09-17
LULU-ORD-2257,LULU-CLT-02,Paneer 200g,Dairy,Milma,590,40,LOW,162,2026-10-25
LULU-ORD-2258,LULU-CLT-01,Basmati Rice 5kg,Grocery,India Gate,246,44,LOW,101,2026-10-29
LULU-ORD-2259,LULU-TVM-01,Chicken 1kg,Meat,Suguna,498,9,MEDIUM,164,2026-09-24
LULU-ORD-2260,LULU-KOCHI-02,Lulu Gold Coin,Jewellery,Lulu Gold,392,12,MEDIUM,135,2026-09-27
LULU-ORD-2261,LULU-CLT-02,Lulu Gold Coin,Jewellery,Lulu Gold,150,11,MEDIUM,67,2026-09-26
LULU-ORD-2262,LULU-KOCHI-01,Milma Curd 500g,Dairy,Milma,428,1,HIGH,115,2026-09-16
LULU-ORD-2263,LULU-CLT-01,Basmati Rice 5kg,Grocery,India Gate,217,14,MEDIUM,55,2026-09-29
LULU-ORD-2264,LULU-KOCHI-01,Lulu Gold Coin,Jewellery,Lulu Gold,511,45,LOW,127,2026-10-30
LULU-ORD-2265,LULU-CLT-01,Basmati Rice 5kg,Grocery,India Gate,447,26,LOW,165,2026-10-11
LULU-ORD-2266,LULU-TVM-01,Dates 500g,Dry Fruits,Lulu Import,330,26,LOW,200,2026-10-11
LULU-ORD-2267,LULU-CLT-01,Mango 1kg,Fruits,Local Farm,559,34,LOW,143,2026-10-19
LULU-ORD-2268,LULU-CLT-01,Chicken 1kg,Meat,Suguna,472,30,LOW,72,2026-10-15
LULU-ORD-2269,LULU-CLT-01,Atta 10kg,Grocery,Aashirvaad,560,26,LOW,152,2026-10-11
LULU-ORD-2270,LULU-CLT-01,Dates 500g,Dry Fruits,Lulu Import,538,41,LOW,58,2026-10-26
LULU-ORD-2271,LULU-KOCHI-01,Paneer 200g,Dairy,Milma,460,26,LOW,83,2026-10-11
LULU-ORD-2272,LULU-KOCHI-01,Lulu Gold Coin,Jewellery,Lulu Gold,180,28,LOW,166,2026-10-13
LULU-ORD-2273,LULU-KOCHI-02,Milma Curd 500g,Dairy,Milma,539,10,MEDIUM,175,2026-09-25
LULU-ORD-2274,LULU-CLT-01,Lulu Gold Coin,Jewellery,Lulu Gold,102,33,LOW,56,2026-10-18
LULU-ORD-2275,LULU-KOCHI-02,Mango 1kg,Fruits,Local Farm,569,9,MEDIUM,115,2026-09-24
LULU-ORD-2276,LULU-CLT-02,Bread Loaf,Bakery,Modern,471,2,HIGH,126,2026-09-17
LULU-ORD-2277,LULU-CLT-01,Mango 1kg,Fruits,Local Farm,216,30,LOW,74,2026-10-15
LULU-ORD-2278,LULU-CLT-01,Bread Loaf,Bakery,Modern,177,8,MEDIUM,39,2026-09-23
LULU-ORD-2279,LULU-TVM-01,Lulu Gold Coin,Jewellery,Lulu Gold,381,6,MEDIUM,191,2026-09-21
LULU-ORD-2280,LULU-CLT-02,Dates 500g,Dry Fruits,Lulu Import,533,40,LOW,106,2026-10-25
LULU-ORD-2281,LULU-CLT-02,Atta 10kg,Grocery,Aashirvaad,399,3,HIGH,95,2026-09-18
LULU-ORD-2282,LULU-CLT-02,Mango 1kg,Fruits,Local Farm,163,11,MEDIUM,55,2026-09-26
LULU-ORD-2283,LULU-KOCHI-01,Milma Curd 500g,Dairy,Milma,439,20,LOW,196,2026-10-05
LULU-ORD-2284,LULU-CLT-02,Lulu Gold Coin,Jewellery,Lulu Gold,305,41,LOW,40,2026-10-26
LULU-ORD-2285,LULU-TVM-01,Banana Chips 1kg,Snacks,Local Kerala,217,1,HIGH,74,2026-09-16
LULU-ORD-2286,LULU-KOCHI-02,Milma Curd 500g,Dairy,Milma,479,32,LOW,149,2026-10-17
LULU-ORD-2287,LULU-CLT-02,Milma Curd 500g,Dairy,Milma,515,16,LOW,160,2026-10-01
LULU-ORD-2288,LULU-KOCHI-02,Lulu Gold Coin,Jewellery,Lulu Gold,474,27,LOW,30,2026-10-12
LULU-ORD-2289,LULU-TVM-01,Mango 1kg,Fruits,Local Farm,16,16,LOW,81,2026-10-01
LULU-ORD-2290,LULU-CLT-01,Mango 1kg,Fruits,Local Farm,580,14,MEDIUM,57,2026-09-29
LULU-ORD-2291,LULU-KOCHI-01,Banana Chips 1kg,Snacks,Local Kerala,66,42,LOW,19,2026-10-27
LULU-ORD-2292,LULU-TVM-01,Banana Chips 1kg,Snacks,Local Kerala,43,43,LOW,164,2026-10-28
LULU-ORD-2293,LULU-CLT-01,Paneer 200g,Dairy,Milma,349,6,MEDIUM,37,2026-09-21
LULU-ORD-2294,LULU-KOCHI-01,Dates 500g,Dry Fruits,Lulu Import,192,11,MEDIUM,166,2026-09-26
LULU-ORD-2295,LULU-CLT-02,Mango 1kg,Fruits,Local Farm,596,36,LOW,126,2026-10-21
LULU-ORD-2296,LULU-CLT-01,Mango 1kg,Fruits,Local Farm,378,3,HIGH,86,2026-09-18
LULU-ORD-2297,LULU-CLT-01,Bread Loaf,Bakery,Modern,387,25,LOW,119,2026-10-10
LULU-ORD-2298,LULU-KOCHI-02,Atta 10kg,Grocery,Aashirvaad,76,19,LOW,44,2026-10-04
LULU-ORD-2299,LULU-TVM-01,Chicken 1kg,Meat,Suguna,291,22,LOW,115,2026-10-07
LULU-ORD-2300,LULU-CLT-02,Atta 10kg,Grocery,Aashirvaad,224,45,LOW,166,2026-10-30
LULU-ORD-2301,LULU-TVM-01,Milma Curd 500g,Dairy,Milma,121,37,LOW,32,2026-10-22
LULU-ORD-2302,LULU-TVM-01,Lulu Gold Coin,Jewellery,Lulu Gold,304,28,LOW,91,2026-10-13
LULU-ORD-2303,LULU-TVM-01,Paneer 200g,Dairy,Milma,548,37,LOW,100,2026-10-22
LULU-ORD-2304,LULU-TVM-01,Banana Chips 1kg,Snacks,Local Kerala,586,32,LOW,196,2026-10-17
LULU-ORD-2305,LULU-TVM-01,Lulu Gold Coin,Jewellery,Lulu Gold,514,12,MEDIUM,69,2026-09-27
LULU-ORD-2306,LULU-CLT-01,Paneer 200g,Dairy,Milma,208,1,HIGH,16,2026-09-16
LULU-ORD-2307,LULU-TVM-01,Lulu Gold Coin,Jewellery,Lulu Gold,130,14,MEDIUM,116,2026-09-29
LULU-ORD-2308,LULU-KOCHI-01,Dates 500g,Dry Fruits,Lulu Import,56,22,LOW,153,2026-10-07
LULU-ORD-2309,LULU-CLT-02,Basmati Rice 5kg,Grocery,India Gate,21,41,LOW,186,2026-10-26
LULU-ORD-2310,LULU-KOCHI-01,Paneer 200g,Dairy,Milma,270,5,HIGH,86,2026-09-20
LULU-ORD-2311,LULU-CLT-01,Atta 10kg,Grocery,Aashirvaad,573,21,LOW,39,2026-10-06
LULU-ORD-2312,LULU-TVM-01,Bread Loaf,Bakery,Modern,359,26,LOW,167,2026-10-11
LULU-ORD-2313,LULU-KOCHI-01,Milma Curd 500g,Dairy,Milma,189,13,MEDIUM,96,2026-09-28
LULU-ORD-2314,LULU-CLT-02,Lulu Gold Coin,Jewellery,Lulu Gold,495,3,HIGH,133,2026-09-18
LULU-ORD-2315,LULU-KOCHI-01,Banana Chips 1kg,Snacks,Local Kerala,481,35,LOW,128,2026-10-20
LULU-ORD-2316,LULU-KOCHI-01,Dates 500g,Dry Fruits,Lulu Import,67,34,LOW,154,2026-10-19
LULU-ORD-2317,LULU-CLT-01,Bread Loaf,Bakery,Modern,578,35,LOW,63,2026-10-20
LULU-ORD-2318,LULU-CLT-01,Mango 1kg,Fruits,Local Farm,349,23,LOW,48,2026-10-08
LULU-ORD-2319,LULU-KOCHI-02,Paneer 200g,Dairy,Milma,41,22,LOW,170,2026-10-07
LULU-ORD-2320,LULU-TVM-01,Atta 10kg,Grocery,Aashirvaad,179,37,LOW,109,2026-10-22
LULU-ORD-2321,LULU-KOCHI-01,Banana Chips 1kg,Snacks,Local Kerala,129,20,LOW,191,2026-10-05
LULU-ORD-2322,LULU-CLT-01,Milma Curd 500g,Dairy,Milma,288,27,LOW,137,2026-10-12
LULU-ORD-2323,LULU-KOCHI-01,Basmati Rice 5kg,Grocery,India Gate,390,29,LOW,65,2026-10-14
LULU-ORD-2324,LULU-CLT-01,Atta 10kg,Grocery,Aashirvaad,319,12,MEDIUM,105,2026-09-27
LULU-ORD-2325,LULU-KOCHI-02,Milma Curd 500g,Dairy,Milma,216,6,MEDIUM,139,2026-09-21
LULU-ORD-2326,LULU-CLT-02,Milma Curd 500g,Dairy,Milma,504,33,LOW,58,2026-10-18
LULU-ORD-2327,LULU-KOCHI-01,Bread Loaf,Bakery,Modern,505,34,LOW,93,2026-10-19
LULU-ORD-2328,LULU-CLT-02,Banana Chips 1kg,Snacks,Local Kerala,110,34,LOW,62,2026-10-19
LULU-ORD-2329,LULU-TVM-01,Milma Curd 500g,Dairy,Milma,480,25,LOW,39,2026-10-10
LULU-ORD-2330,LULU-TVM-01,Milma Curd 500g,Dairy,Milma,328,3,HIGH,32,2026-09-18
LULU-ORD-2331,LULU-CLT-01,Bread Loaf,Bakery,Modern,488,3,HIGH,143,2026-09-18
LULU-ORD-2332,LULU-KOCHI-01,Paneer 200g,Dairy,Milma,33,37,LOW,173,2026-10-22
LULU-ORD-2333,LULU-CLT-02,Basmati Rice 5kg,Grocery,India Gate,338,13,MEDIUM,83,2026-09-28
LULU-ORD-2334,LULU-KOCHI-02,Paneer 200g,Dairy,Milma,555,21,LOW,181,2026-10-06
LULU-ORD-2335,LULU-CLT-02,Chicken 1kg,Meat,Suguna,289,10,MEDIUM,80,2026-09-25
LULU-ORD-2336,LULU-TVM-01,Chicken 1kg,Meat,Suguna,25,40,LOW,141,2026-10-25
LULU-ORD-2337,LULU-KOCHI-01,Chicken 1kg,Meat,Suguna,221,35,LOW,150,2026-10-20
LULU-ORD-2338,LULU-KOCHI-01,Bread Loaf,Bakery,Modern,287,10,MEDIUM,156,2026-09-25
LULU-ORD-2339,LULU-KOCHI-01,Basmati Rice 5kg,Grocery,India Gate,185,5,HIGH,166,2026-09-20
LULU-ORD-2340,LULU-CLT-01,Bread Loaf,Bakery,Modern,563,29,LOW,43,2026-10-14
LULU-ORD-2341,LULU-CLT-01,Milma Curd 500g,Dairy,Milma,492,44,LOW,37,2026-10-29
LULU-ORD-2342,LULU-KOCHI-02,Dates 500g,Dry Fruits,Lulu Import,65,6,MEDIUM,110,2026-09-21
LULU-ORD-2343,LULU-KOCHI-01,Banana Chips 1kg,Snacks,Local Kerala,466,40,LOW,89,2026-10-25
LULU-ORD-2344,LULU-TVM-01,Bread Loaf,Bakery,Modern,212,43,LOW,30,2026-10-28
LULU-ORD-2345,LULU-CLT-01,Lulu Gold Coin,Jewellery,Lulu Gold,591,9,MEDIUM,188,2026-09-24
LULU-ORD-2346,LULU-KOCHI-01,Lulu Gold Coin,Jewellery,Lulu Gold,109,30,LOW,185,2026-10-15
LULU-ORD-2347,LULU-CLT-02,Lulu Gold Coin,Jewellery,Lulu Gold,491,15,MEDIUM,46,2026-09-30
LULU-ORD-2348,LULU-KOCHI-02,Mango 1kg,Fruits,Local Farm,274,24,LOW,56,2026-10-09
LULU-ORD-2349,LULU-KOCHI-02,Bread Loaf,Bakery,Modern,342,30,LOW,17,2026-10-15
LULU-ORD-2350,LULU-KOCHI-01,Chicken 1kg,Meat,Suguna,496,8,MEDIUM,132,2026-09-23
LULU-ORD-2351,LULU-KOCHI-01,Lulu Gold Coin,Jewellery,Lulu Gold,184,19,LOW,164,2026-10-04
LULU-ORD-2352,LULU-CLT-01,Mango 1kg,Fruits,Local Farm,140,33,LOW,113,2026-10-18
LULU-ORD-2353,LULU-CLT-01,Chicken 1kg,Meat,Suguna,343,36,LOW,87,2026-10-21
LULU-ORD-2354,LULU-TVM-01,Atta 10kg,Grocery,Aashirvaad,482,26,LOW,115,2026-10-11
LULU-ORD-2355,LULU-CLT-02,Basmati Rice 5kg,Grocery,India Gate,259,36,LOW,133,2026-10-21
LULU-ORD-2356,LULU-CLT-02,Dates 500g,Dry Fruits,Lulu Import,77,22,LOW,187,2026-10-07
LULU-ORD-2357,LULU-TVM-01,Mango 1kg,Fruits,Local Farm,451,28,LOW,97,2026-10-13
LULU-ORD-2358,LULU-CLT-01,Atta 10kg,Grocery,Aashirvaad,251,12,MEDIUM,199,2026-09-27
LULU-ORD-2359,LULU-TVM-01,Mango 1kg,Fruits,Local Farm,508,8,MEDIUM,162,2026-09-23
LULU-ORD-2360,LULU-CLT-01,Lulu Gold Coin,Jewellery,Lulu Gold,343,36,LOW,123,2026-10-21
LULU-ORD-2361,LULU-CLT-01,Banana Chips 1kg,Snacks,Local Kerala,325,26,LOW,163,2026-10-11
LULU-ORD-2362,LULU-KOCHI-02,Chicken 1kg,Meat,Suguna,398,21,LOW,175,2026-10-06
LULU-ORD-2363,LULU-CLT-02,Milma Curd 500g,Dairy,Milma,102,14,MEDIUM,158,2026-09-29
LULU-ORD-2364,LULU-CLT-02,Milma Curd 500g,Dairy,Milma,160,43,LOW,125,2026-10-28
LULU-ORD-2365,LULU-TVM-01,Atta 10kg,Grocery,Aashirvaad,308,25,LOW,157,2026-10-10
LULU-ORD-2366,LULU-KOCHI-01,Lulu Gold Coin,Jewellery,Lulu Gold,210,14,MEDIUM,86,2026-09-29
LULU-ORD-2367,LULU-KOCHI-01,Mango 1kg,Fruits,Local Farm,321,28,LOW,32,2026-10-13
LULU-ORD-2368,LULU-TVM-01,Mango 1kg,Fruits,Local Farm,18,40,LOW,113,2026-10-25
LULU-ORD-2369,LULU-KOCHI-01,Banana Chips 1kg,Snacks,Local Kerala,311,4,HIGH,150,2026-09-19
LULU-ORD-2370,LULU-KOCHI-01,Milma Curd 500g,Dairy,Milma,10,36,LOW,38,2026-10-21
LULU-ORD-2371,LULU-KOCHI-02,Paneer 200g,Dairy,Milma,41,16,LOW,189,2026-10-01
LULU-ORD-2372,LULU-KOCHI-01,Mango 1kg,Fruits,Local Farm,413,41,LOW,192,2026-10-26
LULU-ORD-2373,LULU-KOCHI-02,Dates 500g,Dry Fruits,Lulu Import,425,25,LOW,149,2026-10-10
LULU-ORD-2374,LULU-CLT-02,Basmati Rice 5kg,Grocery,India Gate,187,31,LOW,58,2026-10-16
LULU-ORD-2375,LULU-KOCHI-02,Atta 10kg,Grocery,Aashirvaad,403,24,LOW,49,2026-10-09
LULU-ORD-2376,LULU-CLT-01,Paneer 200g,Dairy,Milma,138,9,MEDIUM,28,2026-09-24
LULU-ORD-2377,LULU-KOCHI-02,Milma Curd 500g,Dairy,Milma,157,32,LOW,44,2026-10-17
LULU-ORD-2378,LULU-KOCHI-02,Chicken 1kg,Meat,Suguna,150,42,LOW,126,2026-10-27
LULU-ORD-2379,LULU-CLT-02,Mango 1kg,Fruits,Local Farm,445,40,LOW,126,2026-10-25
LULU-ORD-2380,LULU-KOCHI-02,Atta 10kg,Grocery,Aashirvaad,444,36,LOW,108,2026-10-21
LULU-ORD-2381,LULU-KOCHI-02,Bread Loaf,Bakery,Modern,241,12,MEDIUM,164,2026-09-27
LULU-ORD-2382,LULU-TVM-01,Milma Curd 500g,Dairy,Milma,520,16,LOW,78,2026-10-01
LULU-ORD-2383,LULU-KOCHI-01,Dates 500g,Dry Fruits,Lulu Import,569,37,LOW,18,2026-10-22
LULU-ORD-2384,LULU-KOCHI-01,Milma Curd 500g,Dairy,Milma,591,31,LOW,38,2026-10-16
LULU-ORD-2385,LULU-CLT-01,Mango 1kg,Fruits,Local Farm,503,45,LOW,46,2026-10-30
LULU-ORD-2386,LULU-TVM-01,Atta 10kg,Grocery,Aashirvaad,296,30,LOW,30,2026-10-15
LULU-ORD-2387,LULU-KOCHI-02,Atta 10kg,Grocery,Aashirvaad,100,16,LOW,171,2026-10-01
LULU-ORD-2388,LULU-KOCHI-01,Chicken 1kg,Meat,Suguna,562,38,LOW,166,2026-10-23
LULU-ORD-2389,LULU-CLT-01,Milma Curd 500g,Dairy,Milma,361,35,LOW,130,2026-10-20
LULU-ORD-2390,LULU-TVM-01,Lulu Gold Coin,Jewellery,Lulu Gold,534,31,LOW,197,2026-10-16
LULU-ORD-2391,LULU-KOCHI-01,Bread Loaf,Bakery,Modern,441,23,LOW,84,2026-10-08
LULU-ORD-2392,LULU-TVM-01,Banana Chips 1kg,Snacks,Local Kerala,46,45,LOW,87,2026-10-30
LULU-ORD-2393,LULU-KOCHI-02,Mango 1kg,Fruits,Local Farm,276,4,HIGH,158,2026-09-19
LULU-ORD-2394,LULU-KOCHI-01,Banana Chips 1kg,Snacks,Local Kerala,596,4,HIGH,198,2026-09-19
LULU-ORD-2395,LULU-KOCHI-02,Mango 1kg,Fruits,Local Farm,37,19,LOW,31,2026-10-04
LULU-ORD-2396,LULU-KOCHI-01,Banana Chips 1kg,Snacks,Local Kerala,527,5,HIGH,74,2026-09-20
LULU-ORD-2397,LULU-KOCHI-01,Banana Chips 1kg,Snacks,Local Kerala,297,18,LOW,13,2026-10-03
LULU-ORD-2398,LULU-CLT-02,Chicken 1kg,Meat,Suguna,188,38,LOW,178,2026-10-23
LULU-ORD-2399,LULU-KOCHI-01,Lulu Gold Coin,Jewellery,Lulu Gold,388,12,MEDIUM,189,2026-09-27
LULU-ORD-2400,LULU-TVM-01,Basmati Rice 5kg,Grocery,India Gate,506,12,MEDIUM,18,2026-09-27
LULU-ORD-2401,LULU-TVM-01,Bread Loaf,Bakery,Modern,96,10,MEDIUM,49,2026-09-25
LULU-ORD-2402,LULU-CLT-02,Lulu Gold Coin,Jewellery,Lulu Gold,432,25,LOW,179,2026-10-10
LULU-ORD-2403,LULU-TVM-01,Lulu Gold Coin,Jewellery,Lulu Gold,181,14,MEDIUM,197,2026-09-29
LULU-ORD-2404,LULU-KOCHI-01,Bread Loaf,Bakery,Modern,65,42,LOW,39,2026-10-27
LULU-ORD-2405,LULU-KOCHI-02,Milma Curd 500g,Dairy,Milma,181,30,LOW,131,2026-10-15
LULU-ORD-2406,LULU-CLT-02,Paneer 200g,Dairy,Milma,497,35,LOW,107,2026-10-20
LULU-ORD-2407,LULU-CLT-02,Dates 500g,Dry Fruits,Lulu Import,495,17,LOW,145,2026-10-02
LULU-ORD-2408,LULU-KOCHI-02,Dates 500g,Dry Fruits,Lulu Import,22,19,LOW,107,2026-10-04
LULU-ORD-2409,LULU-CLT-01,Bread Loaf,Bakery,Modern,552,44,LOW,34,2026-10-29
LULU-ORD-2410,LULU-TVM-01,Atta 10kg,Grocery,Aashirvaad,372,28,LOW,176,2026-10-13
LULU-ORD-2411,LULU-KOCHI-01,Paneer 200g,Dairy,Milma,353,18,LOW,35,2026-10-03
LULU-ORD-2412,LULU-CLT-02,Paneer 200g,Dairy,Milma,410,30,LOW,197,2026-10-15
LULU-ORD-2413,LULU-KOCHI-01,Mango 1kg,Fruits,Local Farm,209,34,LOW,183,2026-10-19
LULU-ORD-2414,LULU-CLT-01,Banana Chips 1kg,Snacks,Local Kerala,330,36,LOW,182,2026-10-21
LULU-ORD-2415,LULU-KOCHI-02,Milma Curd 500g,Dairy,Milma,79,1,MEDIUM,35,2026-09-16
LULU-ORD-2416,LULU-KOCHI-02,Atta 10kg,Grocery,Aashirvaad,116,44,LOW,99,2026-10-29
LULU-ORD-2417,LULU-CLT-02,Basmati Rice 5kg,Grocery,India Gate,300,17,LOW,18,2026-10-02
LULU-ORD-2418,LULU-TVM-01,Milma Curd 500g,Dairy,Milma,104,4,HIGH,178,2026-09-19
LULU-ORD-2419,LULU-CLT-01,Basmati Rice 5kg,Grocery,India Gate,134,8,MEDIUM,164,2026-09-23
LULU-ORD-2420,LULU-TVM-01,Banana Chips 1kg,Snacks,Local Kerala,394,43,LOW,57,2026-10-28
LULU-ORD-2421,LULU-KOCHI-01,Chicken 1kg,Meat,Suguna,198,17,LOW,129,2026-10-02
LULU-ORD-2422,LULU-KOCHI-02,Chicken 1kg,Meat,Suguna,474,18,LOW,187,2026-10-03
LULU-ORD-2423,LULU-CLT-01,Bread Loaf,Bakery,Modern,273,11,MEDIUM,80,2026-09-26
LULU-ORD-2424,LULU-KOCHI-01,Milma Curd 500g,Dairy,Milma,401,25,LOW,25,2026-10-10
LULU-ORD-2425,LULU-KOCHI-02,Paneer 200g,Dairy,Milma,281,12,MEDIUM,27,2026-09-27
LULU-ORD-2426,LULU-KOCHI-02,Lulu Gold Coin,Jewellery,Lulu Gold,215,40,LOW,55,2026-10-25
LULU-ORD-2427,LULU-TVM-01,Lulu Gold Coin,Jewellery,Lulu Gold,121,10,MEDIUM,120,2026-09-25
LULU-ORD-2428,LULU-KOCHI-01,Basmati Rice 5kg,Grocery,India Gate,118,29,LOW,36,2026-10-14
LULU-ORD-2429,LULU-TVM-01,Milma Curd 500g,Dairy,Milma,84,5,MEDIUM,196,2026-09-20
LULU-ORD-2430,LULU-KOCHI-02,Paneer 200g,Dairy,Milma,466,2,HIGH,48,2026-09-17
LULU-ORD-2431,LULU-KOCHI-02,Milma Curd 500g,Dairy,Milma,48,43,LOW,78,2026-10-28
LULU-ORD-2432,LULU-TVM-01,Banana Chips 1kg,Snacks,Local Kerala,347,26,LOW,10,2026-10-11
LULU-ORD-2433,LULU-KOCHI-02,Atta 10kg,Grocery,Aashirvaad,512,31,LOW,113,2026-10-16
LULU-ORD-2434,LULU-CLT-01,Chicken 1kg,Meat,Suguna,563,15,MEDIUM,108,2026-09-30
LULU-ORD-2435,LULU-TVM-01,Lulu Gold Coin,Jewellery,Lulu Gold,134,37,LOW,101,2026-10-22
LULU-ORD-2436,LULU-CLT-01,Bread Loaf,Bakery,Modern,320,26,LOW,171,2026-10-11
LULU-ORD-2437,LULU-KOCHI-01,Chicken 1kg,Meat,Suguna,384,35,LOW,30,2026-10-20
LULU-ORD-2438,LULU-CLT-02,Lulu Gold Coin,Jewellery,Lulu Gold,306,42,LOW,55,2026-10-27
LULU-ORD-2439,LULU-CLT-02,Atta 10kg,Grocery,Aashirvaad,50,25,LOW,86,2026-10-10
LULU-ORD-2440,LULU-KOCHI-01,Dates 500g,Dry Fruits,Lulu Import,119,41,LOW,134,2026-10-26
LULU-ORD-2441,LULU-CLT-02,Chicken 1kg,Meat,Suguna,458,13,MEDIUM,19,2026-09-28
LULU-ORD-2442,LULU-CLT-02,Basmati Rice 5kg,Grocery,India Gate,35,38,LOW,135,2026-10-23
LULU-ORD-2443,LULU-KOCHI-01,Dates 500g,Dry Fruits,Lulu Import,74,35,LOW,137,2026-10-20
LULU-ORD-2444,LULU-CLT-01,Atta 10kg,Grocery,Aashirvaad,470,2,HIGH,96,2026-09-17
LULU-ORD-2445,LULU-KOCHI-02,Milma Curd 500g,Dairy,Milma,355,3,HIGH,40,2026-09-18
LULU-ORD-2446,LULU-TVM-01,Basmati Rice 5kg,Grocery,India Gate,545,30,LOW,48,2026-10-15
LULU-ORD-2447,LULU-CLT-01,Mango 1kg,Fruits,Local Farm,248,5,HIGH,198,2026-09-20
LULU-ORD-2448,LULU-CLT-01,Banana Chips 1kg,Snacks,Local Kerala,510,42,LOW,130,2026-10-27
LULU-ORD-2449,LULU-CLT-02,Mango 1kg,Fruits,Local Farm,56,16,LOW,13,2026-10-01
LULU-ORD-2450,LULU-CLT-01,Banana Chips 1kg,Snacks,Local Kerala,61,20,LOW,126,2026-10-05
LULU-ORD-2451,LULU-CLT-01,Mango 1kg,Fruits,Local Farm,184,38,LOW,37,2026-10-23
LULU-ORD-2452,LULU-TVM-01,Chicken 1kg,Meat,Suguna,519,39,LOW,66,2026-10-24
LULU-ORD-2453,LULU-KOCHI-01,Chicken 1kg,Meat,Suguna,217,28,LOW,198,2026-10-13
LULU-ORD-2454,LULU-TVM-01,Dates 500g,Dry Fruits,Lulu Import,342,8,MEDIUM,149,2026-09-23
LULU-ORD-2455,LULU-CLT-01,Banana Chips 1kg,Snacks,Local Kerala,339,14,MEDIUM,161,2026-09-29
LULU-ORD-2456,LULU-CLT-01,Banana Chips 1kg,Snacks,Local Kerala,353,5,HIGH,80,2026-09-20
LULU-ORD-2457,LULU-KOCHI-01,Banana Chips 1kg,Snacks,Local Kerala,435,11,MEDIUM,151,2026-09-26
LULU-ORD-2458,LULU-TVM-01,Banana Chips 1kg,Snacks,Local Kerala,459,16,LOW,20,2026-10-01
LULU-ORD-2459,LULU-TVM-01,Banana Chips 1kg,Snacks,Local Kerala,112,41,LOW,106,2026-10-26
LULU-ORD-2460,LULU-CLT-01,Banana Chips 1kg,Snacks,Local Kerala,26,32,LOW,11,2026-10-17
LULU-ORD-2461,LULU-TVM-01,Milma Curd 500g,Dairy,Milma,193,6,MEDIUM,82,2026-09-21
LULU-ORD-2462,LULU-CLT-02,Dates 500g,Dry Fruits,Lulu Import,497,45,LOW,62,2026-10-30
LULU-ORD-2463,LULU-KOCHI-02,Banana Chips 1kg,Snacks,Local Kerala,287,34,LOW,115,2026-10-19
LULU-ORD-2464,LULU-CLT-01,Basmati Rice 5kg,Grocery,India Gate,188,40,LOW,162,2026-10-25
LULU-ORD-2465,LULU-CLT-01,Banana Chips 1kg,Snacks,Local Kerala,521,40,LOW,170,2026-10-25
LULU-ORD-2466,LULU-CLT-01,Paneer 200g,Dairy,Milma,366,27,LOW,152,2026-10-12
LULU-ORD-2467,LULU-TVM-01,Basmati Rice 5kg,Grocery,India Gate,206,8,MEDIUM,34,2026-09-23
LULU-ORD-2468,LULU-TVM-01,Mango 1kg,Fruits,Local Farm,380,35,LOW,66,2026-10-20
LULU-ORD-2469,LULU-CLT-01,Lulu Gold Coin,Jewellery,Lulu Gold,223,18,LOW,59,2026-10-03
LULU-ORD-2470,LULU-KOCHI-02,Chicken 1kg,Meat,Suguna,162,44,LOW,137,2026-10-29
LULU-ORD-2471,LULU-CLT-01,Banana Chips 1kg,Snacks,Local Kerala,173,43,LOW,23,2026-10-28
LULU-ORD-2472,LULU-KOCHI-02,Bread Loaf,Bakery,Modern,301,14,MEDIUM,74,2026-09-29
LULU-ORD-2473,LULU-CLT-01,Bread Loaf,Bakery,Modern,474,3,HIGH,199,2026-09-18
LULU-ORD-2474,LULU-CLT-02,Milma Curd 500g,Dairy,Milma,560,12,MEDIUM,17,2026-09-27
LULU-ORD-2475,LULU-CLT-01,Lulu Gold Coin,Jewellery,Lulu Gold,537,8,MEDIUM,70,2026-09-23
LULU-ORD-2476,LULU-CLT-02,Lulu Gold Coin,Jewellery,Lulu Gold,343,27,LOW,183,2026-10-12
LULU-ORD-2477,LULU-KOCHI-01,Bread Loaf,Bakery,Modern,245,8,MEDIUM,68,2026-09-23
LULU-ORD-2478,LULU-CLT-02,Chicken 1kg,Meat,Suguna,252,27,LOW,106,2026-10-12
LULU-ORD-2479,LULU-TVM-01,Basmati Rice 5kg,Grocery,India Gate,85,31,LOW,134,2026-10-16
LULU-ORD-2480,LULU-CLT-02,Milma Curd 500g,Dairy,Milma,456,10,MEDIUM,166,2026-09-25
LULU-ORD-2481,LULU-KOCHI-01,Lulu Gold Coin,Jewellery,Lulu Gold,192,25,LOW,44,2026-10-10
LULU-ORD-2482,LULU-KOCHI-01,Lulu Gold Coin,Jewellery,Lulu Gold,208,41,LOW,79,2026-10-26
LULU-ORD-2483,LULU-CLT-01,Basmati Rice 5kg,Grocery,India Gate,353,9,MEDIUM,187,2026-09-24
LULU-ORD-2484,LULU-CLT-02,Mango 1kg,Fruits,Local Farm,71,18,LOW,38,2026-10-03
LULU-ORD-2485,LULU-CLT-02,Lulu Gold Coin,Jewellery,Lulu Gold,479,27,LOW,97,2026-10-12
LULU-ORD-2486,LULU-CLT-02,Basmati Rice 5kg,Grocery,India Gate,312,39,LOW,173,2026-10-24
LULU-ORD-2487,LULU-TVM-01,Mango 1kg,Fruits,Local Farm,184,37,LOW,68,2026-10-22
LULU-ORD-2488,LULU-KOCHI-02,Chicken 1kg,Meat,Suguna,431,34,LOW,65,2026-10-19
LULU-ORD-2489,LULU-KOCHI-01,Mango 1kg,Fruits,Local Farm,494,30,LOW,13,2026-10-15
LULU-ORD-2490,LULU-KOCHI-01,Dates 500g,Dry Fruits,Lulu Import,262,16,LOW,121,2026-10-01
LULU-ORD-2491,LULU-CLT-02,Mango 1kg,Fruits,Local Farm,237,38,LOW,156,2026-10-23
LULU-ORD-2492,LULU-CLT-01,Milma Curd 500g,Dairy,Milma,437,3,HIGH,130,2026-09-18
LULU-ORD-2493,LULU-TVM-01,Atta 10kg,Grocery,Aashirvaad,44,28,LOW,110,2026-10-13
LULU-ORD-2494,LULU-KOCHI-02,Lulu Gold Coin,Jewellery,Lulu Gold,110,29,LOW,71,2026-10-14
LULU-ORD-2495,LULU-KOCHI-02,Chicken 1kg,Meat,Suguna,581,1,HIGH,65,2026-09-16
LULU-ORD-2496,LULU-CLT-02,Banana Chips 1kg,Snacks,Local Kerala,377,19,LOW,175,2026-10-04
LULU-ORD-2497,LULU-KOCHI-01,Chicken 1kg,Meat,Suguna,26,31,LOW,51,2026-10-16
LULU-ORD-2498,LULU-CLT-01,Lulu Gold Coin,Jewellery,Lulu Gold,594,38,LOW,126,2026-10-23
LULU-ORD-2499,LULU-CLT-02,Lulu Gold Coin,Jewellery,Lulu Gold,151,26,LOW,104,2026-10-11
LULU-ORD-2500,LULU-CLT-01,Lulu Gold Coin,Jewellery,Lulu Gold,11,41,LOW,108,2026-10-26
LULU-ORD-2501,LULU-KOCHI-01,Bread Loaf,Bakery,Modern,553,3,HIGH,119,2026-09-18
LULU-ORD-2502,LULU-CLT-02,Paneer 200g,Dairy,Milma,565,37,LOW,185,2026-10-22
LULU-ORD-2503,LULU-TVM-01,Chicken 1kg,Meat,Suguna,353,4,HIGH,182,2026-09-19
LULU-ORD-2504,LULU-KOCHI-02,Bread Loaf,Bakery,Modern,62,8,MEDIUM,103,2026-09-23
LULU-ORD-2505,LULU-KOCHI-01,Lulu Gold Coin,Jewellery,Lulu Gold,51,24,LOW,54,2026-10-09
LULU-ORD-2506,LULU-CLT-02,Atta 10kg,Grocery,Aashirvaad,78,36,LOW,45,2026-10-21
LULU-ORD-2507,LULU-CLT-01,Bread Loaf,Bakery,Modern,254,35,LOW,176,2026-10-20
LULU-ORD-2508,LULU-KOCHI-01,Lulu Gold Coin,Jewellery,Lulu Gold,224,15,MEDIUM,100,2026-09-30
LULU-ORD-2509,LULU-KOCHI-02,Paneer 200g,Dairy,Milma,525,44,LOW,80,2026-10-29
LULU-ORD-2510,LULU-KOCHI-01,Milma Curd 500g,Dairy,Milma,74,24,LOW,125,2026-10-09
LULU-ORD-2511,LULU-CLT-01,Lulu Gold Coin,Jewellery,Lulu Gold,523,34,LOW,130,2026-10-19
LULU-ORD-2512,LULU-KOCHI-02,Atta 10kg,Grocery,Aashirvaad,555,19,LOW,168,2026-10-04
LULU-ORD-2513,LULU-KOCHI-02,Bread Loaf,Bakery,Modern,77,13,MEDIUM,32,2026-09-28
LULU-ORD-2514,LULU-KOCHI-01,Chicken 1kg,Meat,Suguna,410,12,MEDIUM,29,2026-09-27
LULU-ORD-2515,LULU-CLT-01,Chicken 1kg,Meat,Suguna,178,18,LOW,188,2026-10-03
LULU-ORD-2516,LULU-CLT-02,Banana Chips 1kg,Snacks,Local Kerala,518,10,MEDIUM,143,2026-09-25
LULU-ORD-2517,LULU-TVM-01,Milma Curd 500g,Dairy,Milma,310,27,LOW,43,2026-10-12
LULU-ORD-2518,LULU-KOCHI-02,Lulu Gold Coin,Jewellery,Lulu Gold,365,27,LOW,198,2026-10-12
LULU-ORD-2519,LULU-CLT-01,Milma Curd 500g,Dairy,Milma,308,13,MEDIUM,15,2026-09-28
LULU-ORD-2520,LULU-KOCHI-01,Basmati Rice 5kg,Grocery,India Gate,542,42,LOW,115,2026-10-27
LULU-ORD-2521,LULU-KOCHI-01,Mango 1kg,Fruits,Local Farm,361,42,LOW,134,2026-10-27
LULU-ORD-2522,LULU-KOCHI-02,Mango 1kg,Fruits,Local Farm,552,36,LOW,127,2026-10-21
LULU-ORD-2523,LULU-KOCHI-01,Paneer 200g,Dairy,Milma,590,9,MEDIUM,53,2026-09-24
LULU-ORD-2524,LULU-KOCHI-01,Paneer 200g,Dairy,Milma,242,31,LOW,83,2026-10-16
LULU-ORD-2525,LULU-KOCHI-01,Milma Curd 500g,Dairy,Milma,161,23,LOW,126,2026-10-08
LULU-ORD-2526,LULU-KOCHI-01,Banana Chips 1kg,Snacks,Local Kerala,174,35,LOW,56,2026-10-20
LULU-ORD-2527,LULU-CLT-02,Banana Chips 1kg,Snacks,Local Kerala,167,11,MEDIUM,39,2026-09-26
LULU-ORD-2528,LULU-CLT-02,Milma Curd 500g,Dairy,Milma,334,37,LOW,122,2026-10-22
LULU-ORD-2529,LULU-CLT-02,Paneer 200g,Dairy,Milma,388,12,MEDIUM,153,2026-09-27
LULU-ORD-2530,LULU-CLT-02,Milma Curd 500g,Dairy,Milma,334,23,LOW,105,2026-10-08
LULU-ORD-2531,LULU-TVM-01,Lulu Gold Coin,Jewellery,Lulu Gold,562,11,MEDIUM,87,2026-09-26
LULU-ORD-2532,LULU-KOCHI-02,Chicken 1kg,Meat,Suguna,35,26,LOW,47,2026-10-11
LULU-ORD-2533,LULU-CLT-01,Lulu Gold Coin,Jewellery,Lulu Gold,337,10,MEDIUM,199,2026-09-25
LULU-ORD-2534,LULU-KOCHI-01,Atta 10kg,Grocery,Aashirvaad,529,22,LOW,131,2026-10-07
LULU-ORD-2535,LULU-CLT-02,Paneer 200g,Dairy,Milma,597,43,LOW,154,2026-10-28
LULU-ORD-2536,LULU-CLT-01,Lulu Gold Coin,Jewellery,Lulu Gold,356,45,LOW,197,2026-10-30
LULU-ORD-2537,LULU-TVM-01,Lulu Gold Coin,Jewellery,Lulu Gold,51,9,MEDIUM,39,2026-09-24
LULU-ORD-2538,LULU-TVM-01,Paneer 200g,Dairy,Milma,35,26,LOW,66,2026-10-11
LULU-ORD-2539,LULU-KOCHI-01,Lulu Gold Coin,Jewellery,Lulu Gold,375,6,MEDIUM,24,2026-09-21
LULU-ORD-2540,LULU-TVM-01,Mango 1kg,Fruits,Local Farm,209,38,LOW,66,2026-10-23
LULU-ORD-2541,LULU-CLT-01,Paneer 200g,Dairy,Milma,210,2,HIGH,147,2026-09-17
LULU-ORD-2542,LULU-KOCHI-02,Lulu Gold Coin,Jewellery,Lulu Gold,99,33,LOW,59,2026-10-18
LULU-ORD-2543,LULU-TVM-01,Lulu Gold Coin,Jewellery,Lulu Gold,335,39,LOW,140,2026-10-24
LULU-ORD-2544,LULU-CLT-02,Milma Curd 500g,Dairy,Milma,379,26,LOW,193,2026-10-11
LULU-ORD-2545,LULU-KOCHI-01,Dates 500g,Dry Fruits,Lulu Import,388,25,LOW,13,2026-10-10
LULU-ORD-2546,LULU-KOCHI-01,Paneer 200g,Dairy,Milma,363,23,LOW,124,2026-10-08
LULU-ORD-2547,LULU-KOCHI-02,Atta 10kg,Grocery,Aashirvaad,99,14,MEDIUM,199,2026-09-29
LULU-ORD-2548,LULU-CLT-02,Dates 500g,Dry Fruits,Lulu Import,463,19,LOW,196,2026-10-04
LULU-ORD-2549,LULU-TVM-01,Dates 500g,Dry Fruits,Lulu Import,434,9,MEDIUM,163,2026-09-24
LULU-ORD-2550,LULU-KOCHI-01,Chicken 1kg,Meat,Suguna,157,14,MEDIUM,131,2026-09-29
LULU-ORD-2551,LULU-TVM-01,Atta 10kg,Grocery,Aashirvaad,353,5,HIGH,106,2026-09-20
LULU-ORD-2552,LULU-KOCHI-01,Chicken 1kg,Meat,Suguna,16,27,LOW,116,2026-10-12
LULU-ORD-2553,LULU-TVM-01,Banana Chips 1kg,Snacks,Local Kerala,579,30,LOW,45,2026-10-15
LULU-ORD-2554,LULU-KOCHI-01,Basmati Rice 5kg,Grocery,India Gate,200,25,LOW,151,2026-10-10
LULU-ORD-2555,LULU-TVM-01,Lulu Gold Coin,Jewellery,Lulu Gold,53,20,LOW,87,2026-10-05
LULU-ORD-2556,LULU-CLT-02,Lulu Gold Coin,Jewellery,Lulu Gold,582,30,LOW,16,2026-10-15
LULU-ORD-2557,LULU-KOCHI-01,Milma Curd 500g,Dairy,Milma,167,17,LOW,173,2026-10-02
LULU-ORD-2558,LULU-KOCHI-01,Lulu Gold Coin,Jewellery,Lulu Gold,137,42,LOW,116,2026-10-27
LULU-ORD-2559,LULU-CLT-02,Banana Chips 1kg,Snacks,Local Kerala,513,45,LOW,17,2026-10-30
LULU-ORD-2560,LULU-CLT-01,Chicken 1kg,Meat,Suguna,293,32,LOW,163,2026-10-17
LULU-ORD-2561,LULU-KOCHI-02,Bread Loaf,Bakery,Modern,502,37,LOW,76,2026-10-22
LULU-ORD-2562,LULU-TVM-01,Lulu Gold Coin,Jewellery,Lulu Gold,132,24,LOW,197,2026-10-09
LULU-ORD-2563,LULU-CLT-02,Mango 1kg,Fruits,Local Farm,27,17,LOW,158,2026-10-02
LULU-ORD-2564,LULU-KOCHI-02,Milma Curd 500g,Dairy,Milma,159,21,LOW,187,2026-10-06
LULU-ORD-2565,LULU-CLT-01,Banana Chips 1kg,Snacks,Local Kerala,375,11,MEDIUM,79,2026-09-26
LULU-ORD-2566,LULU-KOCHI-01,Bread Loaf,Bakery,Modern,439,41,LOW,22,2026-10-26
LULU-ORD-2567,LULU-CLT-01,Paneer 200g,Dairy,Milma,308,34,LOW,141,2026-10-19
LULU-ORD-2568,LULU-TVM-01,Basmati Rice 5kg,Grocery,India Gate,197,7,MEDIUM,52,2026-09-22
LULU-ORD-2569,LULU-KOCHI-01,Atta 10kg,Grocery,Aashirvaad,340,21,LOW,79,2026-10-06
LULU-ORD-2570,LULU-TVM-01,Bread Loaf,Bakery,Modern,108,35,LOW,100,2026-10-20
LULU-ORD-2571,LULU-TVM-01,Banana Chips 1kg,Snacks,Local Kerala,23,9,LOW,82,2026-09-24
LULU-ORD-2572,LULU-KOCHI-01,Bread Loaf,Bakery,Modern,506,27,LOW,51,2026-10-12
LULU-ORD-2573,LULU-TVM-01,Chicken 1kg,Meat,Suguna,233,10,MEDIUM,66,2026-09-25
LULU-ORD-2574,LULU-TVM-01,Basmati Rice 5kg,Grocery,India Gate,582,40,LOW,146,2026-10-25
LULU-ORD-2575,LULU-KOCHI-02,Atta 10kg,Grocery,Aashirvaad,126,27,LOW,29,2026-10-12
LULU-ORD-2576,LULU-KOCHI-02,Chicken 1kg,Meat,Suguna,144,2,HIGH,99,2026-09-17
LULU-ORD-2577,LULU-KOCHI-02,Paneer 200g,Dairy,Milma,381,9,MEDIUM,162,2026-09-24
LULU-ORD-2578,LULU-KOCHI-01,Atta 10kg,Grocery,Aashirvaad,360,12,MEDIUM,17,2026-09-27
LULU-ORD-2579,LULU-CLT-02,Chicken 1kg,Meat,Suguna,237,9,MEDIUM,186,2026-09-24
LULU-ORD-2580,LULU-CLT-02,Basmati Rice 5kg,Grocery,India Gate,324,9,MEDIUM,43,2026-09-24
LULU-ORD-2581,LULU-CLT-01,Chicken 1kg,Meat,Suguna,445,45,LOW,29,2026-10-30
LULU-ORD-2582,LULU-CLT-01,Milma Curd 500g,Dairy,Milma,505,28,LOW,60,2026-10-13
LULU-ORD-2583,LULU-TVM-01,Chicken 1kg,Meat,Suguna,43,43,LOW,161,2026-10-28
LULU-ORD-2584,LULU-KOCHI-01,Milma Curd 500g,Dairy,Milma,490,8,MEDIUM,21,2026-09-23
LULU-ORD-2585,LULU-CLT-01,Chicken 1kg,Meat,Suguna,318,43,LOW,34,2026-10-28
LULU-ORD-2586,LULU-CLT-02,Chicken 1kg,Meat,Suguna,220,38,LOW,57,2026-10-23
LULU-ORD-2587,LULU-CLT-02,Bread Loaf,Bakery,Modern,39,6,LOW,81,2026-09-21
LULU-ORD-2588,LULU-CLT-02,Mango 1kg,Fruits,Local Farm,366,23,LOW,138,2026-10-08
LULU-ORD-2589,LULU-TVM-01,Mango 1kg,Fruits,Local Farm,257,33,LOW,27,2026-10-18
LULU-ORD-2590,LULU-CLT-02,Chicken 1kg,Meat,Suguna,24,34,LOW,193,2026-10-19
LULU-ORD-2591,LULU-TVM-01,Basmati Rice 5kg,Grocery,India Gate,298,11,MEDIUM,11,2026-09-26
LULU-ORD-2592,LULU-KOCHI-02,Chicken 1kg,Meat,Suguna,229,33,LOW,103,2026-10-18
LULU-ORD-2593,LULU-CLT-01,Mango 1kg,Fruits,Local Farm,199,29,LOW,56,2026-10-14
LULU-ORD-2594,LULU-CLT-02,Bread Loaf,Bakery,Modern,398,28,LOW,141,2026-10-13
LULU-ORD-2595,LULU-KOCHI-01,Basmati Rice 5kg,Grocery,India Gate,427,8,MEDIUM,41,2026-09-23
LULU-ORD-2596,LULU-CLT-02,Lulu Gold Coin,Jewellery,Lulu Gold,122,34,LOW,136,2026-10-19
LULU-ORD-2597,LULU-CLT-01,Bread Loaf,Bakery,Modern,305,36,LOW,31,2026-10-21
LULU-ORD-2598,LULU-KOCHI-02,Bread Loaf,Bakery,Modern,515,8,MEDIUM,82,2026-09-23
LULU-ORD-2599,LULU-KOCHI-02,Lulu Gold Coin,Jewellery,Lulu Gold,329,44,LOW,67,2026-10-29
LULU-ORD-2600,LULU-KOCHI-02,Atta 10kg,Grocery,Aashirvaad,427,19,LOW,58,2026-10-04
LULU-ORD-2601,LULU-KOCHI-01,Chicken 1kg,Meat,Suguna,497,44,LOW,55,2026-10-29
LULU-ORD-2602,LULU-CLT-01,Milma Curd 500g,Dairy,Milma,513,44,LOW,111,2026-10-29
LULU-ORD-2603,LULU-CLT-01,Lulu Gold Coin,Jewellery,Lulu Gold,545,43,LOW,40,2026-10-28
LULU-ORD-2604,LULU-TVM-01,Banana Chips 1kg,Snacks,Local Kerala,414,26,LOW,36,2026-10-11
LULU-ORD-2605,LULU-CLT-02,Banana Chips 1kg,Snacks,Local Kerala,76,24,LOW,96,2026-10-09
LULU-ORD-2606,LULU-CLT-02,Basmati Rice 5kg,Grocery,India Gate,423,8,MEDIUM,118,2026-09-23
LULU-ORD-2607,LULU-TVM-01,Lulu Gold Coin,Jewellery,Lulu Gold,295,38,LOW,79,2026-10-23
LULU-ORD-2608,LULU-TVM-01,Dates 500g,Dry Fruits,Lulu Import,374,31,LOW,113,2026-10-16
LULU-ORD-2609,LULU-CLT-02,Lulu Gold Coin,Jewellery,Lulu Gold,533,18,LOW,126,2026-10-03
LULU-ORD-2610,LULU-KOCHI-02,Chicken 1kg,Meat,Suguna,135,17,LOW,137,2026-10-02
LULU-ORD-2611,LULU-CLT-01,Basmati Rice 5kg,Grocery,India Gate,147,2,HIGH,198,2026-09-17
LULU-ORD-2612,LULU-CLT-01,Milma Curd 500g,Dairy,Milma,79,32,LOW,55,2026-10-17
LULU-ORD-2613,LULU-KOCHI-01,Dates 500g,Dry Fruits,Lulu Import,344,10,MEDIUM,169,2026-09-25
LULU-ORD-2614,LULU-TVM-01,Mango 1kg,Fruits,Local Farm,108,5,HIGH,136,2026-09-20
LULU-ORD-2615,LULU-KOCHI-02,Lulu Gold Coin,Jewellery,Lulu Gold,216,19,LOW,135,2026-10-04
LULU-ORD-2616,LULU-KOCHI-01,Atta 10kg,Grocery,Aashirvaad,277,35,LOW,148,2026-10-20
LULU-ORD-2617,LULU-KOCHI-02,Atta 10kg,Grocery,Aashirvaad,28,3,LOW,40,2026-09-18
LULU-ORD-2618,LULU-KOCHI-02,Dates 500g,Dry Fruits,Lulu Import,470,21,LOW,123,2026-10-06
LULU-ORD-2619,LULU-CLT-02,Lulu Gold Coin,Jewellery,Lulu Gold,46,3,LOW,152,2026-09-18
LULU-ORD-2620,LULU-KOCHI-02,Paneer 200g,Dairy,Milma,178,32,LOW,44,2026-10-17
LULU-ORD-2621,LULU-CLT-01,Paneer 200g,Dairy,Milma,408,32,LOW,155,2026-10-17
LULU-ORD-2622,LULU-TVM-01,Lulu Gold Coin,Jewellery,Lulu Gold,577,44,LOW,156,2026-10-29
LULU-ORD-2623,LULU-CLT-02,Lulu Gold Coin,Jewellery,Lulu Gold,497,36,LOW,139,2026-10-21
LULU-ORD-2624,LULU-KOCHI-02,Milma Curd 500g,Dairy,Milma,410,17,LOW,161,2026-10-02
LULU-ORD-2625,LULU-KOCHI-01,Dates 500g,Dry Fruits,Lulu Import,371,19,LOW,25,2026-10-04
LULU-ORD-2626,LULU-KOCHI-01,Milma Curd 500g,Dairy,Milma,56,9,MEDIUM,99,2026-09-24
LULU-ORD-2627,LULU-KOCHI-01,Mango 1kg,Fruits,Local Farm,37,41,LOW,107,2026-10-26
LULU-ORD-2628,LULU-KOCHI-01,Chicken 1kg,Meat,Suguna,448,23,LOW,115,2026-10-08
LULU-ORD-2629,LULU-CLT-02,Bread Loaf,Bakery,Modern,67,43,LOW,73,2026-10-28
LULU-ORD-2630,LULU-CLT-01,Basmati Rice 5kg,Grocery,India Gate,329,38,LOW,186,2026-10-23
LULU-ORD-2631,LULU-KOCHI-01,Chicken 1kg,Meat,Suguna,322,8,MEDIUM,53,2026-09-23
LULU-ORD-2632,LULU-CLT-01,Milma Curd 500g,Dairy,Milma,561,21,LOW,127,2026-10-06
LULU-ORD-2633,LULU-KOCHI-02,Dates 500g,Dry Fruits,Lulu Import,591,33,LOW,78,2026-10-18
LULU-ORD-2634,LULU-CLT-01,Milma Curd 500g,Dairy,Milma,490,38,LOW,91,2026-10-23
LULU-ORD-2635,LULU-KOCHI-01,Dates 500g,Dry Fruits,Lulu Import,594,25,LOW,156,2026-10-10
LULU-ORD-2636,LULU-CLT-02,Chicken 1kg,Meat,Suguna,510,7,MEDIUM,96,2026-09-22
LULU-ORD-2637,LULU-KOCHI-01,Lulu Gold Coin,Jewellery,Lulu Gold,524,43,LOW,52,2026-10-28
LULU-ORD-2638,LULU-KOCHI-02,Mango 1kg,Fruits,Local Farm,316,24,LOW,61,2026-10-09
LULU-ORD-2639,LULU-CLT-02,Lulu Gold Coin,Jewellery,Lulu Gold,87,35,LOW,83,2026-10-20
LULU-ORD-2640,LULU-TVM-01,Paneer 200g,Dairy,Milma,58,20,LOW,112,2026-10-05
LULU-ORD-2641,LULU-CLT-01,Basmati Rice 5kg,Grocery,India Gate,104,38,LOW,161,2026-10-23
LULU-ORD-2642,LULU-TVM-01,Bread Loaf,Bakery,Modern,289,5,HIGH,145,2026-09-20
LULU-ORD-2643,LULU-KOCHI-01,Lulu Gold Coin,Jewellery,Lulu Gold,447,14,MEDIUM,29,2026-09-29
LULU-ORD-2644,LULU-KOCHI-02,Paneer 200g,Dairy,Milma,526,20,LOW,179,2026-10-05
LULU-ORD-2645,LULU-KOCHI-02,Atta 10kg,Grocery,Aashirvaad,330,13,MEDIUM,112,2026-09-28
LULU-ORD-2646,LULU-TVM-01,Paneer 200g,Dairy,Milma,537,30,LOW,56,2026-10-15
LULU-ORD-2647,LULU-TVM-01,Milma Curd 500g,Dairy,Milma,538,12,MEDIUM,137,2026-09-27
LULU-ORD-2648,LULU-TVM-01,Basmati Rice 5kg,Grocery,India Gate,488,18,LOW,167,2026-10-03
LULU-ORD-2649,LULU-CLT-01,Dates 500g,Dry Fruits,Lulu Import,589,41,LOW,143,2026-10-26
LULU-ORD-2650,LULU-CLT-02,Basmati Rice 5kg,Grocery,India Gate,383,30,LOW,71,2026-10-15
LULU-ORD-2651,LULU-KOCHI-02,Banana Chips 1kg,Snacks,Local Kerala,317,28,LOW,91,2026-10-13
LULU-ORD-2652,LULU-KOCHI-01,Chicken 1kg,Meat,Suguna,218,27,LOW,83,2026-10-12
LULU-ORD-2653,LULU-TVM-01,Banana Chips 1kg,Snacks,Local Kerala,272,44,LOW,70,2026-10-29
LULU-ORD-2654,LULU-CLT-02,Dates 500g,Dry Fruits,Lulu Import,254,8,MEDIUM,59,2026-09-23
LULU-ORD-2655,LULU-KOCHI-02,Milma Curd 500g,Dairy,Milma,261,20,LOW,134,2026-10-05
LULU-ORD-2656,LULU-CLT-01,Atta 10kg,Grocery,Aashirvaad,456,28,LOW,61,2026-10-13
LULU-ORD-2657,LULU-CLT-01,Banana Chips 1kg,Snacks,Local Kerala,289,9,MEDIUM,76,2026-09-24
LULU-ORD-2658,LULU-CLT-01,Paneer 200g,Dairy,Milma,573,12,MEDIUM,194,2026-09-27
LULU-ORD-2659,LULU-CLT-01,Lulu Gold Coin,Jewellery,Lulu Gold,30,4,LOW,90,2026-09-19
LULU-ORD-2660,LULU-KOCHI-02,Mango 1kg,Fruits,Local Farm,315,5,HIGH,103,2026-09-20
LULU-ORD-2661,LULU-CLT-02,Chicken 1kg,Meat,Suguna,416,9,MEDIUM,38,2026-09-24
LULU-ORD-2662,LULU-TVM-01,Mango 1kg,Fruits,Local Farm,522,8,MEDIUM,180,2026-09-23
LULU-ORD-2663,LULU-KOCHI-02,Mango 1kg,Fruits,Local Farm,547,17,LOW,33,2026-10-02
LULU-ORD-2664,LULU-KOCHI-01,Basmati Rice 5kg,Grocery,India Gate,135,21,LOW,159,2026-10-06
LULU-ORD-2665,LULU-CLT-02,Dates 500g,Dry Fruits,Lulu Import,251,28,LOW,46,2026-10-13
LULU-ORD-2666,LULU-KOCHI-01,Chicken 1kg,Meat,Suguna,189,14,MEDIUM,122,2026-09-29
LULU-ORD-2667,LULU-CLT-01,Dates 500g,Dry Fruits,Lulu Import,270,38,LOW,135,2026-10-23
LULU-ORD-2668,LULU-CLT-01,Atta 10kg,Grocery,Aashirvaad,393,45,LOW,91,2026-10-30
LULU-ORD-2669,LULU-CLT-02,Atta 10kg,Grocery,Aashirvaad,443,31,LOW,81,2026-10-16
LULU-ORD-2670,LULU-KOCHI-01,Banana Chips 1kg,Snacks,Local Kerala,381,31,LOW,88,2026-10-16
LULU-ORD-2671,LULU-CLT-01,Milma Curd 500g,Dairy,Milma,45,43,LOW,186,2026-10-28
LULU-ORD-2672,LULU-KOCHI-02,Basmati Rice 5kg,Grocery,India Gate,269,36,LOW,89,2026-10-21
LULU-ORD-2673,LULU-CLT-02,Bread Loaf,Bakery,Modern,134,35,LOW,123,2026-10-20
LULU-ORD-2674,LULU-KOCHI-01,Dates 500g,Dry Fruits,Lulu Import,18,26,LOW,87,2026-10-11
LULU-ORD-2675,LULU-CLT-02,Chicken 1kg,Meat,Suguna,251,20,LOW,51,2026-10-05
LULU-ORD-2676,LULU-KOCHI-02,Lulu Gold Coin,Jewellery,Lulu Gold,334,42,LOW,18,2026-10-27
LULU-ORD-2677,LULU-KOCHI-02,Paneer 200g,Dairy,Milma,92,32,LOW,198,2026-10-17
LULU-ORD-2678,LULU-CLT-01,Dates 500g,Dry Fruits,Lulu Import,350,28,LOW,51,2026-10-13
LULU-ORD-2679,LULU-KOCHI-01,Paneer 200g,Dairy,Milma,528,5,HIGH,117,2026-09-20
LULU-ORD-2680,LULU-KOCHI-02,Mango 1kg,Fruits,Local Farm,570,21,LOW,187,2026-10-06
LULU-ORD-2681,LULU-CLT-02,Milma Curd 500g,Dairy,Milma,63,42,LOW,171,2026-10-27
LULU-ORD-2682,LULU-KOCHI-02,Lulu Gold Coin,Jewellery,Lulu Gold,149,1,HIGH,61,2026-09-16
LULU-ORD-2683,LULU-CLT-01,Paneer 200g,Dairy,Milma,331,37,LOW,38,2026-10-22
LULU-ORD-2684,LULU-CLT-02,Banana Chips 1kg,Snacks,Local Kerala,265,34,LOW,162,2026-10-19
LULU-ORD-2685,LULU-KOCHI-02,Dates 500g,Dry Fruits,Lulu Import,337,29,LOW,198,2026-10-14
LULU-ORD-2686,LULU-TVM-01,Banana Chips 1kg,Snacks,Local Kerala,276,12,MEDIUM,93,2026-09-27
LULU-ORD-2687,LULU-KOCHI-02,Paneer 200g,Dairy,Milma,213,6,MEDIUM,104,2026-09-21
LULU-ORD-2688,LULU-TVM-01,Banana Chips 1kg,Snacks,Local Kerala,412,25,LOW,67,2026-10-10
LULU-ORD-2689,LULU-TVM-01,Milma Curd 500g,Dairy,Milma,33,36,LOW,170,2026-10-21
LULU-ORD-2690,LULU-CLT-02,Basmati Rice 5kg,Grocery,India Gate,101,30,LOW,77,2026-10-15
LULU-ORD-2691,LULU-TVM-01,Banana Chips 1kg,Snacks,Local Kerala,60,26,LOW,119,2026-10-11
LULU-ORD-2692,LULU-CLT-01,Mango 1kg,Fruits,Local Farm,276,10,MEDIUM,104,2026-09-25
LULU-ORD-2693,LULU-CLT-01,Banana Chips 1kg,Snacks,Local Kerala,590,8,MEDIUM,193,2026-09-23
LULU-ORD-2694,LULU-KOCHI-02,Atta 10kg,Grocery,Aashirvaad,455,30,LOW,40,2026-10-15
LULU-ORD-2695,LULU-KOCHI-01,Basmati Rice 5kg,Grocery,India Gate,218,13,MEDIUM,83,2026-09-28
LULU-ORD-2696,LULU-KOCHI-02,Lulu Gold Coin,Jewellery,Lulu Gold,401,9,MEDIUM,62,2026-09-24
LULU-ORD-2697,LULU-CLT-02,Mango 1kg,Fruits,Local Farm,230,19,LOW,117,2026-10-04
LULU-ORD-2698,LULU-CLT-01,Banana Chips 1kg,Snacks,Local Kerala,428,10,MEDIUM,84,2026-09-25
LULU-ORD-2699,LULU-KOCHI-02,Paneer 200g,Dairy,Milma,251,40,LOW,73,2026-10-25
LULU-ORD-2700,LULU-CLT-01,Bread Loaf,Bakery,Modern,479,6,MEDIUM,130,2026-09-21
LULU-ORD-2701,LULU-KOCHI-02,Banana Chips 1kg,Snacks,Local Kerala,341,45,LOW,185,2026-10-30
LULU-ORD-2702,LULU-TVM-01,Basmati Rice 5kg,Grocery,India Gate,402,28,LOW,75,2026-10-13
LULU-ORD-2703,LULU-CLT-01,Chicken 1kg,Meat,Suguna,107,36,LOW,23,2026-10-21
LULU-ORD-2704,LULU-KOCHI-01,Bread Loaf,Bakery,Modern,250,31,LOW,165,2026-10-16
LULU-ORD-2705,LULU-KOCHI-01,Mango 1kg,Fruits,Local Farm,56,1,MEDIUM,139,2026-09-16
LULU-ORD-2706,LULU-KOCHI-02,Mango 1kg,Fruits,Local Farm,400,20,LOW,181,2026-10-05
LULU-ORD-2707,LULU-CLT-01,Bread Loaf,Bakery,Modern,145,36,LOW,158,2026-10-21
LULU-ORD-2708,LULU-TVM-01,Banana Chips 1kg,Snacks,Local Kerala,276,11,MEDIUM,136,2026-09-26
LULU-ORD-2709,LULU-CLT-01,Bread Loaf,Bakery,Modern,489,9,MEDIUM,91,2026-09-24
LULU-ORD-2710,LULU-KOCHI-01,Atta 10kg,Grocery,Aashirvaad,453,10,MEDIUM,39,2026-09-25
LULU-ORD-2711,LULU-KOCHI-02,Bread Loaf,Bakery,Modern,55,9,MEDIUM,81,2026-09-24
LULU-ORD-2712,LULU-KOCHI-01,Bread Loaf,Bakery,Modern,450,19,LOW,166,2026-10-04
LULU-ORD-2713,LULU-KOCHI-02,Paneer 200g,Dairy,Milma,539,21,LOW,52,2026-10-06
LULU-ORD-2714,LULU-TVM-01,Bread Loaf,Bakery,Modern,513,10,MEDIUM,178,2026-09-25
LULU-ORD-2715,LULU-CLT-02,Lulu Gold Coin,Jewellery,Lulu Gold,64,13,MEDIUM,23,2026-09-28
LULU-ORD-2716,LULU-KOCHI-02,Basmati Rice 5kg,Grocery,India Gate,197,3,HIGH,76,2026-09-18
LULU-ORD-2717,LULU-CLT-01,Banana Chips 1kg,Snacks,Local Kerala,488,28,LOW,136,2026-10-13
LULU-ORD-2718,LULU-TVM-01,Milma Curd 500g,Dairy,Milma,462,23,LOW,134,2026-10-08
LULU-ORD-2719,LULU-CLT-02,Lulu Gold Coin,Jewellery,Lulu Gold,514,8,MEDIUM,41,2026-09-23
LULU-ORD-2720,LULU-KOCHI-01,Bread Loaf,Bakery,Modern,105,14,MEDIUM,56,2026-09-29
LULU-ORD-2721,LULU-TVM-01,Banana Chips 1kg,Snacks,Local Kerala,530,18,LOW,179,2026-10-03
LULU-ORD-2722,LULU-CLT-01,Mango 1kg,Fruits,Local Farm,227,38,LOW,144,2026-10-23
LULU-ORD-2723,LULU-CLT-01,Mango 1kg,Fruits,Local Farm,194,27,LOW,73,2026-10-12
LULU-ORD-2724,LULU-CLT-01,Lulu Gold Coin,Jewellery,Lulu Gold,106,22,LOW,82,2026-10-07
LULU-ORD-2725,LULU-TVM-01,Chicken 1kg,Meat,Suguna,413,24,LOW,37,2026-10-09
LULU-ORD-2726,LULU-CLT-01,Bread Loaf,Bakery,Modern,167,2,HIGH,127,2026-09-17
LULU-ORD-2727,LULU-KOCHI-01,Lulu Gold Coin,Jewellery,Lulu Gold,474,41,LOW,162,2026-10-26
LULU-ORD-2728,LULU-TVM-01,Milma Curd 500g,Dairy,Milma,347,3,HIGH,125,2026-09-18
LULU-ORD-2729,LULU-CLT-02,Bread Loaf,Bakery,Modern,592,9,MEDIUM,22,2026-09-24
LULU-ORD-2730,LULU-CLT-01,Paneer 200g,Dairy,Milma,340,4,HIGH,150,2026-09-19
LULU-ORD-2731,LULU-KOCHI-02,Mango 1kg,Fruits,Local Farm,400,6,MEDIUM,75,2026-09-21
LULU-ORD-2732,LULU-CLT-01,Banana Chips 1kg,Snacks,Local Kerala,255,26,LOW,15,2026-10-11
LULU-ORD-2733,LULU-KOCHI-02,Basmati Rice 5kg,Grocery,India Gate,176,25,LOW,82,2026-10-10
LULU-ORD-2734,LULU-KOCHI-02,Banana Chips 1kg,Snacks,Local Kerala,133,20,LOW,120,2026-10-05
LULU-ORD-2735,LULU-CLT-01,Paneer 200g,Dairy,Milma,144,23,LOW,104,2026-10-08
LULU-ORD-2736,LULU-KOCHI-02,Atta 10kg,Grocery,Aashirvaad,214,32,LOW,109,2026-10-17
LULU-ORD-2737,LULU-TVM-01,Lulu Gold Coin,Jewellery,Lulu Gold,284,37,LOW,118,2026-10-22
LULU-ORD-2738,LULU-TVM-01,Chicken 1kg,Meat,Suguna,442,24,LOW,57,2026-10-09
LULU-ORD-2739,LULU-CLT-01,Dates 500g,Dry Fruits,Lulu Import,446,6,MEDIUM,141,2026-09-21
LULU-ORD-2740,LULU-CLT-02,Bread Loaf,Bakery,Modern,484,44,LOW,175,2026-10-29
LULU-ORD-2741,LULU-TVM-01,Banana Chips 1kg,Snacks,Local Kerala,517,34,LOW,31,2026-10-19
LULU-ORD-2742,LULU-CLT-01,Paneer 200g,Dairy,Milma,489,28,LOW,132,2026-10-13
LULU-ORD-2743,LULU-KOCHI-01,Paneer 200g,Dairy,Milma,162,9,MEDIUM,73,2026-09-24
LULU-ORD-2744,LULU-TVM-01,Atta 10kg,Grocery,Aashirvaad,447,19,LOW,22,2026-10-04
LULU-ORD-2745,LULU-TVM-01,Atta 10kg,Grocery,Aashirvaad,88,3,MEDIUM,37,2026-09-18
LULU-ORD-2746,LULU-CLT-01,Atta 10kg,Grocery,Aashirvaad,445,27,LOW,128,2026-10-12
LULU-ORD-2747,LULU-KOCHI-01,Mango 1kg,Fruits,Local Farm,269,23,LOW,159,2026-10-08
LULU-ORD-2748,LULU-CLT-01,Chicken 1kg,Meat,Suguna,525,2,HIGH,199,2026-09-17
LULU-ORD-2749,LULU-KOCHI-02,Lulu Gold Coin,Jewellery,Lulu Gold,193,12,MEDIUM,21,2026-09-27
LULU-ORD-2750,LULU-KOCHI-01,Chicken 1kg,Meat,Suguna,436,20,LOW,160,2026-10-05
LULU-ORD-2751,LULU-KOCHI-01,Lulu Gold Coin,Jewellery,Lulu Gold,470,40,LOW,97,2026-10-25
LULU-ORD-2752,LULU-CLT-01,Banana Chips 1kg,Snacks,Local Kerala,226,12,MEDIUM,164,2026-09-27
LULU-ORD-2753,LULU-TVM-01,Paneer 200g,Dairy,Milma,118,28,LOW,14,2026-10-13
LULU-ORD-2754,LULU-CLT-01,Milma Curd 500g,Dairy,Milma,414,8,MEDIUM,53,2026-09-23
LULU-ORD-2755,LULU-KOCHI-02,Lulu Gold Coin,Jewellery,Lulu Gold,481,45,LOW,178,2026-10-30
LULU-ORD-2756,LULU-TVM-01,Mango 1kg,Fruits,Local Farm,508,20,LOW,167,2026-10-05
LULU-ORD-2757,LULU-CLT-01,Bread Loaf,Bakery,Modern,414,20,LOW,42,2026-10-05
LULU-ORD-2758,LULU-CLT-01,Banana Chips 1kg,Snacks,Local Kerala,24,13,LOW,14,2026-09-28
LULU-ORD-2759,LULU-KOCHI-02,Basmati Rice 5kg,Grocery,India Gate,37,14,LOW,176,2026-09-29
LULU-ORD-2760,LULU-TVM-01,Banana Chips 1kg,Snacks,Local Kerala,257,28,LOW,58,2026-10-13
LULU-ORD-2761,LULU-CLT-02,Chicken 1kg,Meat,Suguna,318,30,LOW,131,2026-10-15
LULU-ORD-2762,LULU-CLT-02,Dates 500g,Dry Fruits,Lulu Import,32,8,LOW,49,2026-09-23
LULU-ORD-2763,LULU-CLT-01,Lulu Gold Coin,Jewellery,Lulu Gold,506,31,LOW,125,2026-10-16
LULU-ORD-2764,LULU-KOCHI-01,Mango 1kg,Fruits,Local Farm,258,13,MEDIUM,155,2026-09-28
LULU-ORD-2765,LULU-CLT-01,Dates 500g,Dry Fruits,Lulu Import,62,22,LOW,36,2026-10-07
LULU-ORD-2766,LULU-TVM-01,Dates 500g,Dry Fruits,Lulu Import,435,32,LOW,162,2026-10-17
LULU-ORD-2767,LULU-KOCHI-02,Atta 10kg,Grocery,Aashirvaad,307,3,HIGH,112,2026-09-18
LULU-ORD-2768,LULU-TVM-01,Lulu Gold Coin,Jewellery,Lulu Gold,535,38,LOW,183,2026-10-23
LULU-ORD-2769,LULU-TVM-01,Lulu Gold Coin,Jewellery,Lulu Gold,247,4,HIGH,14,2026-09-19
LULU-ORD-2770,LULU-TVM-01,Dates 500g,Dry Fruits,Lulu Import,600,21,LOW,26,2026-10-06
LULU-ORD-2771,LULU-CLT-01,Paneer 200g,Dairy,Milma,437,31,LOW,136,2026-10-16
LULU-ORD-2772,LULU-KOCHI-02,Mango 1kg,Fruits,Local Farm,365,29,LOW,15,2026-10-14
LULU-ORD-2773,LULU-KOCHI-02,Banana Chips 1kg,Snacks,Local Kerala,304,13,MEDIUM,98,2026-09-28
LULU-ORD-2774,LULU-CLT-02,Lulu Gold Coin,Jewellery,Lulu Gold,247,33,LOW,160,2026-10-18
LULU-ORD-2775,LULU-KOCHI-01,Bread Loaf,Bakery,Modern,489,9,MEDIUM,195,2026-09-24
LULU-ORD-2776,LULU-KOCHI-01,Dates 500g,Dry Fruits,Lulu Import,436,44,LOW,130,2026-10-29
LULU-ORD-2777,LULU-CLT-01,Banana Chips 1kg,Snacks,Local Kerala,222,19,LOW,180,2026-10-04
LULU-ORD-2778,LULU-CLT-02,Lulu Gold Coin,Jewellery,Lulu Gold,142,12,MEDIUM,50,2026-09-27
LULU-ORD-2779,LULU-KOCHI-02,Mango 1kg,Fruits,Local Farm,513,7,MEDIUM,136,2026-09-22
LULU-ORD-2780,LULU-TVM-01,Paneer 200g,Dairy,Milma,250,14,MEDIUM,22,2026-09-29
LULU-ORD-2781,LULU-KOCHI-01,Milma Curd 500g,Dairy,Milma,377,17,LOW,183,2026-10-02
LULU-ORD-2782,LULU-CLT-01,Banana Chips 1kg,Snacks,Local Kerala,188,33,LOW,26,2026-10-18
LULU-ORD-2783,LULU-TVM-01,Bread Loaf,Bakery,Modern,450,8,MEDIUM,68,2026-09-23
LULU-ORD-2784,LULU-KOCHI-02,Chicken 1kg,Meat,Suguna,585,15,MEDIUM,76,2026-09-30
LULU-ORD-2785,LULU-TVM-01,Bread Loaf,Bakery,Modern,373,3,HIGH,78,2026-09-18
LULU-ORD-2786,LULU-CLT-01,Banana Chips 1kg,Snacks,Local Kerala,537,39,LOW,190,2026-10-24
LULU-ORD-2787,LULU-CLT-01,Milma Curd 500g,Dairy,Milma,458,30,LOW,37,2026-10-15
LULU-ORD-2788,LULU-CLT-01,Mango 1kg,Fruits,Local Farm,114,36,LOW,139,2026-10-21
LULU-ORD-2789,LULU-CLT-01,Chicken 1kg,Meat,Suguna,181,41,LOW,62,2026-10-26
LULU-ORD-2790,LULU-KOCHI-02,Bread Loaf,Bakery,Modern,170,19,LOW,139,2026-10-04
LULU-ORD-2791,LULU-KOCHI-01,Lulu Gold Coin,Jewellery,Lulu Gold,111,10,MEDIUM,95,2026-09-25
LULU-ORD-2792,LULU-KOCHI-02,Banana Chips 1kg,Snacks,Local Kerala,135,13,MEDIUM,116,2026-09-28
LULU-ORD-2793,LULU-KOCHI-01,Milma Curd 500g,Dairy,Milma,261,31,LOW,83,2026-10-16
LULU-ORD-2794,LULU-KOCHI-01,Atta 10kg,Grocery,Aashirvaad,185,6,MEDIUM,105,2026-09-21
LULU-ORD-2795,LULU-CLT-02,Dates 500g,Dry Fruits,Lulu Import,379,41,LOW,48,2026-10-26
LULU-ORD-2796,LULU-CLT-02,Atta 10kg,Grocery,Aashirvaad,441,15,MEDIUM,119,2026-09-30
LULU-ORD-2797,LULU-TVM-01,Dates 500g,Dry Fruits,Lulu Import,429,30,LOW,184,2026-10-15
LULU-ORD-2798,LULU-CLT-02,Bread Loaf,Bakery,Modern,40,29,LOW,12,2026-10-14
LULU-ORD-2799,LULU-KOCHI-01,Atta 10kg,Grocery,Aashirvaad,81,6,MEDIUM,90,2026-09-21
LULU-ORD-2800,LULU-CLT-01,Dates 500g,Dry Fruits,Lulu Import,178,28,LOW,110,2026-10-13
LULU-ORD-2801,LULU-CLT-01,Milma Curd 500g,Dairy,Milma,164,37,LOW,171,2026-10-22
LULU-ORD-2802,LULU-KOCHI-02,Atta 10kg,Grocery,Aashirvaad,312,27,LOW,184,2026-10-12
LULU-ORD-2803,LULU-KOCHI-01,Atta 10kg,Grocery,Aashirvaad,321,21,LOW,12,2026-10-06
LULU-ORD-2804,LULU-CLT-02,Paneer 200g,Dairy,Milma,550,40,LOW,189,2026-10-25
LULU-ORD-2805,LULU-CLT-02,Dates 500g,Dry Fruits,Lulu Import,466,42,LOW,149,2026-10-27
LULU-ORD-2806,LULU-KOCHI-01,Mango 1kg,Fruits,Local Farm,462,45,LOW,176,2026-10-30
LULU-ORD-2807,LULU-CLT-01,Dates 500g,Dry Fruits,Lulu Import,212,20,LOW,19,2026-10-05
LULU-ORD-2808,LULU-CLT-02,Atta 10kg,Grocery,Aashirvaad,352,25,LOW,143,2026-10-10
LULU-ORD-2809,LULU-CLT-01,Atta 10kg,Grocery,Aashirvaad,300,14,MEDIUM,140,2026-09-29
LULU-ORD-2810,LULU-KOCHI-01,Atta 10kg,Grocery,Aashirvaad,329,34,LOW,172,2026-10-19
LULU-ORD-2811,LULU-TVM-01,Banana Chips 1kg,Snacks,Local Kerala,33,2,LOW,161,2026-09-17
LULU-ORD-2812,LULU-KOCHI-02,Paneer 200g,Dairy,Milma,257,20,LOW,139,2026-10-05
LULU-ORD-2813,LULU-KOCHI-01,Chicken 1kg,Meat,Suguna,71,24,LOW,170,2026-10-09
LULU-ORD-2814,LULU-CLT-01,Atta 10kg,Grocery,Aashirvaad,372,8,MEDIUM,176,2026-09-23
LULU-ORD-2815,LULU-TVM-01,Chicken 1kg,Meat,Suguna,469,20,LOW,198,2026-10-05
LULU-ORD-2816,LULU-CLT-02,Milma Curd 500g,Dairy,Milma,474,22,LOW,200,2026-10-07
LULU-ORD-2817,LULU-TVM-01,Mango 1kg,Fruits,Local Farm,589,41,LOW,162,2026-10-26
LULU-ORD-2818,LULU-KOCHI-01,Basmati Rice 5kg,Grocery,India Gate,368,20,LOW,180,2026-10-05
LULU-ORD-2819,LULU-TVM-01,Mango 1kg,Fruits,Local Farm,153,25,LOW,198,2026-10-10
LULU-ORD-2820,LULU-TVM-01,Basmati Rice 5kg,Grocery,India Gate,117,21,LOW,159,2026-10-06
LULU-ORD-2821,LULU-CLT-01,Basmati Rice 5kg,Grocery,India Gate,379,30,LOW,47,2026-10-15
LULU-ORD-2822,LULU-CLT-01,Dates 500g,Dry Fruits,Lulu Import,431,6,MEDIUM,25,2026-09-21
LULU-ORD-2823,LULU-CLT-02,Dates 500g,Dry Fruits,Lulu Import,143,31,LOW,124,2026-10-16
LULU-ORD-2824,LULU-TVM-01,Chicken 1kg,Meat,Suguna,388,44,LOW,113,2026-10-29
LULU-ORD-2825,LULU-KOCHI-02,Mango 1kg,Fruits,Local Farm,582,34,LOW,77,2026-10-19
LULU-ORD-2826,LULU-KOCHI-02,Mango 1kg,Fruits,Local Farm,520,41,LOW,122,2026-10-26
LULU-ORD-2827,LULU-CLT-02,Lulu Gold Coin,Jewellery,Lulu Gold,436,11,MEDIUM,139,2026-09-26
LULU-ORD-2828,LULU-CLT-02,Banana Chips 1kg,Snacks,Local Kerala,506,30,LOW,190,2026-10-15
LULU-ORD-2829,LULU-CLT-02,Atta 10kg,Grocery,Aashirvaad,551,8,MEDIUM,126,2026-09-23
LULU-ORD-2830,LULU-TVM-01,Lulu Gold Coin,Jewellery,Lulu Gold,43,11,LOW,104,2026-09-26
LULU-ORD-2831,LULU-CLT-01,Chicken 1kg,Meat,Suguna,428,8,MEDIUM,104,2026-09-23
LULU-ORD-2832,LULU-TVM-01,Mango 1kg,Fruits,Local Farm,306,3,HIGH,49,2026-09-18
LULU-ORD-2833,LULU-KOCHI-01,Chicken 1kg,Meat,Suguna,390,20,LOW,87,2026-10-05
LULU-ORD-2834,LULU-CLT-02,Paneer 200g,Dairy,Milma,507,2,HIGH,46,2026-09-17
LULU-ORD-2835,LULU-KOCHI-01,Mango 1kg,Fruits,Local Farm,441,4,HIGH,82,2026-09-19
LULU-ORD-2836,LULU-CLT-01,Basmati Rice 5kg,Grocery,India Gate,197,32,LOW,41,2026-10-17
LULU-ORD-2837,LULU-CLT-01,Atta 10kg,Grocery,Aashirvaad,367,5,HIGH,116,2026-09-20
LULU-ORD-2838,LULU-TVM-01,Lulu Gold Coin,Jewellery,Lulu Gold,596,20,LOW,125,2026-10-05
LULU-ORD-2839,LULU-TVM-01,Bread Loaf,Bakery,Modern,396,31,LOW,43,2026-10-16
LULU-ORD-2840,LULU-KOCHI-02,Banana Chips 1kg,Snacks,Local Kerala,526,41,LOW,125,2026-10-26
LULU-ORD-2841,LULU-CLT-01,Lulu Gold Coin,Jewellery,Lulu Gold,162,21,LOW,169,2026-10-06
LULU-ORD-2842,LULU-CLT-02,Mango 1kg,Fruits,Local Farm,429,25,LOW,111,2026-10-10
LULU-ORD-2843,LULU-KOCHI-02,Bread Loaf,Bakery,Modern,563,3,HIGH,198,2026-09-18
LULU-ORD-2844,LULU-CLT-01,Paneer 200g,Dairy,Milma,100,11,MEDIUM,156,2026-09-26
LULU-ORD-2845,LULU-CLT-01,Paneer 200g,Dairy,Milma,584,42,LOW,174,2026-10-27
LULU-ORD-2846,LULU-TVM-01,Atta 10kg,Grocery,Aashirvaad,97,13,MEDIUM,148,2026-09-28
LULU-ORD-2847,LULU-TVM-01,Mango 1kg,Fruits,Local Farm,64,37,LOW,58,2026-10-22
LULU-ORD-2848,LULU-CLT-01,Lulu Gold Coin,Jewellery,Lulu Gold,524,2,HIGH,178,2026-09-17
LULU-ORD-2849,LULU-KOCHI-01,Atta 10kg,Grocery,Aashirvaad,194,2,HIGH,62,2026-09-17
LULU-ORD-2850,LULU-TVM-01,Basmati Rice 5kg,Grocery,India Gate,464,6,MEDIUM,165,2026-09-21
LULU-ORD-2851,LULU-CLT-01,Bread Loaf,Bakery,Modern,421,38,LOW,135,2026-10-23
LULU-ORD-2852,LULU-CLT-02,Milma Curd 500g,Dairy,Milma,358,28,LOW,116,2026-10-13
LULU-ORD-2853,LULU-KOCHI-02,Milma Curd 500g,Dairy,Milma,550,21,LOW,75,2026-10-06
LULU-ORD-2854,LULU-TVM-01,Chicken 1kg,Meat,Suguna,127,7,MEDIUM,53,2026-09-22
LULU-ORD-2855,LULU-KOCHI-01,Paneer 200g,Dairy,Milma,157,12,MEDIUM,32,2026-09-27
LULU-ORD-2856,LULU-CLT-02,Banana Chips 1kg,Snacks,Local Kerala,324,27,LOW,25,2026-10-12
LULU-ORD-2857,LULU-CLT-01,Mango 1kg,Fruits,Local Farm,343,12,MEDIUM,192,2026-09-27
LULU-ORD-2858,LULU-CLT-01,Milma Curd 500g,Dairy,Milma,315,25,LOW,91,2026-10-10
LULU-ORD-2859,LULU-KOCHI-01,Banana Chips 1kg,Snacks,Local Kerala,432,21,LOW,106,2026-10-06
LULU-ORD-2860,LULU-CLT-02,Chicken 1kg,Meat,Suguna,63,13,MEDIUM,162,2026-09-28
LULU-ORD-2861,LULU-TVM-01,Mango 1kg,Fruits,Local Farm,252,32,LOW,139,2026-10-17
LULU-ORD-2862,LULU-CLT-01,Dates 500g,Dry Fruits,Lulu Import,127,18,LOW,91,2026-10-03
LULU-ORD-2863,LULU-CLT-01,Lulu Gold Coin,Jewellery,Lulu Gold,576,27,LOW,133,2026-10-12
LULU-ORD-2864,LULU-CLT-02,Milma Curd 500g,Dairy,Milma,427,41,LOW,14,2026-10-26
LULU-ORD-2865,LULU-CLT-01,Paneer 200g,Dairy,Milma,577,38,LOW,73,2026-10-23
LULU-ORD-2866,LULU-TVM-01,Atta 10kg,Grocery,Aashirvaad,138,20,LOW,114,2026-10-05
LULU-ORD-2867,LULU-TVM-01,Lulu Gold Coin,Jewellery,Lulu Gold,95,41,LOW,62,2026-10-26
LULU-ORD-2868,LULU-CLT-02,Banana Chips 1kg,Snacks,Local Kerala,392,35,LOW,72,2026-10-20
LULU-ORD-2869,LULU-KOCHI-02,Atta 10kg,Grocery,Aashirvaad,443,36,LOW,20,2026-10-21
LULU-ORD-2870,LULU-KOCHI-01,Milma Curd 500g,Dairy,Milma,485,40,LOW,177,2026-10-25
LULU-ORD-2871,LULU-KOCHI-02,Banana Chips 1kg,Snacks,Local Kerala,10,4,LOW,79,2026-09-19
LULU-ORD-2872,LULU-KOCHI-02,Mango 1kg,Fruits,Local Farm,266,44,LOW,99,2026-10-29
LULU-ORD-2873,LULU-CLT-01,Basmati Rice 5kg,Grocery,India Gate,532,19,LOW,51,2026-10-04
LULU-ORD-2874,LULU-KOCHI-01,Atta 10kg,Grocery,Aashirvaad,586,5,HIGH,32,2026-09-20
LULU-ORD-2875,LULU-TVM-01,Dates 500g,Dry Fruits,Lulu Import,135,9,MEDIUM,81,2026-09-24
LULU-ORD-2876,LULU-TVM-01,Dates 500g,Dry Fruits,Lulu Import,225,40,LOW,91,2026-10-25
LULU-ORD-2877,LULU-KOCHI-01,Bread Loaf,Bakery,Modern,277,29,LOW,72,2026-10-14
LULU-ORD-2878,LULU-KOCHI-02,Bread Loaf,Bakery,Modern,359,14,MEDIUM,163,2026-09-29
LULU-ORD-2879,LULU-CLT-02,Bread Loaf,Bakery,Modern,26,45,LOW,175,2026-10-30
LULU-ORD-2880,LULU-CLT-01,Milma Curd 500g,Dairy,Milma,497,1,HIGH,182,2026-09-16
LULU-ORD-2881,LULU-KOCHI-02,Banana Chips 1kg,Snacks,Local Kerala,433,36,LOW,110,2026-10-21
LULU-ORD-2882,LULU-CLT-01,Atta 10kg,Grocery,Aashirvaad,93,42,LOW,147,2026-10-27
LULU-ORD-2883,LULU-CLT-01,Milma Curd 500g,Dairy,Milma,465,44,LOW,100,2026-10-29
LULU-ORD-2884,LULU-CLT-02,Dates 500g,Dry Fruits,Lulu Import,376,25,LOW,188,2026-10-10
LULU-ORD-2885,LULU-KOCHI-01,Milma Curd 500g,Dairy,Milma,137,30,LOW,59,2026-10-15
LULU-ORD-2886,LULU-CLT-01,Lulu Gold Coin,Jewellery,Lulu Gold,19,15,LOW,81,2026-09-30
LULU-ORD-2887,LULU-TVM-01,Bread Loaf,Bakery,Modern,206,6,MEDIUM,170,2026-09-21
LULU-ORD-2888,LULU-KOCHI-02,Paneer 200g,Dairy,Milma,236,15,MEDIUM,102,2026-09-30
LULU-ORD-2889,LULU-TVM-01,Milma Curd 500g,Dairy,Milma,297,32,LOW,63,2026-10-17
LULU-ORD-2890,LULU-KOCHI-02,Milma Curd 500g,Dairy,Milma,210,41,LOW,38,2026-10-26
LULU-ORD-2891,LULU-KOCHI-02,Paneer 200g,Dairy,Milma,592,33,LOW,53,2026-10-18
LULU-ORD-2892,LULU-TVM-01,Atta 10kg,Grocery,Aashirvaad,208,43,LOW,182,2026-10-28
LULU-ORD-2893,LULU-CLT-01,Mango 1kg,Fruits,Local Farm,588,12,MEDIUM,160,2026-09-27
LULU-ORD-2894,LULU-KOCHI-01,Banana Chips 1kg,Snacks,Local Kerala,76,9,MEDIUM,155,2026-09-24
LULU-ORD-2895,LULU-CLT-02,Basmati Rice 5kg,Grocery,India Gate,545,18,LOW,183,2026-10-03
LULU-ORD-2896,LULU-KOCHI-01,Milma Curd 500g,Dairy,Milma,555,40,LOW,184,2026-10-25
LULU-ORD-2897,LULU-KOCHI-02,Atta 10kg,Grocery,Aashirvaad,474,1,HIGH,174,2026-09-16
LULU-ORD-2898,LULU-KOCHI-02,Milma Curd 500g,Dairy,Milma,340,28,LOW,80,2026-10-13
LULU-ORD-2899,LULU-KOCHI-02,Chicken 1kg,Meat,Suguna,540,30,LOW,102,2026-10-15
LULU-ORD-2900,LULU-CLT-01,Atta 10kg,Grocery,Aashirvaad,54,15,MEDIUM,81,2026-09-30
LULU-ORD-2901,LULU-KOCHI-01,Dates 500g,Dry Fruits,Lulu Import,555,29,LOW,11,2026-10-14
LULU-ORD-2902,LULU-CLT-01,Dates 500g,Dry Fruits,Lulu Import,209,22,LOW,156,2026-10-07
LULU-ORD-2903,LULU-KOCHI-02,Milma Curd 500g,Dairy,Milma,241,45,LOW,29,2026-10-30
LULU-ORD-2904,LULU-KOCHI-01,Basmati Rice 5kg,Grocery,India Gate,211,11,MEDIUM,89,2026-09-26
LULU-ORD-2905,LULU-KOCHI-02,Chicken 1kg,Meat,Suguna,109,2,HIGH,120,2026-09-17
LULU-ORD-2906,LULU-CLT-02,Milma Curd 500g,Dairy,Milma,352,17,LOW,37,2026-10-02
LULU-ORD-2907,LULU-CLT-01,Lulu Gold Coin,Jewellery,Lulu Gold,254,22,LOW,95,2026-10-07
LULU-ORD-2908,LULU-TVM-01,Atta 10kg,Grocery,Aashirvaad,252,5,HIGH,168,2026-09-20
LULU-ORD-2909,LULU-KOCHI-02,Lulu Gold Coin,Jewellery,Lulu Gold,107,41,LOW,158,2026-10-26
LULU-ORD-2910,LULU-CLT-01,Chicken 1kg,Meat,Suguna,97,4,MEDIUM,106,2026-09-19
LULU-ORD-2911,LULU-CLT-01,Bread Loaf,Bakery,Modern,76,9,MEDIUM,123,2026-09-24
LULU-ORD-2912,LULU-KOCHI-02,Milma Curd 500g,Dairy,Milma,318,40,LOW,26,2026-10-25
LULU-ORD-2913,LULU-CLT-01,Chicken 1kg,Meat,Suguna,67,36,LOW,85,2026-10-21
LULU-ORD-2914,LULU-TVM-01,Dates 500g,Dry Fruits,Lulu Import,421,7,MEDIUM,115,2026-09-22
LULU-ORD-2915,LULU-KOCHI-02,Basmati Rice 5kg,Grocery,India Gate,20,30,LOW,128,2026-10-15
LULU-ORD-2916,LULU-CLT-01,Dates 500g,Dry Fruits,Lulu Import,113,22,LOW,126,2026-10-07
LULU-ORD-2917,LULU-CLT-02,Atta 10kg,Grocery,Aashirvaad,346,38,LOW,37,2026-10-23
LULU-ORD-2918,LULU-CLT-01,Chicken 1kg,Meat,Suguna,22,39,LOW,161,2026-10-24
LULU-ORD-2919,LULU-TVM-01,Basmati Rice 5kg,Grocery,India Gate,596,9,MEDIUM,75,2026-09-24
LULU-ORD-2920,LULU-TVM-01,Bread Loaf,Bakery,Modern,441,31,LOW,123,2026-10-16
LULU-ORD-2921,LULU-CLT-01,Banana Chips 1kg,Snacks,Local Kerala,258,9,MEDIUM,25,2026-09-24
LULU-ORD-2922,LULU-KOCHI-02,Banana Chips 1kg,Snacks,Local Kerala,329,38,LOW,141,2026-10-23
LULU-ORD-2923,LULU-TVM-01,Bread Loaf,Bakery,Modern,328,38,LOW,47,2026-10-23
LULU-ORD-2924,LULU-TVM-01,Banana Chips 1kg,Snacks,Local Kerala,490,20,LOW,97,2026-10-05
LULU-ORD-2925,LULU-TVM-01,Paneer 200g,Dairy,Milma,387,1,HIGH,160,2026-09-16
LULU-ORD-2926,LULU-TVM-01,Banana Chips 1kg,Snacks,Local Kerala,68,16,LOW,153,2026-10-01
LULU-ORD-2927,LULU-CLT-02,Milma Curd 500g,Dairy,Milma,442,23,LOW,61,2026-10-08
LULU-ORD-2928,LULU-CLT-02,Basmati Rice 5kg,Grocery,India Gate,80,22,LOW,180,2026-10-07
LULU-ORD-2929,LULU-KOCHI-01,Lulu Gold Coin,Jewellery,Lulu Gold,488,39,LOW,158,2026-10-24
LULU-ORD-2930,LULU-KOCHI-01,Mango 1kg,Fruits,Local Farm,353,40,LOW,117,2026-10-25
LULU-ORD-2931,LULU-KOCHI-02,Bread Loaf,Bakery,Modern,176,7,MEDIUM,20,2026-09-22
LULU-ORD-2932,LULU-CLT-02,Lulu Gold Coin,Jewellery,Lulu Gold,234,1,HIGH,187,2026-09-16
LULU-ORD-2933,LULU-CLT-02,Basmati Rice 5kg,Grocery,India Gate,487,40,LOW,71,2026-10-25
LULU-ORD-2934,LULU-CLT-02,Lulu Gold Coin,Jewellery,Lulu Gold,349,25,LOW,112,2026-10-10
LULU-ORD-2935,LULU-CLT-01,Banana Chips 1kg,Snacks,Local Kerala,16,24,LOW,28,2026-10-09
LULU-ORD-2936,LULU-CLT-01,Bread Loaf,Bakery,Modern,40,36,LOW,46,2026-10-21
LULU-ORD-2937,LULU-TVM-01,Paneer 200g,Dairy,Milma,460,13,MEDIUM,102,2026-09-28
LULU-ORD-2938,LULU-CLT-02,Milma Curd 500g,Dairy,Milma,40,13,LOW,82,2026-09-28
LULU-ORD-2939,LULU-CLT-02,Banana Chips 1kg,Snacks,Local Kerala,234,17,LOW,96,2026-10-02
LULU-ORD-2940,LULU-CLT-02,Atta 10kg,Grocery,Aashirvaad,261,12,MEDIUM,15,2026-09-27
LULU-ORD-2941,LULU-CLT-01,Banana Chips 1kg,Snacks,Local Kerala,278,7,MEDIUM,183,2026-09-22
LULU-ORD-2942,LULU-CLT-01,Banana Chips 1kg,Snacks,Local Kerala,398,42,LOW,96,2026-10-27
LULU-ORD-2943,LULU-CLT-02,Basmati Rice 5kg,Grocery,India Gate,322,30,LOW,104,2026-10-15
LULU-ORD-2944,LULU-TVM-01,Bread Loaf,Bakery,Modern,185,34,LOW,121,2026-10-19
LULU-ORD-2945,LULU-CLT-02,Chicken 1kg,Meat,Suguna,131,10,MEDIUM,58,2026-09-25
LULU-ORD-2946,LULU-KOCHI-01,Basmati Rice 5kg,Grocery,India Gate,555,25,LOW,91,2026-10-10
LULU-ORD-2947,LULU-CLT-02,Mango 1kg,Fruits,Local Farm,449,41,LOW,21,2026-10-26
LULU-ORD-2948,LULU-KOCHI-01,Mango 1kg,Fruits,Local Farm,203,35,LOW,48,2026-10-20
LULU-ORD-2949,LULU-KOCHI-01,Bread Loaf,Bakery,Modern,263,4,HIGH,42,2026-09-19
LULU-ORD-2950,LULU-CLT-01,Atta 10kg,Grocery,Aashirvaad,510,14,MEDIUM,130,2026-09-29
LULU-ORD-2951,LULU-TVM-01,Mango 1kg,Fruits,Local Farm,76,11,MEDIUM,109,2026-09-26
LULU-ORD-2952,LULU-TVM-01,Atta 10kg,Grocery,Aashirvaad,393,32,LOW,128,2026-10-17
LULU-ORD-2953,LULU-TVM-01,Banana Chips 1kg,Snacks,Local Kerala,339,24,LOW,187,2026-10-09
LULU-ORD-2954,LULU-KOCHI-01,Lulu Gold Coin,Jewellery,Lulu Gold,516,31,LOW,158,2026-10-16
LULU-ORD-2955,LULU-CLT-02,Dates 500g,Dry Fruits,Lulu Import,47,14,LOW,61,2026-09-29
LULU-ORD-2956,LULU-CLT-02,Lulu Gold Coin,Jewellery,Lulu Gold,250,26,LOW,88,2026-10-11
LULU-ORD-2957,LULU-CLT-02,Dates 500g,Dry Fruits,Lulu Import,396,37,LOW,105,2026-10-22
LULU-ORD-2958,LULU-CLT-02,Paneer 200g,Dairy,Milma,573,6,MEDIUM,31,2026-09-21
LULU-ORD-2959,LULU-KOCHI-01,Paneer 200g,Dairy,Milma,465,34,LOW,68,2026-10-19
LULU-ORD-2960,LULU-TVM-01,Mango 1kg,Fruits,Local Farm,52,30,LOW,169,2026-10-15
LULU-ORD-2961,LULU-KOCHI-02,Bread Loaf,Bakery,Modern,446,29,LOW,120,2026-10-14
LULU-ORD-2962,LULU-KOCHI-01,Dates 500g,Dry Fruits,Lulu Import,386,32,LOW,79,2026-10-17
LULU-ORD-2963,LULU-KOCHI-02,Dates 500g,Dry Fruits,Lulu Import,35,12,LOW,69,2026-09-27
LULU-ORD-2964,LULU-CLT-01,Paneer 200g,Dairy,Milma,87,23,LOW,85,2026-10-08
LULU-ORD-2965,LULU-CLT-01,Atta 10kg,Grocery,Aashirvaad,535,35,LOW,80,2026-10-20
LULU-ORD-2966,LULU-CLT-01,Basmati Rice 5kg,Grocery,India Gate,110,8,MEDIUM,102,2026-09-23
LULU-ORD-2967,LULU-KOCHI-01,Milma Curd 500g,Dairy,Milma,569,13,MEDIUM,60,2026-09-28
LULU-ORD-2968,LULU-KOCHI-01,Bread Loaf,Bakery,Modern,266,20,LOW,58,2026-10-05
LULU-ORD-2969,LULU-KOCHI-01,Mango 1kg,Fruits,Local Farm,151,35,LOW,12,2026-10-20
LULU-ORD-2970,LULU-KOCHI-02,Paneer 200g,Dairy,Milma,298,23,LOW,113,2026-10-08
LULU-ORD-2971,LULU-TVM-01,Mango 1kg,Fruits,Local Farm,22,31,LOW,48,2026-10-16
LULU-ORD-2972,LULU-CLT-02,Dates 500g,Dry Fruits,Lulu Import,243,15,MEDIUM,131,2026-09-30
LULU-ORD-2973,LULU-TVM-01,Basmati Rice 5kg,Grocery,India Gate,538,38,LOW,129,2026-10-23
LULU-ORD-2974,LULU-KOCHI-01,Lulu Gold Coin,Jewellery,Lulu Gold,358,6,MEDIUM,58,2026-09-21
LULU-ORD-2975,LULU-KOCHI-02,Dates 500g,Dry Fruits,Lulu Import,437,14,MEDIUM,125,2026-09-29
LULU-ORD-2976,LULU-CLT-02,Atta 10kg,Grocery,Aashirvaad,40,24,LOW,157,2026-10-09
LULU-ORD-2977,LULU-KOCHI-02,Banana Chips 1kg,Snacks,Local Kerala,322,1,HIGH,178,2026-09-16
LULU-ORD-2978,LULU-KOCHI-02,Bread Loaf,Bakery,Modern,357,15,MEDIUM,118,2026-09-30
LULU-ORD-2979,LULU-KOCHI-01,Dates 500g,Dry Fruits,Lulu Import,560,20,LOW,160,2026-10-05
LULU-ORD-2980,LULU-CLT-02,Milma Curd 500g,Dairy,Milma,591,3,HIGH,49,2026-09-18
LULU-ORD-2981,LULU-TVM-01,Bread Loaf,Bakery,Modern,591,41,LOW,165,2026-10-26
LULU-ORD-2982,LULU-CLT-02,Mango 1kg,Fruits,Local Farm,410,25,LOW,110,2026-10-10
LULU-ORD-2983,LULU-CLT-02,Chicken 1kg,Meat,Suguna,557,25,LOW,131,2026-10-10
LULU-ORD-2984,LULU-KOCHI-02,Chicken 1kg,Meat,Suguna,346,37,LOW,173,2026-10-22
LULU-ORD-2985,LULU-CLT-01,Paneer 200g,Dairy,Milma,105,11,MEDIUM,182,2026-09-26
LULU-ORD-2986,LULU-TVM-01,Atta 10kg,Grocery,Aashirvaad,191,3,HIGH,135,2026-09-18
LULU-ORD-2987,LULU-CLT-01,Milma Curd 500g,Dairy,Milma,201,13,MEDIUM,108,2026-09-28
LULU-ORD-2988,LULU-KOCHI-01,Paneer 200g,Dairy,Milma,220,15,MEDIUM,178,2026-09-30
LULU-ORD-2989,LULU-CLT-01,Atta 10kg,Grocery,Aashirvaad,81,30,LOW,104,2026-10-15
LULU-ORD-2990,LULU-KOCHI-01,Atta 10kg,Grocery,Aashirvaad,21,11,LOW,115,2026-09-26
LULU-ORD-2991,LULU-CLT-02,Dates 500g,Dry Fruits,Lulu Import,170,8,MEDIUM,147,2026-09-23
LULU-ORD-2992,LULU-KOCHI-02,Dates 500g,Dry Fruits,Lulu Import,499,5,HIGH,62,2026-09-20
LULU-ORD-2993,LULU-KOCHI-02,Banana Chips 1kg,Snacks,Local Kerala,220,20,LOW,191,2026-10-05
LULU-ORD-2994,LULU-TVM-01,Lulu Gold Coin,Jewellery,Lulu Gold,172,39,LOW,89,2026-10-24
LULU-ORD-2995,LULU-KOCHI-02,Mango 1kg,Fruits,Local Farm,217,33,LOW,80,2026-10-18
LULU-ORD-2996,LULU-KOCHI-02,Basmati Rice 5kg,Grocery,India Gate,17,10,LOW,26,2026-09-25
LULU-ORD-2997,LULU-KOCHI-01,Dates 500g,Dry Fruits,Lulu Import,262,34,LOW,155,2026-10-19
LULU-ORD-2998,LULU-TVM-01,Lulu Gold Coin,Jewellery,Lulu Gold,481,30,LOW,20,2026-10-15
LULU-ORD-2999,LULU-KOCHI-02,Chicken 1kg,Meat,Suguna,304,42,LOW,98,2026-10-27
LULU-ORD-3000,LULU-CLT-02,Paneer 200g,Dairy,Milma,410,40,LOW,116,2026-10-25
LULU-ORD-3001,LULU-KOCHI-02,Basmati Rice 5kg,Grocery,India Gate,193,40,LOW,127,2026-10-25
LULU-ORD-3002,LULU-TVM-01,Dates 500g,Dry Fruits,Lulu Import,197,45,LOW,34,2026-10-30
LULU-ORD-3003,LULU-CLT-02,Dates 500g,Dry Fruits,Lulu Import,54,16,LOW,80,2026-10-01
LULU-ORD-3004,LULU-CLT-01,Atta 10kg,Grocery,Aashirvaad,308,43,LOW,188,2026-10-28
LULU-ORD-3005,LULU-TVM-01,Basmati Rice 5kg,Grocery,India Gate,515,27,LOW,41,2026-10-12
LULU-ORD-3006,LULU-TVM-01,Bread Loaf,Bakery,Modern,88,7,MEDIUM,93,2026-09-22
LULU-ORD-3007,LULU-KOCHI-01,Dates 500g,Dry Fruits,Lulu Import,471,11,MEDIUM,63,2026-09-26
LULU-ORD-3008,LULU-CLT-01,Atta 10kg,Grocery,Aashirvaad,55,30,LOW,28,2026-10-15
LULU-ORD-3009,LULU-KOCHI-02,Lulu Gold Coin,Jewellery,Lulu Gold,400,22,LOW,59,2026-10-07
LULU-ORD-3010,LULU-KOCHI-01,Dates 500g,Dry Fruits,Lulu Import,48,1,LOW,39,2026-09-16
LULU-ORD-3011,LULU-KOCHI-02,Banana Chips 1kg,Snacks,Local Kerala,344,43,LOW,134,2026-10-28
LULU-ORD-3012,LULU-TVM-01,Lulu Gold Coin,Jewellery,Lulu Gold,79,6,MEDIUM,178,2026-09-21
LULU-ORD-3013,LULU-KOCHI-02,Basmati Rice 5kg,Grocery,India Gate,458,9,MEDIUM,81,2026-09-24
LULU-ORD-3014,LULU-TVM-01,Banana Chips 1kg,Snacks,Local Kerala,184,2,HIGH,35,2026-09-17
LULU-ORD-3015,LULU-TVM-01,Banana Chips 1kg,Snacks,Local Kerala,311,8,MEDIUM,199,2026-09-23
LULU-ORD-3016,LULU-CLT-01,Dates 500g,Dry Fruits,Lulu Import,182,5,HIGH,183,2026-09-20
LULU-ORD-3017,LULU-KOCHI-01,Paneer 200g,Dairy,Milma,167,29,LOW,55,2026-10-14
LULU-ORD-3018,LULU-TVM-01,Basmati Rice 5kg,Grocery,India Gate,45,44,LOW,65,2026-10-29
LULU-ORD-3019,LULU-TVM-01,Lulu Gold Coin,Jewellery,Lulu Gold,58,41,LOW,174,2026-10-26
LULU-ORD-3020,LULU-KOCHI-01,Chicken 1kg,Meat,Suguna,409,45,LOW,123,2026-10-30
LULU-ORD-3021,LULU-KOCHI-02,Milma Curd 500g,Dairy,Milma,14,4,LOW,61,2026-09-19
LULU-ORD-3022,LULU-CLT-02,Basmati Rice 5kg,Grocery,India Gate,393,16,LOW,33,2026-10-01
LULU-ORD-3023,LULU-CLT-01,Milma Curd 500g,Dairy,Milma,441,2,HIGH,96,2026-09-17
LULU-ORD-3024,LULU-CLT-01,Basmati Rice 5kg,Grocery,India Gate,74,15,MEDIUM,180,2026-09-30
LULU-ORD-3025,LULU-KOCHI-02,Banana Chips 1kg,Snacks,Local Kerala,181,3,HIGH,141,2026-09-18
LULU-ORD-3026,LULU-TVM-01,Chicken 1kg,Meat,Suguna,344,21,LOW,170,2026-10-06
LULU-ORD-3027,LULU-KOCHI-02,Basmati Rice 5kg,Grocery,India Gate,222,35,LOW,119,2026-10-20
LULU-ORD-3028,LULU-CLT-01,Chicken 1kg,Meat,Suguna,247,14,MEDIUM,101,2026-09-29
LULU-ORD-3029,LULU-KOCHI-02,Bread Loaf,Bakery,Modern,187,1,HIGH,177,2026-09-16
LULU-ORD-3030,LULU-CLT-02,Bread Loaf,Bakery,Modern,22,25,LOW,127,2026-10-10
LULU-ORD-3031,LULU-KOCHI-01,Basmati Rice 5kg,Grocery,India Gate,77,43,LOW,176,2026-10-28
LULU-ORD-3032,LULU-CLT-01,Mango 1kg,Fruits,Local Farm,387,3,HIGH,65,2026-09-18
LULU-ORD-3033,LULU-KOCHI-02,Dates 500g,Dry Fruits,Lulu Import,318,39,LOW,36,2026-10-24
LULU-ORD-3034,LULU-KOCHI-01,Atta 10kg,Grocery,Aashirvaad,592,11,MEDIUM,34,2026-09-26
LULU-ORD-3035,LULU-KOCHI-02,Mango 1kg,Fruits,Local Farm,342,41,LOW,183,2026-10-26
LULU-ORD-3036,LULU-KOCHI-01,Banana Chips 1kg,Snacks,Local Kerala,350,12,MEDIUM,180,2026-09-27
LULU-ORD-3037,LULU-CLT-01,Lulu Gold Coin,Jewellery,Lulu Gold,79,22,LOW,165,2026-10-07
LULU-ORD-3038,LULU-TVM-01,Mango 1kg,Fruits,Local Farm,469,25,LOW,173,2026-10-10
LULU-ORD-3039,LULU-CLT-01,Basmati Rice 5kg,Grocery,India Gate,525,38,LOW,69,2026-10-23
LULU-ORD-3040,LULU-CLT-02,Milma Curd 500g,Dairy,Milma,137,20,LOW,198,2026-10-05
LULU-ORD-3041,LULU-CLT-01,Dates 500g,Dry Fruits,Lulu Import,259,40,LOW,25,2026-10-25
LULU-ORD-3042,LULU-KOCHI-01,Banana Chips 1kg,Snacks,Local Kerala,393,32,LOW,61,2026-10-17
LULU-ORD-3043,LULU-CLT-01,Banana Chips 1kg,Snacks,Local Kerala,394,14,MEDIUM,70,2026-09-29
LULU-ORD-3044,LULU-CLT-02,Mango 1kg,Fruits,Local Farm,464,22,LOW,81,2026-10-07
LULU-ORD-3045,LULU-KOCHI-02,Bread Loaf,Bakery,Modern,50,34,LOW,175,2026-10-19
LULU-ORD-3046,LULU-KOCHI-01,Paneer 200g,Dairy,Milma,34,15,LOW,97,2026-09-30
LULU-ORD-3047,LULU-CLT-01,Basmati Rice 5kg,Grocery,India Gate,220,35,LOW,180,2026-10-20
LULU-ORD-3048,LULU-KOCHI-02,Basmati Rice 5kg,Grocery,India Gate,237,39,LOW,143,2026-10-24
LULU-ORD-3049,LULU-CLT-01,Bread Loaf,Bakery,Modern,197,29,LOW,26,2026-10-14
LULU-ORD-3050,LULU-CLT-01,Lulu Gold Coin,Jewellery,Lulu Gold,81,13,MEDIUM,172,2026-09-28
LULU-ORD-3051,LULU-CLT-01,Banana Chips 1kg,Snacks,Local Kerala,219,9,MEDIUM,54,2026-09-24
LULU-ORD-3052,LULU-CLT-02,Mango 1kg,Fruits,Local Farm,572,14,MEDIUM,139,2026-09-29
LULU-ORD-3053,LULU-KOCHI-01,Chicken 1kg,Meat,Suguna,446,30,LOW,52,2026-10-15
LULU-ORD-3054,LULU-CLT-02,Basmati Rice 5kg,Grocery,India Gate,260,28,LOW,165,2026-10-13
LULU-ORD-3055,LULU-TVM-01,Basmati Rice 5kg,Grocery,India Gate,320,19,LOW,124,2026-10-04
LULU-ORD-3056,LULU-CLT-01,Basmati Rice 5kg,Grocery,India Gate,288,31,LOW,102,2026-10-16
LULU-ORD-3057,LULU-KOCHI-02,Dates 500g,Dry Fruits,Lulu Import,396,11,MEDIUM,122,2026-09-26
LULU-ORD-3058,LULU-KOCHI-02,Dates 500g,Dry Fruits,Lulu Import,527,40,LOW,49,2026-10-25
LULU-ORD-3059,LULU-KOCHI-02,Lulu Gold Coin,Jewellery,Lulu Gold,30,25,LOW,31,2026-10-10
LULU-ORD-3060,LULU-TVM-01,Paneer 200g,Dairy,Milma,560,10,MEDIUM,196,2026-09-25
LULU-ORD-3061,LULU-KOCHI-02,Banana Chips 1kg,Snacks,Local Kerala,273,25,LOW,88,2026-10-10
LULU-ORD-3062,LULU-TVM-01,Lulu Gold Coin,Jewellery,Lulu Gold,300,25,LOW,165,2026-10-10
LULU-ORD-3063,LULU-CLT-02,Lulu Gold Coin,Jewellery,Lulu Gold,83,22,LOW,193,2026-10-07
LULU-ORD-3064,LULU-CLT-02,Lulu Gold Coin,Jewellery,Lulu Gold,210,10,MEDIUM,11,2026-09-25
LULU-ORD-3065,LULU-KOCHI-02,Milma Curd 500g,Dairy,Milma,522,24,LOW,113,2026-10-09
LULU-ORD-3066,LULU-KOCHI-02,Dates 500g,Dry Fruits,Lulu Import,414,24,LOW,135,2026-10-09
LULU-ORD-3067,LULU-CLT-01,Paneer 200g,Dairy,Milma,82,27,LOW,41,2026-10-12
LULU-ORD-3068,LULU-CLT-02,Dates 500g,Dry Fruits,Lulu Import,589,11,MEDIUM,121,2026-09-26
LULU-ORD-3069,LULU-KOCHI-02,Paneer 200g,Dairy,Milma,366,33,LOW,172,2026-10-18
LULU-ORD-3070,LULU-KOCHI-02,Bread Loaf,Bakery,Modern,69,42,LOW,118,2026-10-27
LULU-ORD-3071,LULU-CLT-01,Basmati Rice 5kg,Grocery,India Gate,258,31,LOW,102,2026-10-16
LULU-ORD-3072,LULU-TVM-01,Milma Curd 500g,Dairy,Milma,161,17,LOW,126,2026-10-02
LULU-ORD-3073,LULU-TVM-01,Banana Chips 1kg,Snacks,Local Kerala,270,16,LOW,158,2026-10-01
LULU-ORD-3074,LULU-CLT-01,Banana Chips 1kg,Snacks,Local Kerala,22,8,LOW,174,2026-09-23
LULU-ORD-3075,LULU-CLT-01,Dates 500g,Dry Fruits,Lulu Import,417,38,LOW,142,2026-10-23
LULU-ORD-3076,LULU-KOCHI-02,Basmati Rice 5kg,Grocery,India Gate,443,11,MEDIUM,74,2026-09-26
LULU-ORD-3077,LULU-KOCHI-02,Paneer 200g,Dairy,Milma,522,35,LOW,160,2026-10-20
LULU-ORD-3078,LULU-CLT-01,Paneer 200g,Dairy,Milma,431,6,MEDIUM,172,2026-09-21
LULU-ORD-3079,LULU-KOCHI-01,Mango 1kg,Fruits,Local Farm,362,10,MEDIUM,63,2026-09-25
LULU-ORD-3080,LULU-CLT-02,Dates 500g,Dry Fruits,Lulu Import,325,1,HIGH,135,2026-09-16
LULU-ORD-3081,LULU-KOCHI-02,Milma Curd 500g,Dairy,Milma,109,5,HIGH,144,2026-09-20
LULU-ORD-3082,LULU-CLT-02,Dates 500g,Dry Fruits,Lulu Import,305,28,LOW,55,2026-10-13
LULU-ORD-3083,LULU-CLT-02,Bread Loaf,Bakery,Modern,200,9,MEDIUM,134,2026-09-24
LULU-ORD-3084,LULU-KOCHI-02,Banana Chips 1kg,Snacks,Local Kerala,524,8,MEDIUM,155,2026-09-23
LULU-ORD-3085,LULU-CLT-01,Basmati Rice 5kg,Grocery,India Gate,200,13,MEDIUM,56,2026-09-28
LULU-ORD-3086,LULU-KOCHI-02,Basmati Rice 5kg,Grocery,India Gate,275,27,LOW,170,2026-10-12
LULU-ORD-3087,LULU-CLT-02,Mango 1kg,Fruits,Local Farm,121,41,LOW,30,2026-10-26
LULU-ORD-3088,LULU-CLT-01,Paneer 200g,Dairy,Milma,97,25,LOW,80,2026-10-10
LULU-ORD-3089,LULU-TVM-01,Chicken 1kg,Meat,Suguna,360,2,HIGH,70,2026-09-17
LULU-ORD-3090,LULU-CLT-01,Lulu Gold Coin,Jewellery,Lulu Gold,506,44,LOW,12,2026-10-29
LULU-ORD-3091,LULU-TVM-01,Milma Curd 500g,Dairy,Milma,282,1,HIGH,20,2026-09-16
LULU-ORD-3092,LULU-CLT-01,Chicken 1kg,Meat,Suguna,226,34,LOW,106,2026-10-19
LULU-ORD-3093,LULU-KOCHI-02,Mango 1kg,Fruits,Local Farm,542,18,LOW,131,2026-10-03
LULU-ORD-3094,LULU-KOCHI-01,Bread Loaf,Bakery,Modern,449,22,LOW,184,2026-10-07
LULU-ORD-3095,LULU-KOCHI-01,Bread Loaf,Bakery,Modern,332,16,LOW,180,2026-10-01
LULU-ORD-3096,LULU-CLT-01,Dates 500g,Dry Fruits,Lulu Import,397,40,LOW,101,2026-10-25
LULU-ORD-3097,LULU-KOCHI-02,Bread Loaf,Bakery,Modern,112,1,HIGH,188,2026-09-16
LULU-ORD-3098,LULU-TVM-01,Dates 500g,Dry Fruits,Lulu Import,152,2,HIGH,41,2026-09-17
LULU-ORD-3099,LULU-CLT-02,Atta 10kg,Grocery,Aashirvaad,296,45,LOW,104,2026-10-30
LULU-ORD-3100,LULU-KOCHI-02,Lulu Gold Coin,Jewellery,Lulu Gold,496,33,LOW,179,2026-10-18
LULU-ORD-3101,LULU-KOCHI-01,Basmati Rice 5kg,Grocery,India Gate,13,41,LOW,14,2026-10-26
LULU-ORD-3102,LULU-KOCHI-02,Bread Loaf,Bakery,Modern,56,21,LOW,69,2026-10-06
LULU-ORD-3103,LULU-TVM-01,Mango 1kg,Fruits,Local Farm,506,26,LOW,30,2026-10-11
LULU-ORD-3104,LULU-CLT-01,Bread Loaf,Bakery,Modern,448,31,LOW,197,2026-10-16
LULU-ORD-3105,LULU-CLT-02,Dates 500g,Dry Fruits,Lulu Import,310,39,LOW,192,2026-10-24
LULU-ORD-3106,LULU-TVM-01,Banana Chips 1kg,Snacks,Local Kerala,542,37,LOW,18,2026-10-22
LULU-ORD-3107,LULU-KOCHI-01,Banana Chips 1kg,Snacks,Local Kerala,519,6,MEDIUM,182,2026-09-21
LULU-ORD-3108,LULU-KOCHI-02,Atta 10kg,Grocery,Aashirvaad,488,11,MEDIUM,39,2026-09-26
LULU-ORD-3109,LULU-CLT-02,Lulu Gold Coin,Jewellery,Lulu Gold,563,16,LOW,64,2026-10-01
LULU-ORD-3110,LULU-KOCHI-02,Banana Chips 1kg,Snacks,Local Kerala,101,7,MEDIUM,193,2026-09-22
LULU-ORD-3111,LULU-KOCHI-02,Milma Curd 500g,Dairy,Milma,174,21,LOW,81,2026-10-06
LULU-ORD-3112,LULU-KOCHI-02,Basmati Rice 5kg,Grocery,India Gate,273,43,LOW,181,2026-10-28
LULU-ORD-3113,LULU-KOCHI-02,Chicken 1kg,Meat,Suguna,149,35,LOW,33,2026-10-20
LULU-ORD-3114,LULU-TVM-01,Bread Loaf,Bakery,Modern,239,37,LOW,26,2026-10-22
LULU-ORD-3115,LULU-TVM-01,Bread Loaf,Bakery,Modern,396,25,LOW,121,2026-10-10
LULU-ORD-3116,LULU-CLT-01,Basmati Rice 5kg,Grocery,India Gate,238,17,LOW,84,2026-10-02
LULU-ORD-3117,LULU-KOCHI-01,Chicken 1kg,Meat,Suguna,124,6,MEDIUM,199,2026-09-21
LULU-ORD-3118,LULU-TVM-01,Mango 1kg,Fruits,Local Farm,202,8,MEDIUM,104,2026-09-23
LULU-ORD-3119,LULU-TVM-01,Banana Chips 1kg,Snacks,Local Kerala,330,25,LOW,198,2026-10-10
LULU-ORD-3120,LULU-TVM-01,Milma Curd 500g,Dairy,Milma,328,4,HIGH,147,2026-09-19
LULU-ORD-3121,LULU-KOCHI-01,Basmati Rice 5kg,Grocery,India Gate,407,28,LOW,103,2026-10-13
LULU-ORD-3122,LULU-TVM-01,Banana Chips 1kg,Snacks,Local Kerala,542,43,LOW,161,2026-10-28
LULU-ORD-3123,LULU-CLT-01,Basmati Rice 5kg,Grocery,India Gate,119,26,LOW,147,2026-10-11
LULU-ORD-3124,LULU-KOCHI-01,Lulu Gold Coin,Jewellery,Lulu Gold,333,10,MEDIUM,66,2026-09-25
LULU-ORD-3125,LULU-TVM-01,Lulu Gold Coin,Jewellery,Lulu Gold,476,10,MEDIUM,82,2026-09-25
LULU-ORD-3126,LULU-KOCHI-01,Banana Chips 1kg,Snacks,Local Kerala,45,39,LOW,89,2026-10-24
LULU-ORD-3127,LULU-TVM-01,Atta 10kg,Grocery,Aashirvaad,136,18,LOW,132,2026-10-03
LULU-ORD-3128,LULU-KOCHI-02,Basmati Rice 5kg,Grocery,India Gate,516,19,LOW,25,2026-10-04
LULU-ORD-3129,LULU-CLT-02,Bread Loaf,Bakery,Modern,166,14,MEDIUM,189,2026-09-29
LULU-ORD-3130,LULU-KOCHI-02,Milma Curd 500g,Dairy,Milma,193,32,LOW,86,2026-10-17
LULU-ORD-3131,LULU-KOCHI-02,Banana Chips 1kg,Snacks,Local Kerala,32,36,LOW,96,2026-10-21
LULU-ORD-3132,LULU-KOCHI-02,Dates 500g,Dry Fruits,Lulu Import,494,23,LOW,110,2026-10-08
LULU-ORD-3133,LULU-KOCHI-01,Chicken 1kg,Meat,Suguna,550,19,LOW,188,2026-10-04
LULU-ORD-3134,LULU-CLT-01,Basmati Rice 5kg,Grocery,India Gate,571,26,LOW,43,2026-10-11
LULU-ORD-3135,LULU-KOCHI-02,Bread Loaf,Bakery,Modern,65,20,LOW,177,2026-10-05
LULU-ORD-3136,LULU-KOCHI-02,Banana Chips 1kg,Snacks,Local Kerala,150,29,LOW,84,2026-10-14
LULU-ORD-3137,LULU-CLT-02,Banana Chips 1kg,Snacks,Local Kerala,224,14,MEDIUM,198,2026-09-29
LULU-ORD-3138,LULU-CLT-01,Milma Curd 500g,Dairy,Milma,380,37,LOW,183,2026-10-22
LULU-ORD-3139,LULU-CLT-02,Banana Chips 1kg,Snacks,Local Kerala,395,28,LOW,24,2026-10-13
LULU-ORD-3140,LULU-CLT-02,Chicken 1kg,Meat,Suguna,374,31,LOW,23,2026-10-16
LULU-ORD-3141,LULU-KOCHI-01,Chicken 1kg,Meat,Suguna,537,42,LOW,161,2026-10-27
LULU-ORD-3142,LULU-KOCHI-02,Dates 500g,Dry Fruits,Lulu Import,162,41,LOW,72,2026-10-26
LULU-ORD-3143,LULU-KOCHI-02,Milma Curd 500g,Dairy,Milma,131,16,LOW,135,2026-10-01
LULU-ORD-3144,LULU-KOCHI-02,Paneer 200g,Dairy,Milma,186,42,LOW,187,2026-10-27
LULU-ORD-3145,LULU-KOCHI-02,Chicken 1kg,Meat,Suguna,484,42,LOW,80,2026-10-27
LULU-ORD-3146,LULU-CLT-01,Lulu Gold Coin,Jewellery,Lulu Gold,386,1,HIGH,39,2026-09-16
LULU-ORD-3147,LULU-TVM-01,Chicken 1kg,Meat,Suguna,134,32,LOW,67,2026-10-17
LULU-ORD-3148,LULU-KOCHI-02,Milma Curd 500g,Dairy,Milma,596,37,LOW,80,2026-10-22
LULU-ORD-3149,LULU-KOCHI-02,Chicken 1kg,Meat,Suguna,195,25,LOW,175,2026-10-10
LULU-ORD-3150,LULU-CLT-02,Dates 500g,Dry Fruits,Lulu Import,315,37,LOW,35,2026-10-22
LULU-ORD-3151,LULU-CLT-02,Bread Loaf,Bakery,Modern,75,35,LOW,113,2026-10-20
LULU-ORD-3152,LULU-TVM-01,Milma Curd 500g,Dairy,Milma,413,36,LOW,145,2026-10-21
LULU-ORD-3153,LULU-TVM-01,Lulu Gold Coin,Jewellery,Lulu Gold,75,34,LOW,147,2026-10-19
LULU-ORD-3154,LULU-CLT-01,Chicken 1kg,Meat,Suguna,222,43,LOW,56,2026-10-28
LULU-ORD-3155,LULU-TVM-01,Mango 1kg,Fruits,Local Farm,194,1,HIGH,124,2026-09-16
LULU-ORD-3156,LULU-CLT-02,Bread Loaf,Bakery,Modern,135,3,HIGH,157,2026-09-18
LULU-ORD-3157,LULU-TVM-01,Basmati Rice 5kg,Grocery,India Gate,175,6,MEDIUM,75,2026-09-21
LULU-ORD-3158,LULU-TVM-01,Milma Curd 500g,Dairy,Milma,96,8,MEDIUM,86,2026-09-23
LULU-ORD-3159,LULU-KOCHI-02,Bread Loaf,Bakery,Modern,567,11,MEDIUM,178,2026-09-26
LULU-ORD-3160,LULU-CLT-01,Milma Curd 500g,Dairy,Milma,264,20,LOW,142,2026-10-05
LULU-ORD-3161,LULU-CLT-02,Paneer 200g,Dairy,Milma,556,29,LOW,157,2026-10-14
LULU-ORD-3162,LULU-KOCHI-01,Lulu Gold Coin,Jewellery,Lulu Gold,330,34,LOW,165,2026-10-19
LULU-ORD-3163,LULU-CLT-01,Atta 10kg,Grocery,Aashirvaad,532,14,MEDIUM,179,2026-09-29
LULU-ORD-3164,LULU-CLT-02,Milma Curd 500g,Dairy,Milma,252,3,HIGH,46,2026-09-18
LULU-ORD-3165,LULU-TVM-01,Paneer 200g,Dairy,Milma,230,9,MEDIUM,151,2026-09-24
LULU-ORD-3166,LULU-CLT-02,Basmati Rice 5kg,Grocery,India Gate,377,18,LOW,196,2026-10-03
LULU-ORD-3167,LULU-TVM-01,Mango 1kg,Fruits,Local Farm,442,5,HIGH,75,2026-09-20
LULU-ORD-3168,LULU-CLT-02,Paneer 200g,Dairy,Milma,400,42,LOW,112,2026-10-27
LULU-ORD-3169,LULU-KOCHI-02,Lulu Gold Coin,Jewellery,Lulu Gold,95,17,LOW,187,2026-10-02
LULU-ORD-3170,LULU-CLT-01,Banana Chips 1kg,Snacks,Local Kerala,558,14,MEDIUM,171,2026-09-29
LULU-ORD-3171,LULU-TVM-01,Paneer 200g,Dairy,Milma,207,24,LOW,178,2026-10-09
LULU-ORD-3172,LULU-CLT-02,Atta 10kg,Grocery,Aashirvaad,177,27,LOW,90,2026-10-12
LULU-ORD-3173,LULU-TVM-01,Dates 500g,Dry Fruits,Lulu Import,398,2,HIGH,73,2026-09-17
LULU-ORD-3174,LULU-TVM-01,Chicken 1kg,Meat,Suguna,286,8,MEDIUM,38,2026-09-23
LULU-ORD-3175,LULU-KOCHI-01,Atta 10kg,Grocery,Aashirvaad,426,5,HIGH,173,2026-09-20
LULU-ORD-3176,LULU-KOCHI-01,Chicken 1kg,Meat,Suguna,381,22,LOW,47,2026-10-07
LULU-ORD-3177,LULU-CLT-01,Basmati Rice 5kg,Grocery,India Gate,290,1,HIGH,106,2026-09-16
LULU-ORD-3178,LULU-CLT-01,Basmati Rice 5kg,Grocery,India Gate,397,7,MEDIUM,54,2026-09-22
LULU-ORD-3179,LULU-KOCHI-02,Atta 10kg,Grocery,Aashirvaad,323,38,LOW,34,2026-10-23
LULU-ORD-3180,LULU-TVM-01,Atta 10kg,Grocery,Aashirvaad,367,45,LOW,82,2026-10-30
LULU-ORD-3181,LULU-CLT-01,Atta 10kg,Grocery,Aashirvaad,287,39,LOW,22,2026-10-24
LULU-ORD-3182,LULU-CLT-02,Banana Chips 1kg,Snacks,Local Kerala,335,25,LOW,98,2026-10-10
LULU-ORD-3183,LULU-KOCHI-02,Atta 10kg,Grocery,Aashirvaad,574,39,LOW,132,2026-10-24
LULU-ORD-3184,LULU-CLT-01,Mango 1kg,Fruits,Local Farm,140,17,LOW,185,2026-10-02
LULU-ORD-3185,LULU-CLT-02,Atta 10kg,Grocery,Aashirvaad,169,43,LOW,46,2026-10-28
LULU-ORD-3186,LULU-CLT-01,Dates 500g,Dry Fruits,Lulu Import,591,18,LOW,195,2026-10-03
LULU-ORD-3187,LULU-TVM-01,Bread Loaf,Bakery,Modern,265,44,LOW,117,2026-10-29
LULU-ORD-3188,LULU-KOCHI-01,Lulu Gold Coin,Jewellery,Lulu Gold,197,29,LOW,129,2026-10-14
LULU-ORD-3189,LULU-KOCHI-02,Atta 10kg,Grocery,Aashirvaad,303,18,LOW,143,2026-10-03
LULU-ORD-3190,LULU-CLT-01,Basmati Rice 5kg,Grocery,India Gate,322,41,LOW,88,2026-10-26
LULU-ORD-3191,LULU-CLT-01,Dates 500g,Dry Fruits,Lulu Import,330,6,MEDIUM,29,2026-09-21
LULU-ORD-3192,LULU-TVM-01,Basmati Rice 5kg,Grocery,India Gate,105,11,MEDIUM,24,2026-09-26
LULU-ORD-3193,LULU-KOCHI-02,Chicken 1kg,Meat,Suguna,302,36,LOW,12,2026-10-21
LULU-ORD-3194,LULU-KOCHI-02,Dates 500g,Dry Fruits,Lulu Import,530,9,MEDIUM,137,2026-09-24
LULU-ORD-3195,LULU-CLT-01,Atta 10kg,Grocery,Aashirvaad,555,45,LOW,113,2026-10-30
LULU-ORD-3196,LULU-KOCHI-02,Milma Curd 500g,Dairy,Milma,204,1,HIGH,189,2026-09-16
LULU-ORD-3197,LULU-TVM-01,Atta 10kg,Grocery,Aashirvaad,363,16,LOW,185,2026-10-01
LULU-ORD-3198,LULU-KOCHI-02,Mango 1kg,Fruits,Local Farm,53,39,LOW,53,2026-10-24
LULU-ORD-3199,LULU-CLT-01,Atta 10kg,Grocery,Aashirvaad,240,12,MEDIUM,103,2026-09-27
LULU-ORD-3200,LULU-CLT-01,Banana Chips 1kg,Snacks,Local Kerala,536,23,LOW,118,2026-10-08
LULU-ORD-3201,LULU-KOCHI-01,Lulu Gold Coin,Jewellery,Lulu Gold,398,11,MEDIUM,38,2026-09-26
LULU-ORD-3202,LULU-CLT-01,Bread Loaf,Bakery,Modern,265,35,LOW,84,2026-10-20
LULU-ORD-3203,LULU-KOCHI-01,Paneer 200g,Dairy,Milma,504,19,LOW,64,2026-10-04
LULU-ORD-3204,LULU-CLT-02,Milma Curd 500g,Dairy,Milma,592,26,LOW,88,2026-10-11
LULU-ORD-3205,LULU-TVM-01,Atta 10kg,Grocery,Aashirvaad,46,30,LOW,134,2026-10-15
LULU-ORD-3206,LULU-TVM-01,Milma Curd 500g,Dairy,Milma,374,1,HIGH,127,2026-09-16
LULU-ORD-3207,LULU-CLT-01,Bread Loaf,Bakery,Modern,315,23,LOW,11,2026-10-08
LULU-ORD-3208,LULU-KOCHI-01,Bread Loaf,Bakery,Modern,200,26,LOW,12,2026-10-11
LULU-ORD-3209,LULU-CLT-02,Chicken 1kg,Meat,Suguna,451,32,LOW,31,2026-10-17
LULU-ORD-3210,LULU-KOCHI-02,Atta 10kg,Grocery,Aashirvaad,536,10,MEDIUM,41,2026-09-25
LULU-ORD-3211,LULU-KOCHI-01,Lulu Gold Coin,Jewellery,Lulu Gold,17,10,LOW,67,2026-09-25
LULU-ORD-3212,LULU-KOCHI-01,Lulu Gold Coin,Jewellery,Lulu Gold,414,24,LOW,103,2026-10-09
LULU-ORD-3213,LULU-KOCHI-01,Dates 500g,Dry Fruits,Lulu Import,196,35,LOW,37,2026-10-20
LULU-ORD-3214,LULU-CLT-02,Lulu Gold Coin,Jewellery,Lulu Gold,459,11,MEDIUM,100,2026-09-26
LULU-ORD-3215,LULU-CLT-02,Dates 500g,Dry Fruits,Lulu Import,15,23,LOW,38,2026-10-08
LULU-ORD-3216,LULU-CLT-02,Basmati Rice 5kg,Grocery,India Gate,301,3,HIGH,111,2026-09-18
LULU-ORD-3217,LULU-CLT-02,Dates 500g,Dry Fruits,Lulu Import,349,3,HIGH,180,2026-09-18
LULU-ORD-3218,LULU-KOCHI-01,Basmati Rice 5kg,Grocery,India Gate,500,43,LOW,40,2026-10-28
LULU-ORD-3219,LULU-KOCHI-02,Dates 500g,Dry Fruits,Lulu Import,510,36,LOW,184,2026-10-21
LULU-ORD-3220,LULU-TVM-01,Banana Chips 1kg,Snacks,Local Kerala,342,26,LOW,195,2026-10-11
LULU-ORD-3221,LULU-CLT-01,Dates 500g,Dry Fruits,Lulu Import,144,8,MEDIUM,15,2026-09-23
LULU-ORD-3222,LULU-TVM-01,Banana Chips 1kg,Snacks,Local Kerala,169,23,LOW,13,2026-10-08
LULU-ORD-3223,LULU-KOCHI-01,Basmati Rice 5kg,Grocery,India Gate,63,44,LOW,119,2026-10-29
LULU-ORD-3224,LULU-KOCHI-02,Mango 1kg,Fruits,Local Farm,18,28,LOW,84,2026-10-13
LULU-ORD-3225,LULU-KOCHI-02,Paneer 200g,Dairy,Milma,507,6,MEDIUM,73,2026-09-21
LULU-ORD-3226,LULU-CLT-02,Mango 1kg,Fruits,Local Farm,166,33,LOW,73,2026-10-18
LULU-ORD-3227,LULU-CLT-02,Paneer 200g,Dairy,Milma,127,17,LOW,180,2026-10-02
LULU-ORD-3228,LULU-CLT-01,Dates 500g,Dry Fruits,Lulu Import,213,31,LOW,189,2026-10-16
LULU-ORD-3229,LULU-TVM-01,Atta 10kg,Grocery,Aashirvaad,195,13,MEDIUM,171,2026-09-28
LULU-ORD-3230,LULU-CLT-02,Banana Chips 1kg,Snacks,Local Kerala,244,8,MEDIUM,112,2026-09-23
LULU-ORD-3231,LULU-CLT-02,Milma Curd 500g,Dairy,Milma,290,13,MEDIUM,119,2026-09-28
LULU-ORD-3232,LULU-CLT-01,Milma Curd 500g,Dairy,Milma,214,6,MEDIUM,107,2026-09-21
LULU-ORD-3233,LULU-CLT-02,Dates 500g,Dry Fruits,Lulu Import,547,20,LOW,66,2026-10-05
LULU-ORD-3234,LULU-CLT-01,Bread Loaf,Bakery,Modern,446,31,LOW,140,2026-10-16
LULU-ORD-3235,LULU-CLT-01,Dates 500g,Dry Fruits,Lulu Import,62,20,LOW,78,2026-10-05
LULU-ORD-3236,LULU-KOCHI-02,Bread Loaf,Bakery,Modern,297,23,LOW,73,2026-10-08
LULU-ORD-3237,LULU-CLT-01,Bread Loaf,Bakery,Modern,58,12,MEDIUM,10,2026-09-27
LULU-ORD-3238,LULU-KOCHI-01,Milma Curd 500g,Dairy,Milma,339,14,MEDIUM,130,2026-09-29
LULU-ORD-3239,LULU-CLT-02,Paneer 200g,Dairy,Milma,113,28,LOW,74,2026-10-13
LULU-ORD-3240,LULU-KOCHI-01,Lulu Gold Coin,Jewellery,Lulu Gold,382,22,LOW,38,2026-10-07
LULU-ORD-3241,LULU-TVM-01,Chicken 1kg,Meat,Suguna,23,44,LOW,43,2026-10-29
LULU-ORD-3242,LULU-TVM-01,Bread Loaf,Bakery,Modern,379,24,LOW,145,2026-10-09
LULU-ORD-3243,LULU-KOCHI-01,Mango 1kg,Fruits,Local Farm,390,16,LOW,63,2026-10-01
LULU-ORD-3244,LULU-CLT-01,Mango 1kg,Fruits,Local Farm,403,6,MEDIUM,43,2026-09-21
LULU-ORD-3245,LULU-TVM-01,Mango 1kg,Fruits,Local Farm,133,3,HIGH,177,2026-09-18
LULU-ORD-3246,LULU-CLT-01,Basmati Rice 5kg,Grocery,India Gate,207,29,LOW,29,2026-10-14
LULU-ORD-3247,LULU-KOCHI-02,Atta 10kg,Grocery,Aashirvaad,361,20,LOW,61,2026-10-05
LULU-ORD-3248,LULU-CLT-02,Atta 10kg,Grocery,Aashirvaad,167,3,HIGH,59,2026-09-18
LULU-ORD-3249,LULU-TVM-01,Dates 500g,Dry Fruits,Lulu Import,573,17,LOW,98,2026-10-02
LULU-ORD-3250,LULU-CLT-01,Bread Loaf,Bakery,Modern,469,41,LOW,121,2026-10-26
LULU-ORD-3251,LULU-TVM-01,Chicken 1kg,Meat,Suguna,504,27,LOW,138,2026-10-12
LULU-ORD-3252,LULU-KOCHI-01,Milma Curd 500g,Dairy,Milma,180,39,LOW,188,2026-10-24
LULU-ORD-3253,LULU-TVM-01,Banana Chips 1kg,Snacks,Local Kerala,306,3,HIGH,25,2026-09-18
LULU-ORD-3254,LULU-TVM-01,Basmati Rice 5kg,Grocery,India Gate,417,32,LOW,141,2026-10-17
LULU-ORD-3255,LULU-TVM-01,Chicken 1kg,Meat,Suguna,179,29,LOW,108,2026-10-14
LULU-ORD-3256,LULU-TVM-01,Atta 10kg,Grocery,Aashirvaad,409,26,LOW,79,2026-10-11
LULU-ORD-3257,LULU-CLT-02,Basmati Rice 5kg,Grocery,India Gate,198,1,HIGH,156,2026-09-16
LULU-ORD-3258,LULU-KOCHI-02,Basmati Rice 5kg,Grocery,India Gate,19,33,LOW,138,2026-10-18
LULU-ORD-3259,LULU-CLT-02,Atta 10kg,Grocery,Aashirvaad,275,20,LOW,85,2026-10-05
LULU-ORD-3260,LULU-CLT-02,Paneer 200g,Dairy,Milma,575,8,MEDIUM,67,2026-09-23
LULU-ORD-3261,LULU-KOCHI-01,Milma Curd 500g,Dairy,Milma,556,16,LOW,20,2026-10-01
LULU-ORD-3262,LULU-KOCHI-01,Banana Chips 1kg,Snacks,Local Kerala,294,9,MEDIUM,23,2026-09-24
LULU-ORD-3263,LULU-CLT-01,Basmati Rice 5kg,Grocery,India Gate,225,35,LOW,10,2026-10-20
LULU-ORD-3264,LULU-CLT-01,Bread Loaf,Bakery,Modern,387,21,LOW,190,2026-10-06
LULU-ORD-3265,LULU-KOCHI-02,Atta 10kg,Grocery,Aashirvaad,280,9,MEDIUM,166,2026-09-24
LULU-ORD-3266,LULU-CLT-01,Paneer 200g,Dairy,Milma,342,4,HIGH,101,2026-09-19
LULU-ORD-3267,LULU-KOCHI-01,Basmati Rice 5kg,Grocery,India Gate,296,12,MEDIUM,14,2026-09-27
LULU-ORD-3268,LULU-KOCHI-02,Atta 10kg,Grocery,Aashirvaad,118,45,LOW,177,2026-10-30
LULU-ORD-3269,LULU-KOCHI-02,Paneer 200g,Dairy,Milma,574,14,MEDIUM,66,2026-09-29
LULU-ORD-3270,LULU-TVM-01,Bread Loaf,Bakery,Modern,285,14,MEDIUM,171,2026-09-29
LULU-ORD-3271,LULU-CLT-02,Dates 500g,Dry Fruits,Lulu Import,169,29,LOW,196,2026-10-14
LULU-ORD-3272,LULU-KOCHI-02,Dates 500g,Dry Fruits,Lulu Import,387,10,MEDIUM,33,2026-09-25
LULU-ORD-3273,LULU-CLT-02,Lulu Gold Coin,Jewellery,Lulu Gold,195,30,LOW,55,2026-10-15
LULU-ORD-3274,LULU-CLT-02,Basmati Rice 5kg,Grocery,India Gate,593,32,LOW,175,2026-10-17
LULU-ORD-3275,LULU-CLT-02,Paneer 200g,Dairy,Milma,31,20,LOW,55,2026-10-05
LULU-ORD-3276,LULU-CLT-02,Dates 500g,Dry Fruits,Lulu Import,202,5,HIGH,28,2026-09-20
LULU-ORD-3277,LULU-KOCHI-02,Dates 500g,Dry Fruits,Lulu Import,261,30,LOW,35,2026-10-15
LULU-ORD-3278,LULU-TVM-01,Atta 10kg,Grocery,Aashirvaad,150,1,HIGH,35,2026-09-16
LULU-ORD-3279,LULU-CLT-01,Dates 500g,Dry Fruits,Lulu Import,403,2,HIGH,13,2026-09-17
LULU-ORD-3280,LULU-CLT-01,Milma Curd 500g,Dairy,Milma,145,16,LOW,78,2026-10-01
LULU-ORD-3281,LULU-CLT-01,Banana Chips 1kg,Snacks,Local Kerala,23,1,LOW,148,2026-09-16
LULU-ORD-3282,LULU-CLT-02,Bread Loaf,Bakery,Modern,97,13,MEDIUM,132,2026-09-28
LULU-ORD-3283,LULU-KOCHI-01,Mango 1kg,Fruits,Local Farm,464,11,MEDIUM,94,2026-09-26
LULU-ORD-3284,LULU-CLT-01,Lulu Gold Coin,Jewellery,Lulu Gold,168,16,LOW,149,2026-10-01
LULU-ORD-3285,LULU-CLT-01,Paneer 200g,Dairy,Milma,566,8,MEDIUM,21,2026-09-23
LULU-ORD-3286,LULU-CLT-01,Chicken 1kg,Meat,Suguna,567,19,LOW,140,2026-10-04
LULU-ORD-3287,LULU-CLT-02,Dates 500g,Dry Fruits,Lulu Import,155,1,HIGH,16,2026-09-16
LULU-ORD-3288,LULU-CLT-02,Basmati Rice 5kg,Grocery,India Gate,447,25,LOW,100,2026-10-10
LULU-ORD-3289,LULU-KOCHI-02,Paneer 200g,Dairy,Milma,241,44,LOW,185,2026-10-29
LULU-ORD-3290,LULU-CLT-01,Chicken 1kg,Meat,Suguna,513,11,MEDIUM,67,2026-09-26
LULU-ORD-3291,LULU-CLT-01,Chicken 1kg,Meat,Suguna,298,23,LOW,167,2026-10-08
LULU-ORD-3292,LULU-CLT-01,Bread Loaf,Bakery,Modern,131,24,LOW,21,2026-10-09
LULU-ORD-3293,LULU-KOCHI-02,Mango 1kg,Fruits,Local Farm,164,12,MEDIUM,145,2026-09-27
LULU-ORD-3294,LULU-KOCHI-02,Bread Loaf,Bakery,Modern,195,44,LOW,48,2026-10-29
LULU-ORD-3295,LULU-CLT-01,Paneer 200g,Dairy,Milma,303,23,LOW,79,2026-10-08
LULU-ORD-3296,LULU-CLT-01,Lulu Gold Coin,Jewellery,Lulu Gold,387,17,LOW,10,2026-10-02
LULU-ORD-3297,LULU-CLT-02,Banana Chips 1kg,Snacks,Local Kerala,160,21,LOW,109,2026-10-06
LULU-ORD-3298,LULU-CLT-01,Lulu Gold Coin,Jewellery,Lulu Gold,499,5,HIGH,157,2026-09-20
LULU-ORD-3299,LULU-CLT-01,Dates 500g,Dry Fruits,Lulu Import,295,10,MEDIUM,92,2026-09-25
LULU-ORD-3300,LULU-KOCHI-01,Banana Chips 1kg,Snacks,Local Kerala,196,25,LOW,91,2026-10-10
LULU-ORD-3301,LULU-KOCHI-02,Lulu Gold Coin,Jewellery,Lulu Gold,444,31,LOW,164,2026-10-16
LULU-ORD-3302,LULU-CLT-02,Bread Loaf,Bakery,Modern,151,42,LOW,108,2026-10-27
LULU-ORD-3303,LULU-TVM-01,Dates 500g,Dry Fruits,Lulu Import,572,32,LOW,146,2026-10-17
LULU-ORD-3304,LULU-CLT-02,Lulu Gold Coin,Jewellery,Lulu Gold,555,35,LOW,108,2026-10-20
LULU-ORD-3305,LULU-TVM-01,Chicken 1kg,Meat,Suguna,441,34,LOW,187,2026-10-19
LULU-ORD-3306,LULU-KOCHI-01,Basmati Rice 5kg,Grocery,India Gate,99,16,LOW,10,2026-10-01
LULU-ORD-3307,LULU-TVM-01,Basmati Rice 5kg,Grocery,India Gate,27,24,LOW,131,2026-10-09
LULU-ORD-3308,LULU-KOCHI-01,Banana Chips 1kg,Snacks,Local Kerala,122,4,HIGH,102,2026-09-19
LULU-ORD-3309,LULU-CLT-02,Banana Chips 1kg,Snacks,Local Kerala,311,30,LOW,151,2026-10-15
LULU-ORD-3310,LULU-CLT-02,Dates 500g,Dry Fruits,Lulu Import,258,14,MEDIUM,24,2026-09-29
LULU-ORD-3311,LULU-CLT-02,Banana Chips 1kg,Snacks,Local Kerala,130,45,LOW,106,2026-10-30
LULU-ORD-3312,LULU-CLT-01,Milma Curd 500g,Dairy,Milma,444,24,LOW,189,2026-10-09
LULU-ORD-3313,LULU-TVM-01,Chicken 1kg,Meat,Suguna,85,31,LOW,50,2026-10-16
LULU-ORD-3314,LULU-CLT-02,Milma Curd 500g,Dairy,Milma,160,24,LOW,30,2026-10-09
LULU-ORD-3315,LULU-TVM-01,Basmati Rice 5kg,Grocery,India Gate,88,1,MEDIUM,116,2026-09-16
LULU-ORD-3316,LULU-CLT-02,Banana Chips 1kg,Snacks,Local Kerala,196,31,LOW,145,2026-10-16
LULU-ORD-3317,LULU-KOCHI-01,Paneer 200g,Dairy,Milma,491,27,LOW,123,2026-10-12
LULU-ORD-3318,LULU-CLT-02,Milma Curd 500g,Dairy,Milma,303,8,MEDIUM,25,2026-09-23
LULU-ORD-3319,LULU-CLT-02,Milma Curd 500g,Dairy,Milma,187,33,LOW,12,2026-10-18
LULU-ORD-3320,LULU-KOCHI-02,Dates 500g,Dry Fruits,Lulu Import,443,44,LOW,151,2026-10-29
LULU-ORD-3321,LULU-KOCHI-01,Paneer 200g,Dairy,Milma,595,33,LOW,191,2026-10-18
LULU-ORD-3322,LULU-KOCHI-01,Basmati Rice 5kg,Grocery,India Gate,443,11,MEDIUM,33,2026-09-26
LULU-ORD-3323,LULU-CLT-02,Atta 10kg,Grocery,Aashirvaad,396,9,MEDIUM,112,2026-09-24
LULU-ORD-3324,LULU-KOCHI-02,Mango 1kg,Fruits,Local Farm,67,15,MEDIUM,57,2026-09-30
LULU-ORD-3325,LULU-KOCHI-02,Atta 10kg,Grocery,Aashirvaad,89,45,LOW,132,2026-10-30
LULU-ORD-3326,LULU-CLT-02,Bread Loaf,Bakery,Modern,424,25,LOW,23,2026-10-10
LULU-ORD-3327,LULU-KOCHI-01,Bread Loaf,Bakery,Modern,444,13,MEDIUM,37,2026-09-28
LULU-ORD-3328,LULU-TVM-01,Chicken 1kg,Meat,Suguna,89,24,LOW,95,2026-10-09
LULU-ORD-3329,LULU-CLT-02,Milma Curd 500g,Dairy,Milma,255,19,LOW,148,2026-10-04
LULU-ORD-3330,LULU-TVM-01,Chicken 1kg,Meat,Suguna,76,14,MEDIUM,12,2026-09-29
LULU-ORD-3331,LULU-CLT-02,Paneer 200g,Dairy,Milma,202,36,LOW,173,2026-10-21
LULU-ORD-3332,LULU-CLT-01,Milma Curd 500g,Dairy,Milma,256,18,LOW,155,2026-10-03
LULU-ORD-3333,LULU-KOCHI-02,Mango 1kg,Fruits,Local Farm,55,37,LOW,21,2026-10-22
LULU-ORD-3334,LULU-KOCHI-01,Milma Curd 500g,Dairy,Milma,332,6,MEDIUM,12,2026-09-21
LULU-ORD-3335,LULU-TVM-01,Bread Loaf,Bakery,Modern,299,26,LOW,59,2026-10-11
LULU-ORD-3336,LULU-CLT-02,Bread Loaf,Bakery,Modern,410,23,LOW,189,2026-10-08
LULU-ORD-3337,LULU-TVM-01,Chicken 1kg,Meat,Suguna,349,27,LOW,35,2026-10-12
LULU-ORD-3338,LULU-TVM-01,Atta 10kg,Grocery,Aashirvaad,163,2,HIGH,107,2026-09-17
LULU-ORD-3339,LULU-CLT-02,Lulu Gold Coin,Jewellery,Lulu Gold,48,19,LOW,48,2026-10-04
LULU-ORD-3340,LULU-CLT-01,Lulu Gold Coin,Jewellery,Lulu Gold,90,41,LOW,193,2026-10-26
LULU-ORD-3341,LULU-CLT-02,Basmati Rice 5kg,Grocery,India Gate,230,44,LOW,193,2026-10-29
LULU-ORD-3342,LULU-TVM-01,Banana Chips 1kg,Snacks,Local Kerala,523,34,LOW,176,2026-10-19
LULU-ORD-3343,LULU-CLT-02,Atta 10kg,Grocery,Aashirvaad,359,29,LOW,96,2026-10-14
LULU-ORD-3344,LULU-KOCHI-02,Paneer 200g,Dairy,Milma,378,40,LOW,20,2026-10-25
LULU-ORD-3345,LULU-TVM-01,Dates 500g,Dry Fruits,Lulu Import,254,14,MEDIUM,165,2026-09-29
LULU-ORD-3346,LULU-KOCHI-02,Chicken 1kg,Meat,Suguna,166,37,LOW,34,2026-10-22
LULU-ORD-3347,LULU-TVM-01,Milma Curd 500g,Dairy,Milma,156,20,LOW,32,2026-10-05
LULU-ORD-3348,LULU-KOCHI-01,Lulu Gold Coin,Jewellery,Lulu Gold,106,30,LOW,53,2026-10-15
LULU-ORD-3349,LULU-KOCHI-01,Paneer 200g,Dairy,Milma,175,5,HIGH,157,2026-09-20
LULU-ORD-3350,LULU-CLT-01,Bread Loaf,Bakery,Modern,371,6,MEDIUM,55,2026-09-21
LULU-ORD-3351,LULU-KOCHI-01,Lulu Gold Coin,Jewellery,Lulu Gold,274,31,LOW,123,2026-10-16
LULU-ORD-3352,LULU-KOCHI-02,Banana Chips 1kg,Snacks,Local Kerala,136,37,LOW,20,2026-10-22
LULU-ORD-3353,LULU-KOCHI-02,Bread Loaf,Bakery,Modern,303,26,LOW,168,2026-10-11
LULU-ORD-3354,LULU-TVM-01,Banana Chips 1kg,Snacks,Local Kerala,461,24,LOW,169,2026-10-09
LULU-ORD-3355,LULU-KOCHI-02,Bread Loaf,Bakery,Modern,392,6,MEDIUM,139,2026-09-21
LULU-ORD-3356,LULU-CLT-01,Lulu Gold Coin,Jewellery,Lulu Gold,279,44,LOW,168,2026-10-29
LULU-ORD-3357,LULU-TVM-01,Milma Curd 500g,Dairy,Milma,260,45,LOW,12,2026-10-30
LULU-ORD-3358,LULU-KOCHI-02,Banana Chips 1kg,Snacks,Local Kerala,117,19,LOW,50,2026-10-04
LULU-ORD-3359,LULU-CLT-02,Mango 1kg,Fruits,Local Farm,418,5,HIGH,109,2026-09-20
LULU-ORD-3360,LULU-KOCHI-02,Lulu Gold Coin,Jewellery,Lulu Gold,105,23,LOW,129,2026-10-08
LULU-ORD-3361,LULU-CLT-01,Atta 10kg,Grocery,Aashirvaad,486,7,MEDIUM,56,2026-09-22
LULU-ORD-3362,LULU-CLT-02,Chicken 1kg,Meat,Suguna,416,28,LOW,112,2026-10-13
LULU-ORD-3363,LULU-KOCHI-01,Bread Loaf,Bakery,Modern,76,21,LOW,164,2026-10-06
LULU-ORD-3364,LULU-KOCHI-02,Lulu Gold Coin,Jewellery,Lulu Gold,227,45,LOW,39,2026-10-30
LULU-ORD-3365,LULU-TVM-01,Paneer 200g,Dairy,Milma,475,3,HIGH,49,2026-09-18
LULU-ORD-3366,LULU-CLT-02,Lulu Gold Coin,Jewellery,Lulu Gold,159,41,LOW,91,2026-10-26
LULU-ORD-3367,LULU-KOCHI-02,Mango 1kg,Fruits,Local Farm,42,39,LOW,25,2026-10-24
LULU-ORD-3368,LULU-CLT-02,Bread Loaf,Bakery,Modern,450,31,LOW,23,2026-10-16
LULU-ORD-3369,LULU-KOCHI-02,Basmati Rice 5kg,Grocery,India Gate,33,44,LOW,79,2026-10-29
LULU-ORD-3370,LULU-CLT-02,Paneer 200g,Dairy,Milma,190,6,MEDIUM,27,2026-09-21
LULU-ORD-3371,LULU-KOCHI-01,Paneer 200g,Dairy,Milma,424,6,MEDIUM,192,2026-09-21
LULU-ORD-3372,LULU-CLT-02,Lulu Gold Coin,Jewellery,Lulu Gold,439,34,LOW,181,2026-10-19
LULU-ORD-3373,LULU-CLT-01,Paneer 200g,Dairy,Milma,198,4,HIGH,119,2026-09-19
LULU-ORD-3374,LULU-CLT-02,Bread Loaf,Bakery,Modern,314,11,MEDIUM,99,2026-09-26
LULU-ORD-3375,LULU-TVM-01,Dates 500g,Dry Fruits,Lulu Import,503,31,LOW,186,2026-10-16
LULU-ORD-3376,LULU-TVM-01,Banana Chips 1kg,Snacks,Local Kerala,457,23,LOW,109,2026-10-08
LULU-ORD-3377,LULU-CLT-02,Milma Curd 500g,Dairy,Milma,584,39,LOW,29,2026-10-24
LULU-ORD-3378,LULU-KOCHI-01,Mango 1kg,Fruits,Local Farm,158,21,LOW,13,2026-10-06
LULU-ORD-3379,LULU-KOCHI-02,Banana Chips 1kg,Snacks,Local Kerala,479,10,MEDIUM,91,2026-09-25
LULU-ORD-3380,LULU-TVM-01,Chicken 1kg,Meat,Suguna,426,17,LOW,194,2026-10-02
LULU-ORD-3381,LULU-KOCHI-02,Milma Curd 500g,Dairy,Milma,471,9,MEDIUM,173,2026-09-24
LULU-ORD-3382,LULU-CLT-02,Mango 1kg,Fruits,Local Farm,109,3,HIGH,200,2026-09-18
LULU-ORD-3383,LULU-TVM-01,Basmati Rice 5kg,Grocery,India Gate,440,45,LOW,52,2026-10-30
LULU-ORD-3384,LULU-KOCHI-01,Mango 1kg,Fruits,Local Farm,396,14,MEDIUM,63,2026-09-29
LULU-ORD-3385,LULU-KOCHI-01,Basmati Rice 5kg,Grocery,India Gate,600,1,HIGH,103,2026-09-16
LULU-ORD-3386,LULU-TVM-01,Milma Curd 500g,Dairy,Milma,319,20,LOW,41,2026-10-05
LULU-ORD-3387,LULU-KOCHI-02,Lulu Gold Coin,Jewellery,Lulu Gold,476,27,LOW,100,2026-10-12
LULU-ORD-3388,LULU-TVM-01,Bread Loaf,Bakery,Modern,565,28,LOW,95,2026-10-13
LULU-ORD-3389,LULU-KOCHI-02,Chicken 1kg,Meat,Suguna,190,30,LOW,105,2026-10-15
LULU-ORD-3390,LULU-CLT-02,Banana Chips 1kg,Snacks,Local Kerala,576,39,LOW,148,2026-10-24
LULU-ORD-3391,LULU-KOCHI-02,Dates 500g,Dry Fruits,Lulu Import,400,19,LOW,172,2026-10-04
LULU-ORD-3392,LULU-CLT-01,Paneer 200g,Dairy,Milma,111,6,MEDIUM,32,2026-09-21
LULU-ORD-3393,LULU-KOCHI-02,Milma Curd 500g,Dairy,Milma,431,7,MEDIUM,169,2026-09-22
LULU-ORD-3394,LULU-KOCHI-02,Atta 10kg,Grocery,Aashirvaad,112,41,LOW,138,2026-10-26
LULU-ORD-3395,LULU-KOCHI-01,Mango 1kg,Fruits,Local Farm,43,43,LOW,117,2026-10-28
LULU-ORD-3396,LULU-TVM-01,Basmati Rice 5kg,Grocery,India Gate,238,30,LOW,107,2026-10-15
LULU-ORD-3397,LULU-CLT-01,Chicken 1kg,Meat,Suguna,210,31,LOW,99,2026-10-16
LULU-ORD-3398,LULU-KOCHI-02,Lulu Gold Coin,Jewellery,Lulu Gold,432,42,LOW,11,2026-10-27
LULU-ORD-3399,LULU-KOCHI-01,Bread Loaf,Bakery,Modern,239,33,LOW,78,2026-10-18
LULU-ORD-3400,LULU-CLT-02,Paneer 200g,Dairy,Milma,324,27,LOW,11,2026-10-12
LULU-ORD-3401,LULU-CLT-01,Dates 500g,Dry Fruits,Lulu Import,43,1,LOW,49,2026-09-16
LULU-ORD-3402,LULU-KOCHI-01,Bread Loaf,Bakery,Modern,541,39,LOW,95,2026-10-24
LULU-ORD-3403,LULU-CLT-02,Banana Chips 1kg,Snacks,Local Kerala,595,28,LOW,152,2026-10-13
LULU-ORD-3404,LULU-KOCHI-02,Dates 500g,Dry Fruits,Lulu Import,207,40,LOW,23,2026-10-25
LULU-ORD-3405,LULU-KOCHI-02,Mango 1kg,Fruits,Local Farm,449,9,MEDIUM,196,2026-09-24
LULU-ORD-3406,LULU-TVM-01,Banana Chips 1kg,Snacks,Local Kerala,422,21,LOW,50,2026-10-06
LULU-ORD-3407,LULU-CLT-02,Dates 500g,Dry Fruits,Lulu Import,246,7,MEDIUM,139,2026-09-22
LULU-ORD-3408,LULU-KOCHI-01,Chicken 1kg,Meat,Suguna,600,26,LOW,151,2026-10-11
LULU-ORD-3409,LULU-CLT-01,Banana Chips 1kg,Snacks,Local Kerala,340,14,MEDIUM,33,2026-09-29
LULU-ORD-3410,LULU-TVM-01,Milma Curd 500g,Dairy,Milma,457,1,HIGH,49,2026-09-16
LULU-ORD-3411,LULU-TVM-01,Milma Curd 500g,Dairy,Milma,566,6,MEDIUM,107,2026-09-21
LULU-ORD-3412,LULU-KOCHI-01,Milma Curd 500g,Dairy,Milma,143,30,LOW,57,2026-10-15
LULU-ORD-3413,LULU-CLT-02,Basmati Rice 5kg,Grocery,India Gate,237,20,LOW,147,2026-10-05
LULU-ORD-3414,LULU-CLT-01,Basmati Rice 5kg,Grocery,India Gate,397,17,LOW,80,2026-10-02
LULU-ORD-3415,LULU-CLT-01,Chicken 1kg,Meat,Suguna,157,41,LOW,173,2026-10-26
LULU-ORD-3416,LULU-KOCHI-02,Mango 1kg,Fruits,Local Farm,115,8,MEDIUM,162,2026-09-23
LULU-ORD-3417,LULU-KOCHI-01,Chicken 1kg,Meat,Suguna,119,10,MEDIUM,77,2026-09-25
LULU-ORD-3418,LULU-KOCHI-02,Banana Chips 1kg,Snacks,Local Kerala,105,5,HIGH,102,2026-09-20
LULU-ORD-3419,LULU-KOCHI-02,Basmati Rice 5kg,Grocery,India Gate,410,7,MEDIUM,15,2026-09-22
LULU-ORD-3420,LULU-CLT-01,Dates 500g,Dry Fruits,Lulu Import,85,32,LOW,63,2026-10-17
LULU-ORD-3421,LULU-KOCHI-02,Dates 500g,Dry Fruits,Lulu Import,394,21,LOW,51,2026-10-06
LULU-ORD-3422,LULU-CLT-02,Banana Chips 1kg,Snacks,Local Kerala,315,1,HIGH,178,2026-09-16
LULU-ORD-3423,LULU-KOCHI-01,Mango 1kg,Fruits,Local Farm,42,8,LOW,98,2026-09-23
LULU-ORD-3424,LULU-CLT-02,Lulu Gold Coin,Jewellery,Lulu Gold,569,1,HIGH,143,2026-09-16
LULU-ORD-3425,LULU-TVM-01,Paneer 200g,Dairy,Milma,134,13,MEDIUM,17,2026-09-28
LULU-ORD-3426,LULU-TVM-01,Atta 10kg,Grocery,Aashirvaad,33,34,LOW,49,2026-10-19
LULU-ORD-3427,LULU-CLT-02,Basmati Rice 5kg,Grocery,India Gate,383,8,MEDIUM,17,2026-09-23
LULU-ORD-3428,LULU-CLT-01,Bread Loaf,Bakery,Modern,151,15,MEDIUM,196,2026-09-30
LULU-ORD-3429,LULU-KOCHI-02,Banana Chips 1kg,Snacks,Local Kerala,284,18,LOW,61,2026-10-03
LULU-ORD-3430,LULU-KOCHI-01,Chicken 1kg,Meat,Suguna,366,36,LOW,129,2026-10-21
LULU-ORD-3431,LULU-KOCHI-02,Lulu Gold Coin,Jewellery,Lulu Gold,456,33,LOW,59,2026-10-18
LULU-ORD-3432,LULU-KOCHI-01,Paneer 200g,Dairy,Milma,187,13,MEDIUM,110,2026-09-28
LULU-ORD-3433,LULU-CLT-02,Chicken 1kg,Meat,Suguna,329,11,MEDIUM,194,2026-09-26
LULU-ORD-3434,LULU-KOCHI-02,Lulu Gold Coin,Jewellery,Lulu Gold,453,29,LOW,162,2026-10-14
LULU-ORD-3435,LULU-CLT-01,Paneer 200g,Dairy,Milma,336,40,LOW,165,2026-10-25
LULU-ORD-3436,LULU-TVM-01,Dates 500g,Dry Fruits,Lulu Import,449,13,MEDIUM,100,2026-09-28
LULU-ORD-3437,LULU-CLT-02,Bread Loaf,Bakery,Modern,75,29,LOW,18,2026-10-14
LULU-ORD-3438,LULU-KOCHI-02,Atta 10kg,Grocery,Aashirvaad,269,38,LOW,85,2026-10-23
LULU-ORD-3439,LULU-KOCHI-02,Mango 1kg,Fruits,Local Farm,553,23,LOW,17,2026-10-08
LULU-ORD-3440,LULU-KOCHI-02,Chicken 1kg,Meat,Suguna,194,21,LOW,57,2026-10-06
LULU-ORD-3441,LULU-CLT-02,Bread Loaf,Bakery,Modern,261,5,HIGH,178,2026-09-20
LULU-ORD-3442,LULU-KOCHI-01,Bread Loaf,Bakery,Modern,390,10,MEDIUM,41,2026-09-25
LULU-ORD-3443,LULU-CLT-01,Milma Curd 500g,Dairy,Milma,336,45,LOW,193,2026-10-30
LULU-ORD-3444,LULU-TVM-01,Bread Loaf,Bakery,Modern,228,30,LOW,92,2026-10-15
LULU-ORD-3445,LULU-KOCHI-02,Basmati Rice 5kg,Grocery,India Gate,585,5,HIGH,82,2026-09-20
LULU-ORD-3446,LULU-CLT-02,Mango 1kg,Fruits,Local Farm,227,34,LOW,36,2026-10-19
LULU-ORD-3447,LULU-CLT-01,Atta 10kg,Grocery,Aashirvaad,294,39,LOW,156,2026-10-24
LULU-ORD-3448,LULU-KOCHI-01,Dates 500g,Dry Fruits,Lulu Import,455,21,LOW,60,2026-10-06
LULU-ORD-3449,LULU-KOCHI-02,Basmati Rice 5kg,Grocery,India Gate,60,32,LOW,21,2026-10-17
LULU-ORD-3450,LULU-CLT-01,Paneer 200g,Dairy,Milma,441,8,MEDIUM,125,2026-09-23
LULU-ORD-3451,LULU-KOCHI-02,Banana Chips 1kg,Snacks,Local Kerala,344,38,LOW,70,2026-10-23
LULU-ORD-3452,LULU-CLT-01,Mango 1kg,Fruits,Local Farm,31,19,LOW,174,2026-10-04
LULU-ORD-3453,LULU-KOCHI-01,Mango 1kg,Fruits,Local Farm,14,30,LOW,43,2026-10-15
LULU-ORD-3454,LULU-TVM-01,Dates 500g,Dry Fruits,Lulu Import,47,35,LOW,20,2026-10-20
LULU-ORD-3455,LULU-KOCHI-02,Bread Loaf,Bakery,Modern,26,5,LOW,34,2026-09-20
LULU-ORD-3456,LULU-KOCHI-01,Dates 500g,Dry Fruits,Lulu Import,318,18,LOW,98,2026-10-03
LULU-ORD-3457,LULU-KOCHI-01,Dates 500g,Dry Fruits,Lulu Import,91,36,LOW,136,2026-10-21
LULU-ORD-3458,LULU-KOCHI-01,Mango 1kg,Fruits,Local Farm,58,26,LOW,188,2026-10-11
LULU-ORD-3459,LULU-CLT-01,Lulu Gold Coin,Jewellery,Lulu Gold,515,42,LOW,105,2026-10-27
LULU-ORD-3460,LULU-CLT-02,Mango 1kg,Fruits,Local Farm,115,2,HIGH,22,2026-09-17
LULU-ORD-3461,LULU-KOCHI-01,Milma Curd 500g,Dairy,Milma,152,7,MEDIUM,186,2026-09-22
LULU-ORD-3462,LULU-CLT-01,Dates 500g,Dry Fruits,Lulu Import,241,11,MEDIUM,58,2026-09-26
LULU-ORD-3463,LULU-CLT-01,Bread Loaf,Bakery,Modern,560,1,HIGH,76,2026-09-16
LULU-ORD-3464,LULU-KOCHI-01,Milma Curd 500g,Dairy,Milma,123,4,HIGH,29,2026-09-19
LULU-ORD-3465,LULU-TVM-01,Paneer 200g,Dairy,Milma,347,45,LOW,107,2026-10-30
LULU-ORD-3466,LULU-TVM-01,Paneer 200g,Dairy,Milma,184,9,MEDIUM,127,2026-09-24
LULU-ORD-3467,LULU-CLT-02,Chicken 1kg,Meat,Suguna,139,21,LOW,159,2026-10-06
LULU-ORD-3468,LULU-CLT-01,Dates 500g,Dry Fruits,Lulu Import,467,43,LOW,143,2026-10-28
LULU-ORD-3469,LULU-KOCHI-02,Atta 10kg,Grocery,Aashirvaad,256,37,LOW,179,2026-10-22
LULU-ORD-3470,LULU-KOCHI-02,Lulu Gold Coin,Jewellery,Lulu Gold,297,21,LOW,67,2026-10-06
LULU-ORD-3471,LULU-CLT-01,Chicken 1kg,Meat,Suguna,280,19,LOW,100,2026-10-04
LULU-ORD-3472,LULU-CLT-02,Atta 10kg,Grocery,Aashirvaad,258,43,LOW,187,2026-10-28
LULU-ORD-3473,LULU-CLT-01,Chicken 1kg,Meat,Suguna,86,32,LOW,64,2026-10-17
LULU-ORD-3474,LULU-KOCHI-02,Milma Curd 500g,Dairy,Milma,231,30,LOW,58,2026-10-15
LULU-ORD-3475,LULU-CLT-02,Lulu Gold Coin,Jewellery,Lulu Gold,117,22,LOW,161,2026-10-07
LULU-ORD-3476,LULU-KOCHI-01,Atta 10kg,Grocery,Aashirvaad,536,21,LOW,191,2026-10-06
LULU-ORD-3477,LULU-CLT-01,Lulu Gold Coin,Jewellery,Lulu Gold,167,33,LOW,43,2026-10-18
LULU-ORD-3478,LULU-KOCHI-02,Basmati Rice 5kg,Grocery,India Gate,382,25,LOW,168,2026-10-10
LULU-ORD-3479,LULU-CLT-02,Atta 10kg,Grocery,Aashirvaad,217,26,LOW,27,2026-10-11
LULU-ORD-3480,LULU-KOCHI-01,Paneer 200g,Dairy,Milma,443,11,MEDIUM,157,2026-09-26
LULU-ORD-3481,LULU-CLT-01,Chicken 1kg,Meat,Suguna,160,30,LOW,200,2026-10-15
LULU-ORD-3482,LULU-KOCHI-02,Chicken 1kg,Meat,Suguna,256,2,HIGH,57,2026-09-17
LULU-ORD-3483,LULU-TVM-01,Paneer 200g,Dairy,Milma,39,31,LOW,125,2026-10-16
LULU-ORD-3484,LULU-TVM-01,Bread Loaf,Bakery,Modern,281,8,MEDIUM,31,2026-09-23
LULU-ORD-3485,LULU-CLT-02,Bread Loaf,Bakery,Modern,451,14,MEDIUM,111,2026-09-29
LULU-ORD-3486,LULU-KOCHI-01,Atta 10kg,Grocery,Aashirvaad,451,33,LOW,23,2026-10-18
LULU-ORD-3487,LULU-CLT-01,Lulu Gold Coin,Jewellery,Lulu Gold,289,24,LOW,22,2026-10-09
LULU-ORD-3488,LULU-KOCHI-01,Dates 500g,Dry Fruits,Lulu Import,442,13,MEDIUM,58,2026-09-28
LULU-ORD-3489,LULU-KOCHI-01,Dates 500g,Dry Fruits,Lulu Import,190,39,LOW,145,2026-10-24
LULU-ORD-3490,LULU-KOCHI-02,Mango 1kg,Fruits,Local Farm,515,34,LOW,37,2026-10-19
LULU-ORD-3491,LULU-CLT-02,Milma Curd 500g,Dairy,Milma,264,8,MEDIUM,39,2026-09-23
LULU-ORD-3492,LULU-KOCHI-01,Milma Curd 500g,Dairy,Milma,46,37,LOW,71,2026-10-22
LULU-ORD-3493,LULU-KOCHI-01,Chicken 1kg,Meat,Suguna,554,7,MEDIUM,67,2026-09-22
LULU-ORD-3494,LULU-KOCHI-02,Mango 1kg,Fruits,Local Farm,424,26,LOW,35,2026-10-11
LULU-ORD-3495,LULU-CLT-02,Basmati Rice 5kg,Grocery,India Gate,284,32,LOW,53,2026-10-17
LULU-ORD-3496,LULU-KOCHI-01,Basmati Rice 5kg,Grocery,India Gate,365,41,LOW,190,2026-10-26
LULU-ORD-3497,LULU-CLT-01,Mango 1kg,Fruits,Local Farm,304,1,HIGH,57,2026-09-16
LULU-ORD-3498,LULU-CLT-02,Atta 10kg,Grocery,Aashirvaad,498,20,LOW,53,2026-10-05
LULU-ORD-3499,LULU-CLT-02,Bread Loaf,Bakery,Modern,81,11,MEDIUM,95,2026-09-26
LULU-ORD-3500,LULU-KOCHI-02,Lulu Gold Coin,Jewellery,Lulu Gold,155,1,HIGH,119,2026-09-16
LULU-ORD-3501,LULU-KOCHI-01,Bread Loaf,Bakery,Modern,31,12,LOW,29,2026-09-27
LULU-ORD-3502,LULU-KOCHI-01,Banana Chips 1kg,Snacks,Local Kerala,19,39,LOW,131,2026-10-24
LULU-ORD-3503,LULU-CLT-02,Mango 1kg,Fruits,Local Farm,11,32,LOW,130,2026-10-17
LULU-ORD-3504,LULU-TVM-01,Chicken 1kg,Meat,Suguna,56,2,MEDIUM,184,2026-09-17
LULU-ORD-3505,LULU-TVM-01,Paneer 200g,Dairy,Milma,243,34,LOW,52,2026-10-19
LULU-ORD-3506,LULU-KOCHI-01,Banana Chips 1kg,Snacks,Local Kerala,106,7,MEDIUM,198,2026-09-22
LULU-ORD-3507,LULU-KOCHI-01,Bread Loaf,Bakery,Modern,473,32,LOW,149,2026-10-17
LULU-ORD-3508,LULU-KOCHI-01,Paneer 200g,Dairy,Milma,508,17,LOW,127,2026-10-02
LULU-ORD-3509,LULU-KOCHI-01,Milma Curd 500g,Dairy,Milma,371,20,LOW,142,2026-10-05
LULU-ORD-3510,LULU-KOCHI-01,Mango 1kg,Fruits,Local Farm,505,8,MEDIUM,185,2026-09-23
LULU-ORD-3511,LULU-KOCHI-02,Atta 10kg,Grocery,Aashirvaad,31,10,LOW,66,2026-09-25
LULU-ORD-3512,LULU-CLT-01,Banana Chips 1kg,Snacks,Local Kerala,375,32,LOW,72,2026-10-17
LULU-ORD-3513,LULU-CLT-02,Mango 1kg,Fruits,Local Farm,451,24,LOW,200,2026-10-09
LULU-ORD-3514,LULU-CLT-01,Chicken 1kg,Meat,Suguna,208,25,LOW,80,2026-10-10
LULU-ORD-3515,LULU-CLT-02,Atta 10kg,Grocery,Aashirvaad,470,34,LOW,77,2026-10-19
LULU-ORD-3516,LULU-TVM-01,Bread Loaf,Bakery,Modern,349,26,LOW,116,2026-10-11
LULU-ORD-3517,LULU-CLT-01,Paneer 200g,Dairy,Milma,326,13,MEDIUM,158,2026-09-28
LULU-ORD-3518,LULU-CLT-01,Atta 10kg,Grocery,Aashirvaad,361,40,LOW,120,2026-10-25
LULU-ORD-3519,LULU-KOCHI-01,Lulu Gold Coin,Jewellery,Lulu Gold,590,23,LOW,38,2026-10-08
LULU-ORD-3520,LULU-CLT-02,Milma Curd 500g,Dairy,Milma,520,44,LOW,129,2026-10-29
LULU-ORD-3521,LULU-TVM-01,Banana Chips 1kg,Snacks,Local Kerala,545,19,LOW,152,2026-10-04
LULU-ORD-3522,LULU-KOCHI-01,Banana Chips 1kg,Snacks,Local Kerala,320,32,LOW,26,2026-10-17
LULU-ORD-3523,LULU-CLT-01,Paneer 200g,Dairy,Milma,25,30,LOW,65,2026-10-15
LULU-ORD-3524,LULU-KOCHI-02,Paneer 200g,Dairy,Milma,136,4,HIGH,88,2026-09-19
LULU-ORD-3525,LULU-CLT-01,Milma Curd 500g,Dairy,Milma,450,23,LOW,22,2026-10-08
LULU-ORD-3526,LULU-KOCHI-01,Paneer 200g,Dairy,Milma,151,23,LOW,138,2026-10-08
LULU-ORD-3527,LULU-KOCHI-01,Atta 10kg,Grocery,Aashirvaad,168,6,MEDIUM,46,2026-09-21
LULU-ORD-3528,LULU-CLT-01,Basmati Rice 5kg,Grocery,India Gate,452,38,LOW,84,2026-10-23
LULU-ORD-3529,LULU-KOCHI-01,Basmati Rice 5kg,Grocery,India Gate,42,31,LOW,73,2026-10-16
LULU-ORD-3530,LULU-CLT-01,Dates 500g,Dry Fruits,Lulu Import,442,26,LOW,76,2026-10-11
LULU-ORD-3531,LULU-TVM-01,Paneer 200g,Dairy,Milma,328,12,MEDIUM,121,2026-09-27
LULU-ORD-3532,LULU-CLT-02,Bread Loaf,Bakery,Modern,152,44,LOW,74,2026-10-29
LULU-ORD-3533,LULU-CLT-02,Banana Chips 1kg,Snacks,Local Kerala,436,36,LOW,87,2026-10-21
LULU-ORD-3534,LULU-TVM-01,Paneer 200g,Dairy,Milma,97,20,LOW,170,2026-10-05
LULU-ORD-3535,LULU-KOCHI-02,Lulu Gold Coin,Jewellery,Lulu Gold,568,12,MEDIUM,121,2026-09-27
LULU-ORD-3536,LULU-KOCHI-02,Chicken 1kg,Meat,Suguna,151,34,LOW,187,2026-10-19
LULU-ORD-3537,LULU-KOCHI-01,Bread Loaf,Bakery,Modern,525,44,LOW,129,2026-10-29
LULU-ORD-3538,LULU-KOCHI-02,Bread Loaf,Bakery,Modern,447,30,LOW,115,2026-10-15
LULU-ORD-3539,LULU-CLT-01,Lulu Gold Coin,Jewellery,Lulu Gold,38,36,LOW,117,2026-10-21
LULU-ORD-3540,LULU-KOCHI-01,Chicken 1kg,Meat,Suguna,153,40,LOW,72,2026-10-25
LULU-ORD-3541,LULU-CLT-02,Mango 1kg,Fruits,Local Farm,534,24,LOW,168,2026-10-09
LULU-ORD-3542,LULU-CLT-01,Atta 10kg,Grocery,Aashirvaad,589,19,LOW,110,2026-10-04
LULU-ORD-3543,LULU-CLT-01,Banana Chips 1kg,Snacks,Local Kerala,422,43,LOW,128,2026-10-28
LULU-ORD-3544,LULU-CLT-01,Atta 10kg,Grocery,Aashirvaad,481,4,HIGH,24,2026-09-19
LULU-ORD-3545,LULU-TVM-01,Paneer 200g,Dairy,Milma,119,22,LOW,34,2026-10-07
LULU-ORD-3546,LULU-KOCHI-01,Paneer 200g,Dairy,Milma,589,31,LOW,25,2026-10-16
LULU-ORD-3547,LULU-CLT-02,Chicken 1kg,Meat,Suguna,533,4,HIGH,142,2026-09-19
LULU-ORD-3548,LULU-CLT-02,Banana Chips 1kg,Snacks,Local Kerala,585,32,LOW,67,2026-10-17
LULU-ORD-3549,LULU-KOCHI-01,Banana Chips 1kg,Snacks,Local Kerala,318,41,LOW,194,2026-10-26
LULU-ORD-3550,LULU-CLT-02,Milma Curd 500g,Dairy,Milma,506,40,LOW,39,2026-10-25
LULU-ORD-3551,LULU-TVM-01,Chicken 1kg,Meat,Suguna,10,10,LOW,40,2026-09-25
LULU-ORD-3552,LULU-CLT-02,Atta 10kg,Grocery,Aashirvaad,109,16,LOW,36,2026-10-01
LULU-ORD-3553,LULU-KOCHI-02,Lulu Gold Coin,Jewellery,Lulu Gold,35,33,LOW,110,2026-10-18
LULU-ORD-3554,LULU-KOCHI-02,Milma Curd 500g,Dairy,Milma,134,20,LOW,133,2026-10-05
LULU-ORD-3555,LULU-KOCHI-01,Banana Chips 1kg,Snacks,Local Kerala,250,35,LOW,166,2026-10-20
LULU-ORD-3556,LULU-CLT-02,Lulu Gold Coin,Jewellery,Lulu Gold,136,28,LOW,172,2026-10-13
LULU-ORD-3557,LULU-CLT-02,Milma Curd 500g,Dairy,Milma,199,10,MEDIUM,53,2026-09-25
LULU-ORD-3558,LULU-KOCHI-02,Atta 10kg,Grocery,Aashirvaad,569,13,MEDIUM,132,2026-09-28
LULU-ORD-3559,LULU-CLT-01,Paneer 200g,Dairy,Milma,306,43,LOW,160,2026-10-28
LULU-ORD-3560,LULU-KOCHI-01,Lulu Gold Coin,Jewellery,Lulu Gold,386,43,LOW,110,2026-10-28
LULU-ORD-3561,LULU-KOCHI-02,Dates 500g,Dry Fruits,Lulu Import,119,30,LOW,118,2026-10-15
LULU-ORD-3562,LULU-KOCHI-02,Banana Chips 1kg,Snacks,Local Kerala,38,19,LOW,40,2026-10-04
LULU-ORD-3563,LULU-TVM-01,Mango 1kg,Fruits,Local Farm,408,1,HIGH,87,2026-09-16
LULU-ORD-3564,LULU-KOCHI-01,Milma Curd 500g,Dairy,Milma,465,3,HIGH,45,2026-09-18
LULU-ORD-3565,LULU-CLT-01,Lulu Gold Coin,Jewellery,Lulu Gold,479,18,LOW,50,2026-10-03
LULU-ORD-3566,LULU-CLT-02,Bread Loaf,Bakery,Modern,522,33,LOW,99,2026-10-18
LULU-ORD-3567,LULU-CLT-01,Atta 10kg,Grocery,Aashirvaad,409,33,LOW,54,2026-10-18
LULU-ORD-3568,LULU-TVM-01,Banana Chips 1kg,Snacks,Local Kerala,370,42,LOW,96,2026-10-27
LULU-ORD-3569,LULU-KOCHI-01,Lulu Gold Coin,Jewellery,Lulu Gold,153,18,LOW,110,2026-10-03
LULU-ORD-3570,LULU-KOCHI-02,Chicken 1kg,Meat,Suguna,505,25,LOW,165,2026-10-10
LULU-ORD-3571,LULU-TVM-01,Banana Chips 1kg,Snacks,Local Kerala,599,33,LOW,76,2026-10-18
LULU-ORD-3572,LULU-TVM-01,Banana Chips 1kg,Snacks,Local Kerala,341,38,LOW,99,2026-10-23
LULU-ORD-3573,LULU-CLT-01,Mango 1kg,Fruits,Local Farm,423,5,HIGH,17,2026-09-20
LULU-ORD-3574,LULU-CLT-01,Banana Chips 1kg,Snacks,Local Kerala,247,7,MEDIUM,137,2026-09-22
LULU-ORD-3575,LULU-CLT-02,Lulu Gold Coin,Jewellery,Lulu Gold,341,15,MEDIUM,36,2026-09-30
LULU-ORD-3576,LULU-CLT-01,Banana Chips 1kg,Snacks,Local Kerala,403,27,LOW,25,2026-10-12
LULU-ORD-3577,LULU-CLT-01,Mango 1kg,Fruits,Local Farm,266,8,MEDIUM,28,2026-09-23
LULU-ORD-3578,LULU-CLT-01,Lulu Gold Coin,Jewellery,Lulu Gold,393,39,LOW,54,2026-10-24
LULU-ORD-3579,LULU-KOCHI-02,Bread Loaf,Bakery,Modern,120,45,LOW,106,2026-10-30
LULU-ORD-3580,LULU-CLT-02,Banana Chips 1kg,Snacks,Local Kerala,597,36,LOW,60,2026-10-21
LULU-ORD-3581,LULU-KOCHI-01,Paneer 200g,Dairy,Milma,512,29,LOW,67,2026-10-14
LULU-ORD-3582,LULU-TVM-01,Basmati Rice 5kg,Grocery,India Gate,175,28,LOW,59,2026-10-13
LULU-ORD-3583,LULU-CLT-01,Chicken 1kg,Meat,Suguna,34,41,LOW,62,2026-10-26
LULU-ORD-3584,LULU-KOCHI-01,Milma Curd 500g,Dairy,Milma,153,1,HIGH,114,2026-09-16
LULU-ORD-3585,LULU-KOCHI-01,Mango 1kg,Fruits,Local Farm,569,5,HIGH,57,2026-09-20
LULU-ORD-3586,LULU-CLT-02,Atta 10kg,Grocery,Aashirvaad,518,13,MEDIUM,156,2026-09-28
LULU-ORD-3587,LULU-KOCHI-01,Lulu Gold Coin,Jewellery,Lulu Gold,522,23,LOW,168,2026-10-08
LULU-ORD-3588,LULU-KOCHI-02,Atta 10kg,Grocery,Aashirvaad,151,5,HIGH,119,2026-09-20
LULU-ORD-3589,LULU-CLT-01,Dates 500g,Dry Fruits,Lulu Import,82,37,LOW,42,2026-10-22
LULU-ORD-3590,LULU-CLT-01,Atta 10kg,Grocery,Aashirvaad,315,7,MEDIUM,137,2026-09-22
LULU-ORD-3591,LULU-TVM-01,Basmati Rice 5kg,Grocery,India Gate,62,39,LOW,94,2026-10-24
LULU-ORD-3592,LULU-KOCHI-01,Milma Curd 500g,Dairy,Milma,239,19,LOW,109,2026-10-04
LULU-ORD-3593,LULU-KOCHI-01,Bread Loaf,Bakery,Modern,79,11,MEDIUM,29,2026-09-26
LULU-ORD-3594,LULU-TVM-01,Atta 10kg,Grocery,Aashirvaad,599,16,LOW,166,2026-10-01
LULU-ORD-3595,LULU-TVM-01,Atta 10kg,Grocery,Aashirvaad,329,26,LOW,24,2026-10-11
LULU-ORD-3596,LULU-KOCHI-02,Atta 10kg,Grocery,Aashirvaad,123,38,LOW,77,2026-10-23
LULU-ORD-3597,LULU-KOCHI-02,Milma Curd 500g,Dairy,Milma,43,22,LOW,76,2026-10-07
LULU-ORD-3598,LULU-CLT-02,Basmati Rice 5kg,Grocery,India Gate,352,4,HIGH,62,2026-09-19
LULU-ORD-3599,LULU-CLT-01,Atta 10kg,Grocery,Aashirvaad,347,43,LOW,70,2026-10-28
LULU-ORD-3600,LULU-TVM-01,Lulu Gold Coin,Jewellery,Lulu Gold,84,37,LOW,189,2026-10-22
LULU-ORD-3601,LULU-KOCHI-02,Milma Curd 500g,Dairy,Milma,364,5,HIGH,163,2026-09-20
LULU-ORD-3602,LULU-KOCHI-02,Mango 1kg,Fruits,Local Farm,92,36,LOW,43,2026-10-21
LULU-ORD-3603,LULU-CLT-01,Paneer 200g,Dairy,Milma,52,7,MEDIUM,137,2026-09-22
LULU-ORD-3604,LULU-KOCHI-01,Atta 10kg,Grocery,Aashirvaad,240,42,LOW,120,2026-10-27
LULU-ORD-3605,LULU-CLT-01,Lulu Gold Coin,Jewellery,Lulu Gold,320,15,MEDIUM,24,2026-09-30
LULU-ORD-3606,LULU-TVM-01,Milma Curd 500g,Dairy,Milma,210,35,LOW,107,2026-10-20
LULU-ORD-3607,LULU-CLT-01,Milma Curd 500g,Dairy,Milma,575,31,LOW,109,2026-10-16
LULU-ORD-3608,LULU-KOCHI-02,Dates 500g,Dry Fruits,Lulu Import,138,28,LOW,150,2026-10-13
LULU-ORD-3609,LULU-CLT-01,Banana Chips 1kg,Snacks,Local Kerala,128,29,LOW,167,2026-10-14
LULU-ORD-3610,LULU-KOCHI-01,Bread Loaf,Bakery,Modern,370,13,MEDIUM,121,2026-09-28
LULU-ORD-3611,LULU-CLT-01,Milma Curd 500g,Dairy,Milma,253,15,MEDIUM,160,2026-09-30
LULU-ORD-3612,LULU-TVM-01,Milma Curd 500g,Dairy,Milma,242,27,LOW,155,2026-10-12
LULU-ORD-3613,LULU-CLT-01,Milma Curd 500g,Dairy,Milma,25,16,LOW,29,2026-10-01
LULU-ORD-3614,LULU-CLT-02,Milma Curd 500g,Dairy,Milma,139,29,LOW,82,2026-10-14
LULU-ORD-3615,LULU-TVM-01,Milma Curd 500g,Dairy,Milma,331,23,LOW,177,2026-10-08
LULU-ORD-3616,LULU-TVM-01,Basmati Rice 5kg,Grocery,India Gate,309,9,MEDIUM,111,2026-09-24
LULU-ORD-3617,LULU-CLT-01,Lulu Gold Coin,Jewellery,Lulu Gold,135,43,LOW,29,2026-10-28
LULU-ORD-3618,LULU-KOCHI-02,Paneer 200g,Dairy,Milma,566,14,MEDIUM,190,2026-09-29
LULU-ORD-3619,LULU-KOCHI-01,Bread Loaf,Bakery,Modern,235,29,LOW,103,2026-10-14
LULU-ORD-3620,LULU-CLT-02,Atta 10kg,Grocery,Aashirvaad,309,42,LOW,144,2026-10-27
LULU-ORD-3621,LULU-TVM-01,Paneer 200g,Dairy,Milma,336,45,LOW,138,2026-10-30
LULU-ORD-3622,LULU-KOCHI-02,Chicken 1kg,Meat,Suguna,65,23,LOW,190,2026-10-08
LULU-ORD-3623,LULU-CLT-01,Mango 1kg,Fruits,Local Farm,507,18,LOW,62,2026-10-03
LULU-ORD-3624,LULU-KOCHI-01,Banana Chips 1kg,Snacks,Local Kerala,543,15,MEDIUM,199,2026-09-30
LULU-ORD-3625,LULU-KOCHI-01,Atta 10kg,Grocery,Aashirvaad,225,8,MEDIUM,195,2026-09-23
LULU-ORD-3626,LULU-KOCHI-02,Banana Chips 1kg,Snacks,Local Kerala,46,16,LOW,176,2026-10-01
LULU-ORD-3627,LULU-KOCHI-02,Lulu Gold Coin,Jewellery,Lulu Gold,126,2,HIGH,18,2026-09-17
LULU-ORD-3628,LULU-KOCHI-02,Paneer 200g,Dairy,Milma,294,38,LOW,86,2026-10-23
LULU-ORD-3629,LULU-TVM-01,Chicken 1kg,Meat,Suguna,71,18,LOW,108,2026-10-03
LULU-ORD-3630,LULU-KOCHI-02,Lulu Gold Coin,Jewellery,Lulu Gold,29,25,LOW,123,2026-10-10
LULU-ORD-3631,LULU-KOCHI-02,Milma Curd 500g,Dairy,Milma,239,14,MEDIUM,57,2026-09-29
LULU-ORD-3632,LULU-KOCHI-01,Dates 500g,Dry Fruits,Lulu Import,555,4,HIGH,18,2026-09-19
LULU-ORD-3633,LULU-TVM-01,Atta 10kg,Grocery,Aashirvaad,366,2,HIGH,96,2026-09-17
LULU-ORD-3634,LULU-KOCHI-01,Paneer 200g,Dairy,Milma,231,2,HIGH,195,2026-09-17
LULU-ORD-3635,LULU-CLT-01,Mango 1kg,Fruits,Local Farm,454,28,LOW,37,2026-10-13
LULU-ORD-3636,LULU-KOCHI-01,Atta 10kg,Grocery,Aashirvaad,407,44,LOW,146,2026-10-29
LULU-ORD-3637,LULU-TVM-01,Lulu Gold Coin,Jewellery,Lulu Gold,444,37,LOW,142,2026-10-22
LULU-ORD-3638,LULU-KOCHI-02,Paneer 200g,Dairy,Milma,176,25,LOW,200,2026-10-10
LULU-ORD-3639,LULU-KOCHI-01,Basmati Rice 5kg,Grocery,India Gate,145,1,HIGH,184,2026-09-16
LULU-ORD-3640,LULU-TVM-01,Paneer 200g,Dairy,Milma,97,16,LOW,85,2026-10-01
LULU-ORD-3641,LULU-CLT-01,Bread Loaf,Bakery,Modern,594,26,LOW,167,2026-10-11
LULU-ORD-3642,LULU-KOCHI-01,Paneer 200g,Dairy,Milma,380,18,LOW,177,2026-10-03
LULU-ORD-3643,LULU-KOCHI-01,Mango 1kg,Fruits,Local Farm,22,8,LOW,155,2026-09-23
LULU-ORD-3644,LULU-KOCHI-02,Bread Loaf,Bakery,Modern,280,12,MEDIUM,128,2026-09-27
LULU-ORD-3645,LULU-KOCHI-02,Milma Curd 500g,Dairy,Milma,460,1,HIGH,19,2026-09-16
LULU-ORD-3646,LULU-TVM-01,Bread Loaf,Bakery,Modern,501,41,LOW,65,2026-10-26
LULU-ORD-3647,LULU-CLT-01,Dates 500g,Dry Fruits,Lulu Import,69,38,LOW,80,2026-10-23
LULU-ORD-3648,LULU-CLT-01,Mango 1kg,Fruits,Local Farm,574,21,LOW,122,2026-10-06
LULU-ORD-3649,LULU-KOCHI-01,Banana Chips 1kg,Snacks,Local Kerala,274,18,LOW,136,2026-10-03
LULU-ORD-3650,LULU-CLT-02,Banana Chips 1kg,Snacks,Local Kerala,242,41,LOW,47,2026-10-26
LULU-ORD-3651,LULU-CLT-01,Mango 1kg,Fruits,Local Farm,60,15,MEDIUM,177,2026-09-30
LULU-ORD-3652,LULU-TVM-01,Milma Curd 500g,Dairy,Milma,198,44,LOW,122,2026-10-29
LULU-ORD-3653,LULU-TVM-01,Mango 1kg,Fruits,Local Farm,334,3,HIGH,193,2026-09-18
LULU-ORD-3654,LULU-KOCHI-01,Basmati Rice 5kg,Grocery,India Gate,72,17,LOW,14,2026-10-02
LULU-ORD-3655,LULU-TVM-01,Bread Loaf,Bakery,Modern,563,3,HIGH,70,2026-09-18
LULU-ORD-3656,LULU-TVM-01,Bread Loaf,Bakery,Modern,121,5,HIGH,123,2026-09-20
LULU-ORD-3657,LULU-CLT-02,Chicken 1kg,Meat,Suguna,533,5,HIGH,62,2026-09-20
LULU-ORD-3658,LULU-KOCHI-02,Bread Loaf,Bakery,Modern,594,24,LOW,28,2026-10-09
LULU-ORD-3659,LULU-CLT-01,Dates 500g,Dry Fruits,Lulu Import,299,10,MEDIUM,93,2026-09-25
LULU-ORD-3660,LULU-KOCHI-02,Mango 1kg,Fruits,Local Farm,378,22,LOW,176,2026-10-07
LULU-ORD-3661,LULU-TVM-01,Bread Loaf,Bakery,Modern,491,19,LOW,17,2026-10-04
LULU-ORD-3662,LULU-KOCHI-01,Banana Chips 1kg,Snacks,Local Kerala,387,3,HIGH,48,2026-09-18
LULU-ORD-3663,LULU-TVM-01,Mango 1kg,Fruits,Local Farm,36,7,LOW,64,2026-09-22
LULU-ORD-3664,LULU-TVM-01,Bread Loaf,Bakery,Modern,533,33,LOW,192,2026-10-18
LULU-ORD-3665,LULU-TVM-01,Bread Loaf,Bakery,Modern,230,25,LOW,18,2026-10-10
LULU-ORD-3666,LULU-CLT-01,Banana Chips 1kg,Snacks,Local Kerala,400,42,LOW,29,2026-10-27
LULU-ORD-3667,LULU-TVM-01,Basmati Rice 5kg,Grocery,India Gate,588,33,LOW,171,2026-10-18
LULU-ORD-3668,LULU-CLT-01,Atta 10kg,Grocery,Aashirvaad,438,35,LOW,145,2026-10-20
LULU-ORD-3669,LULU-TVM-01,Milma Curd 500g,Dairy,Milma,493,43,LOW,143,2026-10-28
LULU-ORD-3670,LULU-CLT-02,Lulu Gold Coin,Jewellery,Lulu Gold,334,18,LOW,157,2026-10-03
LULU-ORD-3671,LULU-CLT-02,Paneer 200g,Dairy,Milma,259,22,LOW,102,2026-10-07
LULU-ORD-3672,LULU-CLT-01,Basmati Rice 5kg,Grocery,India Gate,476,21,LOW,187,2026-10-06
LULU-ORD-3673,LULU-KOCHI-01,Basmati Rice 5kg,Grocery,India Gate,465,27,LOW,30,2026-10-12
LULU-ORD-3674,LULU-CLT-01,Bread Loaf,Bakery,Modern,583,33,LOW,102,2026-10-18
LULU-ORD-3675,LULU-KOCHI-02,Lulu Gold Coin,Jewellery,Lulu Gold,245,29,LOW,68,2026-10-14
LULU-ORD-3676,LULU-CLT-02,Mango 1kg,Fruits,Local Farm,138,35,LOW,114,2026-10-20
LULU-ORD-3677,LULU-KOCHI-01,Mango 1kg,Fruits,Local Farm,151,39,LOW,83,2026-10-24
LULU-ORD-3678,LULU-CLT-01,Bread Loaf,Bakery,Modern,331,8,MEDIUM,114,2026-09-23
LULU-ORD-3679,LULU-TVM-01,Dates 500g,Dry Fruits,Lulu Import,527,10,MEDIUM,136,2026-09-25
LULU-ORD-3680,LULU-CLT-01,Basmati Rice 5kg,Grocery,India Gate,194,30,LOW,52,2026-10-15
LULU-ORD-3681,LULU-TVM-01,Chicken 1kg,Meat,Suguna,438,17,LOW,192,2026-10-02
LULU-ORD-3682,LULU-CLT-01,Lulu Gold Coin,Jewellery,Lulu Gold,113,9,MEDIUM,120,2026-09-24
LULU-ORD-3683,LULU-CLT-02,Milma Curd 500g,Dairy,Milma,180,5,HIGH,141,2026-09-20
LULU-ORD-3684,LULU-KOCHI-01,Atta 10kg,Grocery,Aashirvaad,407,28,LOW,42,2026-10-13
LULU-ORD-3685,LULU-KOCHI-01,Dates 500g,Dry Fruits,Lulu Import,580,16,LOW,40,2026-10-01
LULU-ORD-3686,LULU-TVM-01,Bread Loaf,Bakery,Modern,354,38,LOW,167,2026-10-23
LULU-ORD-3687,LULU-KOCHI-01,Chicken 1kg,Meat,Suguna,56,5,MEDIUM,124,2026-09-20
LULU-ORD-3688,LULU-KOCHI-01,Dates 500g,Dry Fruits,Lulu Import,470,28,LOW,132,2026-10-13
LULU-ORD-3689,LULU-TVM-01,Banana Chips 1kg,Snacks,Local Kerala,197,38,LOW,31,2026-10-23
LULU-ORD-3690,LULU-TVM-01,Banana Chips 1kg,Snacks,Local Kerala,17,38,LOW,104,2026-10-23
LULU-ORD-3691,LULU-KOCHI-02,Lulu Gold Coin,Jewellery,Lulu Gold,398,21,LOW,55,2026-10-06
LULU-ORD-3692,LULU-CLT-02,Atta 10kg,Grocery,Aashirvaad,296,7,MEDIUM,86,2026-09-22
LULU-ORD-3693,LULU-TVM-01,Lulu Gold Coin,Jewellery,Lulu Gold,359,4,HIGH,142,2026-09-19
LULU-ORD-3694,LULU-KOCHI-01,Atta 10kg,Grocery,Aashirvaad,530,28,LOW,92,2026-10-13
LULU-ORD-3695,LULU-CLT-02,Dates 500g,Dry Fruits,Lulu Import,336,12,MEDIUM,20,2026-09-27
LULU-ORD-3696,LULU-KOCHI-01,Basmati Rice 5kg,Grocery,India Gate,450,34,LOW,157,2026-10-19
LULU-ORD-3697,LULU-KOCHI-01,Mango 1kg,Fruits,Local Farm,331,7,MEDIUM,82,2026-09-22
LULU-ORD-3698,LULU-KOCHI-01,Banana Chips 1kg,Snacks,Local Kerala,131,19,LOW,134,2026-10-04
LULU-ORD-3699,LULU-KOCHI-01,Lulu Gold Coin,Jewellery,Lulu Gold,239,11,MEDIUM,76,2026-09-26
LULU-ORD-3700,LULU-KOCHI-01,Mango 1kg,Fruits,Local Farm,118,15,MEDIUM,46,2026-09-30
LULU-ORD-3701,LULU-TVM-01,Chicken 1kg,Meat,Suguna,221,36,LOW,53,2026-10-21
LULU-ORD-3702,LULU-TVM-01,Milma Curd 500g,Dairy,Milma,50,35,LOW,59,2026-10-20
LULU-ORD-3703,LULU-KOCHI-01,Milma Curd 500g,Dairy,Milma,510,2,HIGH,62,2026-09-17
LULU-ORD-3704,LULU-KOCHI-02,Paneer 200g,Dairy,Milma,594,28,LOW,143,2026-10-13
LULU-ORD-3705,LULU-CLT-01,Banana Chips 1kg,Snacks,Local Kerala,474,19,LOW,193,2026-10-04
LULU-ORD-3706,LULU-KOCHI-02,Chicken 1kg,Meat,Suguna,465,28,LOW,77,2026-10-13
LULU-ORD-3707,LULU-CLT-01,Chicken 1kg,Meat,Suguna,150,18,LOW,100,2026-10-03
LULU-ORD-3708,LULU-KOCHI-01,Chicken 1kg,Meat,Suguna,237,5,HIGH,50,2026-09-20
LULU-ORD-3709,LULU-KOCHI-02,Atta 10kg,Grocery,Aashirvaad,353,18,LOW,171,2026-10-03
LULU-ORD-3710,LULU-KOCHI-01,Atta 10kg,Grocery,Aashirvaad,85,45,LOW,19,2026-10-30
LULU-ORD-3711,LULU-KOCHI-01,Dates 500g,Dry Fruits,Lulu Import,112,34,LOW,58,2026-10-19
LULU-ORD-3712,LULU-CLT-01,Atta 10kg,Grocery,Aashirvaad,46,41,LOW,72,2026-10-26
LULU-ORD-3713,LULU-CLT-02,Banana Chips 1kg,Snacks,Local Kerala,395,15,MEDIUM,77,2026-09-30
LULU-ORD-3714,LULU-CLT-02,Lulu Gold Coin,Jewellery,Lulu Gold,165,32,LOW,197,2026-10-17
LULU-ORD-3715,LULU-CLT-02,Lulu Gold Coin,Jewellery,Lulu Gold,299,9,MEDIUM,172,2026-09-24
LULU-ORD-3716,LULU-CLT-01,Chicken 1kg,Meat,Suguna,538,14,MEDIUM,121,2026-09-29
LULU-ORD-3717,LULU-TVM-01,Chicken 1kg,Meat,Suguna,512,36,LOW,63,2026-10-21
LULU-ORD-3718,LULU-KOCHI-01,Banana Chips 1kg,Snacks,Local Kerala,49,27,LOW,167,2026-10-12
LULU-ORD-3719,LULU-KOCHI-01,Dates 500g,Dry Fruits,Lulu Import,250,41,LOW,133,2026-10-26
LULU-ORD-3720,LULU-CLT-02,Atta 10kg,Grocery,Aashirvaad,194,20,LOW,84,2026-10-05
LULU-ORD-3721,LULU-KOCHI-02,Lulu Gold Coin,Jewellery,Lulu Gold,511,41,LOW,163,2026-10-26
LULU-ORD-3722,LULU-KOCHI-01,Bread Loaf,Bakery,Modern,566,31,LOW,34,2026-10-16
LULU-ORD-3723,LULU-KOCHI-02,Basmati Rice 5kg,Grocery,India Gate,125,19,LOW,124,2026-10-04
LULU-ORD-3724,LULU-KOCHI-02,Bread Loaf,Bakery,Modern,263,43,LOW,39,2026-10-28
LULU-ORD-3725,LULU-CLT-01,Banana Chips 1kg,Snacks,Local Kerala,485,21,LOW,98,2026-10-06
LULU-ORD-3726,LULU-KOCHI-02,Dates 500g,Dry Fruits,Lulu Import,141,31,LOW,163,2026-10-16
LULU-ORD-3727,LULU-KOCHI-01,Dates 500g,Dry Fruits,Lulu Import,250,2,HIGH,78,2026-09-17
LULU-ORD-3728,LULU-CLT-01,Atta 10kg,Grocery,Aashirvaad,230,27,LOW,153,2026-10-12
LULU-ORD-3729,LULU-KOCHI-01,Bread Loaf,Bakery,Modern,277,44,LOW,115,2026-10-29
LULU-ORD-3730,LULU-KOCHI-02,Dates 500g,Dry Fruits,Lulu Import,462,28,LOW,76,2026-10-13
LULU-ORD-3731,LULU-CLT-02,Milma Curd 500g,Dairy,Milma,284,32,LOW,96,2026-10-17
LULU-ORD-3732,LULU-KOCHI-02,Milma Curd 500g,Dairy,Milma,325,29,LOW,66,2026-10-14
LULU-ORD-3733,LULU-CLT-02,Mango 1kg,Fruits,Local Farm,180,35,LOW,170,2026-10-20
LULU-ORD-3734,LULU-TVM-01,Chicken 1kg,Meat,Suguna,347,9,MEDIUM,148,2026-09-24
LULU-ORD-3735,LULU-CLT-01,Milma Curd 500g,Dairy,Milma,31,25,LOW,190,2026-10-10
LULU-ORD-3736,LULU-CLT-01,Bread Loaf,Bakery,Modern,371,36,LOW,177,2026-10-21
LULU-ORD-3737,LULU-KOCHI-01,Milma Curd 500g,Dairy,Milma,541,14,MEDIUM,147,2026-09-29
LULU-ORD-3738,LULU-KOCHI-02,Basmati Rice 5kg,Grocery,India Gate,170,35,LOW,193,2026-10-20
LULU-ORD-3739,LULU-KOCHI-01,Basmati Rice 5kg,Grocery,India Gate,307,11,MEDIUM,94,2026-09-26
LULU-ORD-3740,LULU-CLT-02,Dates 500g,Dry Fruits,Lulu Import,230,36,LOW,13,2026-10-21
LULU-ORD-3741,LULU-CLT-01,Milma Curd 500g,Dairy,Milma,30,34,LOW,138,2026-10-19
LULU-ORD-3742,LULU-CLT-02,Dates 500g,Dry Fruits,Lulu Import,506,3,HIGH,82,2026-09-18
LULU-ORD-3743,LULU-CLT-02,Paneer 200g,Dairy,Milma,34,15,LOW,18,2026-09-30
LULU-ORD-3744,LULU-KOCHI-02,Paneer 200g,Dairy,Milma,136,25,LOW,43,2026-10-10
LULU-ORD-3745,LULU-CLT-01,Paneer 200g,Dairy,Milma,96,5,MEDIUM,139,2026-09-20
LULU-ORD-3746,LULU-TVM-01,Dates 500g,Dry Fruits,Lulu Import,30,1,LOW,164,2026-09-16
LULU-ORD-3747,LULU-KOCHI-02,Banana Chips 1kg,Snacks,Local Kerala,107,38,LOW,59,2026-10-23
LULU-ORD-3748,LULU-KOCHI-02,Mango 1kg,Fruits,Local Farm,329,21,LOW,141,2026-10-06
LULU-ORD-3749,LULU-KOCHI-02,Milma Curd 500g,Dairy,Milma,319,18,LOW,61,2026-10-03
LULU-ORD-3750,LULU-TVM-01,Chicken 1kg,Meat,Suguna,280,42,LOW,130,2026-10-27
LULU-ORD-3751,LULU-CLT-01,Dates 500g,Dry Fruits,Lulu Import,308,28,LOW,66,2026-10-13
LULU-ORD-3752,LULU-KOCHI-02,Dates 500g,Dry Fruits,Lulu Import,584,18,LOW,82,2026-10-03
LULU-ORD-3753,LULU-KOCHI-02,Atta 10kg,Grocery,Aashirvaad,528,16,LOW,14,2026-10-01
LULU-ORD-3754,LULU-TVM-01,Lulu Gold Coin,Jewellery,Lulu Gold,413,24,LOW,192,2026-10-09
LULU-ORD-3755,LULU-TVM-01,Chicken 1kg,Meat,Suguna,473,15,MEDIUM,16,2026-09-30
LULU-ORD-3756,LULU-KOCHI-01,Dates 500g,Dry Fruits,Lulu Import,247,29,LOW,132,2026-10-14
LULU-ORD-3757,LULU-KOCHI-01,Mango 1kg,Fruits,Local Farm,121,42,LOW,95,2026-10-27
LULU-ORD-3758,LULU-TVM-01,Banana Chips 1kg,Snacks,Local Kerala,95,7,MEDIUM,53,2026-09-22
LULU-ORD-3759,LULU-CLT-02,Basmati Rice 5kg,Grocery,India Gate,511,38,LOW,31,2026-10-23
LULU-ORD-3760,LULU-KOCHI-02,Banana Chips 1kg,Snacks,Local Kerala,422,40,LOW,143,2026-10-25
LULU-ORD-3761,LULU-KOCHI-02,Mango 1kg,Fruits,Local Farm,248,4,HIGH,74,2026-09-19
LULU-ORD-3762,LULU-CLT-02,Dates 500g,Dry Fruits,Lulu Import,328,22,LOW,19,2026-10-07
LULU-ORD-3763,LULU-KOCHI-02,Bread Loaf,Bakery,Modern,588,39,LOW,11,2026-10-24
LULU-ORD-3764,LULU-KOCHI-02,Paneer 200g,Dairy,Milma,224,36,LOW,149,2026-10-21
LULU-ORD-3765,LULU-CLT-02,Lulu Gold Coin,Jewellery,Lulu Gold,330,42,LOW,92,2026-10-27
LULU-ORD-3766,LULU-TVM-01,Lulu Gold Coin,Jewellery,Lulu Gold,504,33,LOW,199,2026-10-18
LULU-ORD-3767,LULU-CLT-01,Chicken 1kg,Meat,Suguna,117,28,LOW,106,2026-10-13
LULU-ORD-3768,LULU-TVM-01,Banana Chips 1kg,Snacks,Local Kerala,23,11,LOW,41,2026-09-26
LULU-ORD-3769,LULU-CLT-01,Banana Chips 1kg,Snacks,Local Kerala,212,29,LOW,19,2026-10-14
LULU-ORD-3770,LULU-TVM-01,Dates 500g,Dry Fruits,Lulu Import,517,11,MEDIUM,134,2026-09-26
LULU-ORD-3771,LULU-KOCHI-02,Banana Chips 1kg,Snacks,Local Kerala,570,27,LOW,12,2026-10-12
LULU-ORD-3772,LULU-KOCHI-01,Paneer 200g,Dairy,Milma,130,28,LOW,194,2026-10-13
LULU-ORD-3773,LULU-TVM-01,Paneer 200g,Dairy,Milma,545,21,LOW,105,2026-10-06
LULU-ORD-3774,LULU-KOCHI-01,Mango 1kg,Fruits,Local Farm,179,10,MEDIUM,143,2026-09-25
LULU-ORD-3775,LULU-TVM-01,Basmati Rice 5kg,Grocery,India Gate,390,34,LOW,74,2026-10-19
LULU-ORD-3776,LULU-KOCHI-01,Lulu Gold Coin,Jewellery,Lulu Gold,483,14,MEDIUM,194,2026-09-29
LULU-ORD-3777,LULU-KOCHI-02,Banana Chips 1kg,Snacks,Local Kerala,178,34,LOW,12,2026-10-19
LULU-ORD-3778,LULU-CLT-02,Bread Loaf,Bakery,Modern,436,12,MEDIUM,130,2026-09-27
LULU-ORD-3779,LULU-CLT-02,Chicken 1kg,Meat,Suguna,15,20,LOW,61,2026-10-05
LULU-ORD-3780,LULU-KOCHI-01,Chicken 1kg,Meat,Suguna,560,30,LOW,34,2026-10-15
LULU-ORD-3781,LULU-CLT-02,Milma Curd 500g,Dairy,Milma,489,39,LOW,27,2026-10-24
LULU-ORD-3782,LULU-KOCHI-01,Bread Loaf,Bakery,Modern,582,15,MEDIUM,170,2026-09-30
LULU-ORD-3783,LULU-KOCHI-01,Milma Curd 500g,Dairy,Milma,207,18,LOW,119,2026-10-03
LULU-ORD-3784,LULU-TVM-01,Mango 1kg,Fruits,Local Farm,323,24,LOW,113,2026-10-09
LULU-ORD-3785,LULU-CLT-02,Paneer 200g,Dairy,Milma,584,35,LOW,29,2026-10-20
LULU-ORD-3786,LULU-CLT-02,Mango 1kg,Fruits,Local Farm,166,7,MEDIUM,81,2026-09-22
LULU-ORD-3787,LULU-CLT-01,Banana Chips 1kg,Snacks,Local Kerala,279,37,LOW,42,2026-10-22
LULU-ORD-3788,LULU-TVM-01,Atta 10kg,Grocery,Aashirvaad,402,22,LOW,161,2026-10-07
LULU-ORD-3789,LULU-KOCHI-02,Mango 1kg,Fruits,Local Farm,293,40,LOW,63,2026-10-25
LULU-ORD-3790,LULU-CLT-02,Banana Chips 1kg,Snacks,Local Kerala,12,15,LOW,33,2026-09-30
LULU-ORD-3791,LULU-CLT-02,Mango 1kg,Fruits,Local Farm,160,10,MEDIUM,131,2026-09-25
LULU-ORD-3792,LULU-CLT-01,Milma Curd 500g,Dairy,Milma,341,5,HIGH,45,2026-09-20
LULU-ORD-3793,LULU-KOCHI-02,Atta 10kg,Grocery,Aashirvaad,460,28,LOW,93,2026-10-13
LULU-ORD-3794,LULU-CLT-02,Paneer 200g,Dairy,Milma,522,8,MEDIUM,153,2026-09-23
LULU-ORD-3795,LULU-KOCHI-02,Dates 500g,Dry Fruits,Lulu Import,396,25,LOW,100,2026-10-10
LULU-ORD-3796,LULU-TVM-01,Paneer 200g,Dairy,Milma,544,21,LOW,30,2026-10-06
LULU-ORD-3797,LULU-KOCHI-01,Mango 1kg,Fruits,Local Farm,229,11,MEDIUM,192,2026-09-26
LULU-ORD-3798,LULU-KOCHI-02,Banana Chips 1kg,Snacks,Local Kerala,457,36,LOW,135,2026-10-21
LULU-ORD-3799,LULU-KOCHI-02,Paneer 200g,Dairy,Milma,133,36,LOW,176,2026-10-21
LULU-ORD-3800,LULU-KOCHI-01,Bread Loaf,Bakery,Modern,192,2,HIGH,129,2026-09-17
LULU-ORD-3801,LULU-TVM-01,Bread Loaf,Bakery,Modern,444,14,MEDIUM,153,2026-09-29
LULU-ORD-3802,LULU-CLT-02,Basmati Rice 5kg,Grocery,India Gate,401,24,LOW,12,2026-10-09
LULU-ORD-3803,LULU-TVM-01,Basmati Rice 5kg,Grocery,India Gate,462,24,LOW,59,2026-10-09
LULU-ORD-3804,LULU-CLT-01,Milma Curd 500g,Dairy,Milma,327,22,LOW,104,2026-10-07
LULU-ORD-3805,LULU-TVM-01,Paneer 200g,Dairy,Milma,524,1,HIGH,79,2026-09-16
LULU-ORD-3806,LULU-KOCHI-02,Milma Curd 500g,Dairy,Milma,291,42,LOW,111,2026-10-27
LULU-ORD-3807,LULU-CLT-01,Milma Curd 500g,Dairy,Milma,269,18,LOW,156,2026-10-03
LULU-ORD-3808,LULU-KOCHI-02,Milma Curd 500g,Dairy,Milma,492,39,LOW,135,2026-10-24
LULU-ORD-3809,LULU-TVM-01,Banana Chips 1kg,Snacks,Local Kerala,494,42,LOW,36,2026-10-27
LULU-ORD-3810,LULU-TVM-01,Milma Curd 500g,Dairy,Milma,388,2,HIGH,192,2026-09-17
LULU-ORD-3811,LULU-CLT-01,Banana Chips 1kg,Snacks,Local Kerala,191,9,MEDIUM,117,2026-09-24
LULU-ORD-3812,LULU-CLT-01,Chicken 1kg,Meat,Suguna,67,29,LOW,90,2026-10-14
LULU-ORD-3813,LULU-CLT-02,Chicken 1kg,Meat,Suguna,567,18,LOW,177,2026-10-03
LULU-ORD-3814,LULU-KOCHI-01,Mango 1kg,Fruits,Local Farm,27,22,LOW,191,2026-10-07
LULU-ORD-3815,LULU-CLT-01,Banana Chips 1kg,Snacks,Local Kerala,385,34,LOW,180,2026-10-19
LULU-ORD-3816,LULU-CLT-01,Dates 500g,Dry Fruits,Lulu Import,436,43,LOW,26,2026-10-28
LULU-ORD-3817,LULU-KOCHI-01,Basmati Rice 5kg,Grocery,India Gate,523,10,MEDIUM,31,2026-09-25
LULU-ORD-3818,LULU-KOCHI-01,Banana Chips 1kg,Snacks,Local Kerala,464,3,HIGH,165,2026-09-18
LULU-ORD-3819,LULU-CLT-02,Basmati Rice 5kg,Grocery,India Gate,527,27,LOW,172,2026-10-12
LULU-ORD-3820,LULU-TVM-01,Milma Curd 500g,Dairy,Milma,328,18,LOW,99,2026-10-03
LULU-ORD-3821,LULU-TVM-01,Chicken 1kg,Meat,Suguna,359,30,LOW,188,2026-10-15
LULU-ORD-3822,LULU-CLT-01,Chicken 1kg,Meat,Suguna,589,30,LOW,39,2026-10-15
LULU-ORD-3823,LULU-CLT-02,Chicken 1kg,Meat,Suguna,196,6,MEDIUM,91,2026-09-21
LULU-ORD-3824,LULU-CLT-01,Mango 1kg,Fruits,Local Farm,30,11,LOW,65,2026-09-26
LULU-ORD-3825,LULU-CLT-02,Bread Loaf,Bakery,Modern,481,6,MEDIUM,88,2026-09-21
LULU-ORD-3826,LULU-CLT-01,Basmati Rice 5kg,Grocery,India Gate,145,20,LOW,107,2026-10-05
LULU-ORD-3827,LULU-CLT-02,Paneer 200g,Dairy,Milma,192,18,LOW,154,2026-10-03
LULU-ORD-3828,LULU-CLT-02,Bread Loaf,Bakery,Modern,433,15,MEDIUM,79,2026-09-30
LULU-ORD-3829,LULU-KOCHI-01,Basmati Rice 5kg,Grocery,India Gate,191,19,LOW,188,2026-10-04
LULU-ORD-3830,LULU-KOCHI-02,Lulu Gold Coin,Jewellery,Lulu Gold,280,6,MEDIUM,100,2026-09-21
LULU-ORD-3831,LULU-TVM-01,Mango 1kg,Fruits,Local Farm,382,23,LOW,125,2026-10-08
LULU-ORD-3832,LULU-KOCHI-02,Banana Chips 1kg,Snacks,Local Kerala,47,38,LOW,49,2026-10-23
LULU-ORD-3833,LULU-KOCHI-02,Atta 10kg,Grocery,Aashirvaad,592,14,MEDIUM,98,2026-09-29
LULU-ORD-3834,LULU-TVM-01,Paneer 200g,Dairy,Milma,222,22,LOW,151,2026-10-07
LULU-ORD-3835,LULU-CLT-02,Paneer 200g,Dairy,Milma,102,33,LOW,76,2026-10-18
LULU-ORD-3836,LULU-CLT-01,Basmati Rice 5kg,Grocery,India Gate,488,17,LOW,39,2026-10-02
LULU-ORD-3837,LULU-CLT-02,Atta 10kg,Grocery,Aashirvaad,200,31,LOW,129,2026-10-16
LULU-ORD-3838,LULU-TVM-01,Mango 1kg,Fruits,Local Farm,340,24,LOW,106,2026-10-09
LULU-ORD-3839,LULU-CLT-01,Mango 1kg,Fruits,Local Farm,44,21,LOW,171,2026-10-06
LULU-ORD-3840,LULU-KOCHI-02,Bread Loaf,Bakery,Modern,18,11,LOW,131,2026-09-26
LULU-ORD-3841,LULU-CLT-01,Bread Loaf,Bakery,Modern,354,42,LOW,57,2026-10-27
LULU-ORD-3842,LULU-KOCHI-02,Bread Loaf,Bakery,Modern,323,11,MEDIUM,149,2026-09-26
LULU-ORD-3843,LULU-TVM-01,Banana Chips 1kg,Snacks,Local Kerala,32,29,LOW,126,2026-10-14
LULU-ORD-3844,LULU-KOCHI-02,Mango 1kg,Fruits,Local Farm,599,45,LOW,197,2026-10-30
LULU-ORD-3845,LULU-KOCHI-01,Dates 500g,Dry Fruits,Lulu Import,494,16,LOW,195,2026-10-01
LULU-ORD-3846,LULU-KOCHI-02,Bread Loaf,Bakery,Modern,355,31,LOW,86,2026-10-16
LULU-ORD-3847,LULU-CLT-01,Milma Curd 500g,Dairy,Milma,249,33,LOW,117,2026-10-18
LULU-ORD-3848,LULU-KOCHI-02,Dates 500g,Dry Fruits,Lulu Import,285,37,LOW,161,2026-10-22
LULU-ORD-3849,LULU-CLT-02,Milma Curd 500g,Dairy,Milma,177,33,LOW,86,2026-10-18
LULU-ORD-3850,LULU-TVM-01,Mango 1kg,Fruits,Local Farm,546,13,MEDIUM,45,2026-09-28
LULU-ORD-3851,LULU-CLT-01,Banana Chips 1kg,Snacks,Local Kerala,351,4,HIGH,89,2026-09-19
LULU-ORD-3852,LULU-KOCHI-02,Banana Chips 1kg,Snacks,Local Kerala,364,30,LOW,52,2026-10-15
LULU-ORD-3853,LULU-CLT-02,Lulu Gold Coin,Jewellery,Lulu Gold,10,43,LOW,61,2026-10-28
LULU-ORD-3854,LULU-CLT-01,Banana Chips 1kg,Snacks,Local Kerala,318,20,LOW,57,2026-10-05
LULU-ORD-3855,LULU-CLT-01,Basmati Rice 5kg,Grocery,India Gate,218,28,LOW,195,2026-10-13
LULU-ORD-3856,LULU-TVM-01,Basmati Rice 5kg,Grocery,India Gate,167,44,LOW,105,2026-10-29
LULU-ORD-3857,LULU-KOCHI-01,Milma Curd 500g,Dairy,Milma,498,11,MEDIUM,35,2026-09-26
LULU-ORD-3858,LULU-KOCHI-02,Lulu Gold Coin,Jewellery,Lulu Gold,573,44,LOW,188,2026-10-29
LULU-ORD-3859,LULU-KOCHI-02,Basmati Rice 5kg,Grocery,India Gate,493,43,LOW,128,2026-10-28
LULU-ORD-3860,LULU-CLT-02,Basmati Rice 5kg,Grocery,India Gate,108,25,LOW,91,2026-10-10
LULU-ORD-3861,LULU-KOCHI-01,Banana Chips 1kg,Snacks,Local Kerala,419,21,LOW,182,2026-10-06
LULU-ORD-3862,LULU-CLT-01,Dates 500g,Dry Fruits,Lulu Import,413,35,LOW,98,2026-10-20
LULU-ORD-3863,LULU-TVM-01,Lulu Gold Coin,Jewellery,Lulu Gold,37,15,LOW,55,2026-09-30
LULU-ORD-3864,LULU-KOCHI-01,Basmati Rice 5kg,Grocery,India Gate,387,24,LOW,138,2026-10-09
LULU-ORD-3865,LULU-CLT-02,Milma Curd 500g,Dairy,Milma,417,5,HIGH,45,2026-09-20
LULU-ORD-3866,LULU-CLT-02,Lulu Gold Coin,Jewellery,Lulu Gold,202,3,HIGH,87,2026-09-18
LULU-ORD-3867,LULU-KOCHI-02,Dates 500g,Dry Fruits,Lulu Import,105,22,LOW,177,2026-10-07
LULU-ORD-3868,LULU-KOCHI-01,Banana Chips 1kg,Snacks,Local Kerala,445,10,MEDIUM,89,2026-09-25
LULU-ORD-3869,LULU-KOCHI-01,Dates 500g,Dry Fruits,Lulu Import,502,3,HIGH,117,2026-09-18
LULU-ORD-3870,LULU-TVM-01,Banana Chips 1kg,Snacks,Local Kerala,177,26,LOW,37,2026-10-11
LULU-ORD-3871,LULU-CLT-01,Lulu Gold Coin,Jewellery,Lulu Gold,94,23,LOW,177,2026-10-08
LULU-ORD-3872,LULU-KOCHI-01,Dates 500g,Dry Fruits,Lulu Import,22,11,LOW,42,2026-09-26
LULU-ORD-3873,LULU-KOCHI-02,Mango 1kg,Fruits,Local Farm,529,25,LOW,12,2026-10-10
LULU-ORD-3874,LULU-CLT-01,Lulu Gold Coin,Jewellery,Lulu Gold,421,28,LOW,87,2026-10-13
LULU-ORD-3875,LULU-CLT-01,Dates 500g,Dry Fruits,Lulu Import,274,41,LOW,164,2026-10-26
LULU-ORD-3876,LULU-KOCHI-02,Lulu Gold Coin,Jewellery,Lulu Gold,524,24,LOW,192,2026-10-09
LULU-ORD-3877,LULU-CLT-01,Bread Loaf,Bakery,Modern,557,24,LOW,55,2026-10-09
LULU-ORD-3878,LULU-CLT-01,Dates 500g,Dry Fruits,Lulu Import,554,25,LOW,48,2026-10-10
LULU-ORD-3879,LULU-KOCHI-01,Milma Curd 500g,Dairy,Milma,355,38,LOW,60,2026-10-23
LULU-ORD-3880,LULU-CLT-01,Atta 10kg,Grocery,Aashirvaad,475,28,LOW,128,2026-10-13
LULU-ORD-3881,LULU-KOCHI-02,Paneer 200g,Dairy,Milma,50,8,LOW,127,2026-09-23
LULU-ORD-3882,LULU-KOCHI-01,Bread Loaf,Bakery,Modern,61,39,LOW,74,2026-10-24
LULU-ORD-3883,LULU-KOCHI-01,Dates 500g,Dry Fruits,Lulu Import,355,44,LOW,16,2026-10-29
LULU-ORD-3884,LULU-KOCHI-01,Atta 10kg,Grocery,Aashirvaad,283,12,MEDIUM,101,2026-09-27
LULU-ORD-3885,LULU-KOCHI-01,Dates 500g,Dry Fruits,Lulu Import,27,29,LOW,86,2026-10-14
LULU-ORD-3886,LULU-CLT-01,Milma Curd 500g,Dairy,Milma,124,23,LOW,146,2026-10-08
LULU-ORD-3887,LULU-CLT-01,Dates 500g,Dry Fruits,Lulu Import,264,12,MEDIUM,146,2026-09-27
LULU-ORD-3888,LULU-KOCHI-02,Chicken 1kg,Meat,Suguna,139,10,MEDIUM,120,2026-09-25
LULU-ORD-3889,LULU-TVM-01,Paneer 200g,Dairy,Milma,363,30,LOW,72,2026-10-15
LULU-ORD-3890,LULU-CLT-01,Atta 10kg,Grocery,Aashirvaad,592,30,LOW,29,2026-10-15
LULU-ORD-3891,LULU-CLT-02,Bread Loaf,Bakery,Modern,391,3,HIGH,165,2026-09-18
LULU-ORD-3892,LULU-CLT-01,Chicken 1kg,Meat,Suguna,401,33,LOW,96,2026-10-18
LULU-ORD-3893,LULU-CLT-01,Paneer 200g,Dairy,Milma,442,26,LOW,57,2026-10-11
LULU-ORD-3894,LULU-CLT-01,Paneer 200g,Dairy,Milma,91,28,LOW,59,2026-10-13
LULU-ORD-3895,LULU-TVM-01,Mango 1kg,Fruits,Local Farm,277,20,LOW,141,2026-10-05
LULU-ORD-3896,LULU-CLT-01,Atta 10kg,Grocery,Aashirvaad,259,45,LOW,105,2026-10-30
LULU-ORD-3897,LULU-KOCHI-02,Mango 1kg,Fruits,Local Farm,494,14,MEDIUM,80,2026-09-29
LULU-ORD-3898,LULU-CLT-01,Banana Chips 1kg,Snacks,Local Kerala,293,33,LOW,164,2026-10-18
LULU-ORD-3899,LULU-KOCHI-01,Dates 500g,Dry Fruits,Lulu Import,195,44,LOW,79,2026-10-29
LULU-ORD-3900,LULU-CLT-01,Milma Curd 500g,Dairy,Milma,426,14,MEDIUM,116,2026-09-29
LULU-ORD-3901,LULU-KOCHI-02,Banana Chips 1kg,Snacks,Local Kerala,291,18,LOW,163,2026-10-03
LULU-ORD-3902,LULU-CLT-02,Bread Loaf,Bakery,Modern,109,15,MEDIUM,14,2026-09-30
LULU-ORD-3903,LULU-TVM-01,Bread Loaf,Bakery,Modern,236,5,HIGH,83,2026-09-20
LULU-ORD-3904,LULU-KOCHI-02,Mango 1kg,Fruits,Local Farm,481,38,LOW,172,2026-10-23
LULU-ORD-3905,LULU-KOCHI-02,Mango 1kg,Fruits,Local Farm,346,35,LOW,131,2026-10-20
LULU-ORD-3906,LULU-KOCHI-01,Atta 10kg,Grocery,Aashirvaad,22,22,LOW,91,2026-10-07
LULU-ORD-3907,LULU-KOCHI-02,Bread Loaf,Bakery,Modern,465,10,MEDIUM,200,2026-09-25
LULU-ORD-3908,LULU-CLT-02,Lulu Gold Coin,Jewellery,Lulu Gold,225,35,LOW,182,2026-10-20
LULU-ORD-3909,LULU-CLT-01,Dates 500g,Dry Fruits,Lulu Import,271,26,LOW,179,2026-10-11
LULU-ORD-3910,LULU-KOCHI-02,Mango 1kg,Fruits,Local Farm,90,41,LOW,153,2026-10-26
LULU-ORD-3911,LULU-TVM-01,Bread Loaf,Bakery,Modern,95,14,MEDIUM,104,2026-09-29
LULU-ORD-3912,LULU-KOCHI-02,Paneer 200g,Dairy,Milma,308,21,LOW,182,2026-10-06
LULU-ORD-3913,LULU-TVM-01,Lulu Gold Coin,Jewellery,Lulu Gold,40,10,LOW,159,2026-09-25
LULU-ORD-3914,LULU-KOCHI-02,Banana Chips 1kg,Snacks,Local Kerala,370,37,LOW,116,2026-10-22
LULU-ORD-3915,LULU-KOCHI-02,Milma Curd 500g,Dairy,Milma,300,36,LOW,70,2026-10-21
LULU-ORD-3916,LULU-KOCHI-02,Dates 500g,Dry Fruits,Lulu Import,560,9,MEDIUM,165,2026-09-24
LULU-ORD-3917,LULU-CLT-02,Chicken 1kg,Meat,Suguna,109,26,LOW,64,2026-10-11
LULU-ORD-3918,LULU-CLT-02,Chicken 1kg,Meat,Suguna,594,19,LOW,50,2026-10-04
LULU-ORD-3919,LULU-KOCHI-01,Dates 500g,Dry Fruits,Lulu Import,573,27,LOW,65,2026-10-12
LULU-ORD-3920,LULU-KOCHI-01,Dates 500g,Dry Fruits,Lulu Import,295,21,LOW,171,2026-10-06
LULU-ORD-3921,LULU-TVM-01,Chicken 1kg,Meat,Suguna,335,33,LOW,146,2026-10-18
LULU-ORD-3922,LULU-KOCHI-02,Dates 500g,Dry Fruits,Lulu Import,240,26,LOW,128,2026-10-11
LULU-ORD-3923,LULU-CLT-02,Paneer 200g,Dairy,Milma,470,11,MEDIUM,112,2026-09-26
LULU-ORD-3924,LULU-KOCHI-01,Paneer 200g,Dairy,Milma,13,35,LOW,128,2026-10-20
LULU-ORD-3925,LULU-TVM-01,Banana Chips 1kg,Snacks,Local Kerala,110,25,LOW,177,2026-10-10
LULU-ORD-3926,LULU-CLT-02,Dates 500g,Dry Fruits,Lulu Import,438,27,LOW,172,2026-10-12
LULU-ORD-3927,LULU-TVM-01,Milma Curd 500g,Dairy,Milma,239,9,MEDIUM,168,2026-09-24
LULU-ORD-3928,LULU-TVM-01,Atta 10kg,Grocery,Aashirvaad,92,39,LOW,197,2026-10-24
LULU-ORD-3929,LULU-TVM-01,Dates 500g,Dry Fruits,Lulu Import,33,21,LOW,73,2026-10-06
LULU-ORD-3930,LULU-KOCHI-02,Banana Chips 1kg,Snacks,Local Kerala,592,41,LOW,185,2026-10-26
LULU-ORD-3931,LULU-TVM-01,Chicken 1kg,Meat,Suguna,389,2,HIGH,177,2026-09-17
LULU-ORD-3932,LULU-CLT-02,Dates 500g,Dry Fruits,Lulu Import,575,33,LOW,51,2026-10-18
LULU-ORD-3933,LULU-CLT-02,Lulu Gold Coin,Jewellery,Lulu Gold,387,16,LOW,130,2026-10-01
LULU-ORD-3934,LULU-KOCHI-01,Basmati Rice 5kg,Grocery,India Gate,340,9,MEDIUM,26,2026-09-24
LULU-ORD-3935,LULU-KOCHI-02,Milma Curd 500g,Dairy,Milma,221,37,LOW,127,2026-10-22
LULU-ORD-3936,LULU-CLT-02,Basmati Rice 5kg,Grocery,India Gate,464,16,LOW,128,2026-10-01
LULU-ORD-3937,LULU-KOCHI-01,Atta 10kg,Grocery,Aashirvaad,123,39,LOW,50,2026-10-24
LULU-ORD-3938,LULU-CLT-01,Basmati Rice 5kg,Grocery,India Gate,483,5,HIGH,18,2026-09-20
LULU-ORD-3939,LULU-KOCHI-02,Dates 500g,Dry Fruits,Lulu Import,542,31,LOW,28,2026-10-16
LULU-ORD-3940,LULU-CLT-01,Dates 500g,Dry Fruits,Lulu Import,276,35,LOW,193,2026-10-20
LULU-ORD-3941,LULU-KOCHI-02,Mango 1kg,Fruits,Local Farm,556,2,HIGH,133,2026-09-17
LULU-ORD-3942,LULU-CLT-01,Milma Curd 500g,Dairy,Milma,309,26,LOW,103,2026-10-11
LULU-ORD-3943,LULU-KOCHI-02,Dates 500g,Dry Fruits,Lulu Import,533,41,LOW,119,2026-10-26
LULU-ORD-3944,LULU-KOCHI-01,Chicken 1kg,Meat,Suguna,116,10,MEDIUM,158,2026-09-25
LULU-ORD-3945,LULU-KOCHI-02,Chicken 1kg,Meat,Suguna,183,24,LOW,178,2026-10-09
LULU-ORD-3946,LULU-KOCHI-02,Bread Loaf,Bakery,Modern,155,16,LOW,63,2026-10-01
LULU-ORD-3947,LULU-CLT-01,Paneer 200g,Dairy,Milma,109,22,LOW,127,2026-10-07
LULU-ORD-3948,LULU-KOCHI-01,Lulu Gold Coin,Jewellery,Lulu Gold,260,17,LOW,85,2026-10-02
LULU-ORD-3949,LULU-KOCHI-01,Lulu Gold Coin,Jewellery,Lulu Gold,348,29,LOW,155,2026-10-14
LULU-ORD-3950,LULU-CLT-02,Paneer 200g,Dairy,Milma,46,9,LOW,143,2026-09-24
LULU-ORD-3951,LULU-KOCHI-01,Paneer 200g,Dairy,Milma,36,15,LOW,154,2026-09-30
LULU-ORD-3952,LULU-CLT-02,Bread Loaf,Bakery,Modern,308,20,LOW,155,2026-10-05
LULU-ORD-3953,LULU-KOCHI-01,Paneer 200g,Dairy,Milma,496,29,LOW,49,2026-10-14
LULU-ORD-3954,LULU-KOCHI-01,Banana Chips 1kg,Snacks,Local Kerala,160,39,LOW,108,2026-10-24
LULU-ORD-3955,LULU-CLT-02,Paneer 200g,Dairy,Milma,243,2,HIGH,159,2026-09-17
LULU-ORD-3956,LULU-CLT-01,Paneer 200g,Dairy,Milma,161,38,LOW,76,2026-10-23
LULU-ORD-3957,LULU-KOCHI-02,Bread Loaf,Bakery,Modern,530,34,LOW,132,2026-10-19
LULU-ORD-3958,LULU-CLT-02,Mango 1kg,Fruits,Local Farm,184,23,LOW,160,2026-10-08
LULU-ORD-3959,LULU-KOCHI-01,Atta 10kg,Grocery,Aashirvaad,331,34,LOW,106,2026-10-19
LULU-ORD-3960,LULU-KOCHI-02,Lulu Gold Coin,Jewellery,Lulu Gold,183,34,LOW,54,2026-10-19
LULU-ORD-3961,LULU-CLT-01,Lulu Gold Coin,Jewellery,Lulu Gold,398,1,HIGH,97,2026-09-16
LULU-ORD-3962,LULU-CLT-02,Basmati Rice 5kg,Grocery,India Gate,326,14,MEDIUM,48,2026-09-29
LULU-ORD-3963,LULU-CLT-02,Paneer 200g,Dairy,Milma,132,42,LOW,101,2026-10-27
LULU-ORD-3964,LULU-CLT-01,Lulu Gold Coin,Jewellery,Lulu Gold,480,37,LOW,144,2026-10-22
LULU-ORD-3965,LULU-CLT-01,Basmati Rice 5kg,Grocery,India Gate,217,24,LOW,112,2026-10-09
LULU-ORD-3966,LULU-CLT-01,Chicken 1kg,Meat,Suguna,347,33,LOW,79,2026-10-18
LULU-ORD-3967,LULU-CLT-01,Atta 10kg,Grocery,Aashirvaad,557,35,LOW,24,2026-10-20
LULU-ORD-3968,LULU-CLT-02,Lulu Gold Coin,Jewellery,Lulu Gold,590,34,LOW,72,2026-10-19
LULU-ORD-3969,LULU-CLT-02,Paneer 200g,Dairy,Milma,197,45,LOW,68,2026-10-30
LULU-ORD-3970,LULU-TVM-01,Lulu Gold Coin,Jewellery,Lulu Gold,191,3,HIGH,78,2026-09-18
LULU-ORD-3971,LULU-CLT-02,Atta 10kg,Grocery,Aashirvaad,294,6,MEDIUM,197,2026-09-21
LULU-ORD-3972,LULU-KOCHI-01,Chicken 1kg,Meat,Suguna,145,34,LOW,25,2026-10-19
LULU-ORD-3973,LULU-TVM-01,Basmati Rice 5kg,Grocery,India Gate,243,16,LOW,158,2026-10-01
LULU-ORD-3974,LULU-TVM-01,Lulu Gold Coin,Jewellery,Lulu Gold,485,7,MEDIUM,23,2026-09-22
LULU-ORD-3975,LULU-KOCHI-02,Bread Loaf,Bakery,Modern,84,13,MEDIUM,39,2026-09-28
LULU-ORD-3976,LULU-CLT-02,Lulu Gold Coin,Jewellery,Lulu Gold,95,31,LOW,35,2026-10-16
LULU-ORD-3977,LULU-KOCHI-02,Atta 10kg,Grocery,Aashirvaad,230,39,LOW,86,2026-10-24
LULU-ORD-3978,LULU-KOCHI-02,Mango 1kg,Fruits,Local Farm,19,38,LOW,38,2026-10-23
LULU-ORD-3979,LULU-TVM-01,Lulu Gold Coin,Jewellery,Lulu Gold,209,38,LOW,126,2026-10-23
LULU-ORD-3980,LULU-TVM-01,Milma Curd 500g,Dairy,Milma,267,27,LOW,79,2026-10-12
LULU-ORD-3981,LULU-TVM-01,Lulu Gold Coin,Jewellery,Lulu Gold,190,22,LOW,133,2026-10-07
LULU-ORD-3982,LULU-KOCHI-01,Atta 10kg,Grocery,Aashirvaad,300,42,LOW,77,2026-10-27
LULU-ORD-3983,LULU-KOCHI-01,Atta 10kg,Grocery,Aashirvaad,264,22,LOW,183,2026-10-07
LULU-ORD-3984,LULU-KOCHI-02,Atta 10kg,Grocery,Aashirvaad,525,20,LOW,38,2026-10-05
LULU-ORD-3985,LULU-KOCHI-01,Banana Chips 1kg,Snacks,Local Kerala,509,1,HIGH,140,2026-09-16
LULU-ORD-3986,LULU-CLT-02,Lulu Gold Coin,Jewellery,Lulu Gold,517,11,MEDIUM,26,2026-09-26
LULU-ORD-3987,LULU-KOCHI-02,Dates 500g,Dry Fruits,Lulu Import,321,7,MEDIUM,97,2026-09-22
LULU-ORD-3988,LULU-CLT-01,Atta 10kg,Grocery,Aashirvaad,197,13,MEDIUM,69,2026-09-28
LULU-ORD-3989,LULU-KOCHI-01,Basmati Rice 5kg,Grocery,India Gate,324,33,LOW,91,2026-10-18
LULU-ORD-3990,LULU-KOCHI-01,Atta 10kg,Grocery,Aashirvaad,493,7,MEDIUM,166,2026-09-22
LULU-ORD-3991,LULU-CLT-02,Basmati Rice 5kg,Grocery,India Gate,594,44,LOW,92,2026-10-29
LULU-ORD-3992,LULU-CLT-02,Banana Chips 1kg,Snacks,Local Kerala,206,26,LOW,50,2026-10-11
LULU-ORD-3993,LULU-TVM-01,Mango 1kg,Fruits,Local Farm,170,21,LOW,131,2026-10-06
LULU-ORD-3994,LULU-CLT-02,Mango 1kg,Fruits,Local Farm,436,18,LOW,77,2026-10-03
LULU-ORD-3995,LULU-CLT-02,Lulu Gold Coin,Jewellery,Lulu Gold,320,24,LOW,88,2026-10-09
LULU-ORD-3996,LULU-KOCHI-02,Bread Loaf,Bakery,Modern,372,21,LOW,88,2026-10-06
LULU-ORD-3997,LULU-KOCHI-02,Dates 500g,Dry Fruits,Lulu Import,586,26,LOW,11,2026-10-11
LULU-ORD-3998,LULU-KOCHI-01,Dates 500g,Dry Fruits,Lulu Import,66,27,LOW,175,2026-10-12
LULU-ORD-3999,LULU-CLT-01,Banana Chips 1kg,Snacks,Local Kerala,477,18,LOW,190,2026-10-03
LULU-ORD-4000,LULU-KOCHI-01,Basmati Rice 5kg,Grocery,India Gate,223,43,LOW,85,2026-10-28
LULU-ORD-4001,LULU-KOCHI-02,Bread Loaf,Bakery,Modern,34,21,LOW,107,2026-10-06
LULU-ORD-4002,LULU-CLT-02,Bread Loaf,Bakery,Modern,581,36,LOW,65,2026-10-21
LULU-ORD-4003,LULU-KOCHI-01,Mango 1kg,Fruits,Local Farm,525,29,LOW,37,2026-10-14
LULU-ORD-4004,LULU-KOCHI-01,Chicken 1kg,Meat,Suguna,258,11,MEDIUM,195,2026-09-26
LULU-ORD-4005,LULU-KOCHI-02,Lulu Gold Coin,Jewellery,Lulu Gold,491,3,HIGH,186,2026-09-18
LULU-ORD-4006,LULU-TVM-01,Lulu Gold Coin,Jewellery,Lulu Gold,265,18,LOW,160,2026-10-03
LULU-ORD-4007,LULU-CLT-01,Dates 500g,Dry Fruits,Lulu Import,70,7,MEDIUM,173,2026-09-22
LULU-ORD-4008,LULU-KOCHI-01,Bread Loaf,Bakery,Modern,292,35,LOW,122,2026-10-20
LULU-ORD-4009,LULU-CLT-02,Paneer 200g,Dairy,Milma,123,31,LOW,28,2026-10-16
LULU-ORD-4010,LULU-CLT-02,Bread Loaf,Bakery,Modern,433,10,MEDIUM,160,2026-09-25
LULU-ORD-4011,LULU-TVM-01,Paneer 200g,Dairy,Milma,597,13,MEDIUM,32,2026-09-28
LULU-ORD-4012,LULU-TVM-01,Lulu Gold Coin,Jewellery,Lulu Gold,261,21,LOW,149,2026-10-06
LULU-ORD-4013,LULU-KOCHI-01,Paneer 200g,Dairy,Milma,580,34,LOW,186,2026-10-19
LULU-ORD-4014,LULU-KOCHI-01,Milma Curd 500g,Dairy,Milma,153,5,HIGH,102,2026-09-20
LULU-ORD-4015,LULU-KOCHI-01,Lulu Gold Coin,Jewellery,Lulu Gold,229,12,MEDIUM,129,2026-09-27
LULU-ORD-4016,LULU-KOCHI-01,Basmati Rice 5kg,Grocery,India Gate,481,24,LOW,60,2026-10-09
LULU-ORD-4017,LULU-CLT-01,Paneer 200g,Dairy,Milma,271,39,LOW,45,2026-10-24
LULU-ORD-4018,LULU-KOCHI-02,Chicken 1kg,Meat,Suguna,430,28,LOW,134,2026-10-13
LULU-ORD-4019,LULU-TVM-01,Milma Curd 500g,Dairy,Milma,551,4,HIGH,105,2026-09-19
LULU-ORD-4020,LULU-CLT-01,Milma Curd 500g,Dairy,Milma,589,28,LOW,139,2026-10-13
LULU-ORD-4021,LULU-KOCHI-01,Bread Loaf,Bakery,Modern,561,32,LOW,157,2026-10-17
LULU-ORD-4022,LULU-TVM-01,Bread Loaf,Bakery,Modern,78,5,MEDIUM,33,2026-09-20
LULU-ORD-4023,LULU-CLT-02,Atta 10kg,Grocery,Aashirvaad,125,35,LOW,141,2026-10-20
LULU-ORD-4024,LULU-TVM-01,Chicken 1kg,Meat,Suguna,597,30,LOW,176,2026-10-15
LULU-ORD-4025,LULU-KOCHI-02,Basmati Rice 5kg,Grocery,India Gate,84,44,LOW,80,2026-10-29
LULU-ORD-4026,LULU-KOCHI-01,Lulu Gold Coin,Jewellery,Lulu Gold,472,10,MEDIUM,28,2026-09-25
LULU-ORD-4027,LULU-KOCHI-02,Banana Chips 1kg,Snacks,Local Kerala,599,22,LOW,145,2026-10-07
LULU-ORD-4028,LULU-TVM-01,Dates 500g,Dry Fruits,Lulu Import,31,26,LOW,85,2026-10-11
LULU-ORD-4029,LULU-CLT-01,Milma Curd 500g,Dairy,Milma,409,2,HIGH,67,2026-09-17
LULU-ORD-4030,LULU-KOCHI-01,Bread Loaf,Bakery,Modern,447,10,MEDIUM,67,2026-09-25
LULU-ORD-4031,LULU-KOCHI-02,Mango 1kg,Fruits,Local Farm,344,35,LOW,177,2026-10-20
LULU-ORD-4032,LULU-TVM-01,Basmati Rice 5kg,Grocery,India Gate,598,23,LOW,49,2026-10-08
LULU-ORD-4033,LULU-KOCHI-01,Basmati Rice 5kg,Grocery,India Gate,161,14,MEDIUM,56,2026-09-29
LULU-ORD-4034,LULU-TVM-01,Chicken 1kg,Meat,Suguna,36,35,LOW,20,2026-10-20
LULU-ORD-4035,LULU-CLT-01,Banana Chips 1kg,Snacks,Local Kerala,563,23,LOW,93,2026-10-08
LULU-ORD-4036,LULU-CLT-02,Bread Loaf,Bakery,Modern,245,43,LOW,61,2026-10-28
LULU-ORD-4037,LULU-KOCHI-01,Paneer 200g,Dairy,Milma,177,28,LOW,69,2026-10-13
LULU-ORD-4038,LULU-CLT-02,Basmati Rice 5kg,Grocery,India Gate,373,2,HIGH,122,2026-09-17
LULU-ORD-4039,LULU-KOCHI-02,Chicken 1kg,Meat,Suguna,394,2,HIGH,200,2026-09-17
LULU-ORD-4040,LULU-KOCHI-02,Basmati Rice 5kg,Grocery,India Gate,399,4,HIGH,122,2026-09-19
LULU-ORD-4041,LULU-KOCHI-02,Dates 500g,Dry Fruits,Lulu Import,213,14,MEDIUM,161,2026-09-29
LULU-ORD-4042,LULU-TVM-01,Chicken 1kg,Meat,Suguna,105,12,MEDIUM,158,2026-09-27
LULU-ORD-4043,LULU-CLT-02,Atta 10kg,Grocery,Aashirvaad,134,11,MEDIUM,40,2026-09-26
LULU-ORD-4044,LULU-KOCHI-02,Lulu Gold Coin,Jewellery,Lulu Gold,376,21,LOW,58,2026-10-06
LULU-ORD-4045,LULU-KOCHI-01,Basmati Rice 5kg,Grocery,India Gate,102,33,LOW,132,2026-10-18
LULU-ORD-4046,LULU-KOCHI-02,Paneer 200g,Dairy,Milma,530,8,MEDIUM,14,2026-09-23
LULU-ORD-4047,LULU-KOCHI-02,Milma Curd 500g,Dairy,Milma,399,27,LOW,35,2026-10-12
LULU-ORD-4048,LULU-CLT-01,Bread Loaf,Bakery,Modern,379,20,LOW,121,2026-10-05
LULU-ORD-4049,LULU-CLT-01,Paneer 200g,Dairy,Milma,244,45,LOW,176,2026-10-30
LULU-ORD-4050,LULU-KOCHI-01,Dates 500g,Dry Fruits,Lulu Import,492,2,HIGH,196,2026-09-17
LULU-ORD-4051,LULU-CLT-02,Bread Loaf,Bakery,Modern,56,10,MEDIUM,55,2026-09-25
LULU-ORD-4052,LULU-TVM-01,Mango 1kg,Fruits,Local Farm,19,9,LOW,49,2026-09-24
LULU-ORD-4053,LULU-CLT-01,Banana Chips 1kg,Snacks,Local Kerala,491,3,HIGH,162,2026-09-18
LULU-ORD-4054,LULU-TVM-01,Basmati Rice 5kg,Grocery,India Gate,310,24,LOW,116,2026-10-09
LULU-ORD-4055,LULU-CLT-02,Banana Chips 1kg,Snacks,Local Kerala,439,12,MEDIUM,142,2026-09-27
LULU-ORD-4056,LULU-CLT-01,Banana Chips 1kg,Snacks,Local Kerala,195,24,LOW,51,2026-10-09
LULU-ORD-4057,LULU-KOCHI-01,Milma Curd 500g,Dairy,Milma,519,14,MEDIUM,113,2026-09-29
LULU-ORD-4058,LULU-KOCHI-01,Bread Loaf,Bakery,Modern,281,40,LOW,17,2026-10-25
LULU-ORD-4059,LULU-KOCHI-02,Milma Curd 500g,Dairy,Milma,349,2,HIGH,18,2026-09-17
LULU-ORD-4060,LULU-TVM-01,Banana Chips 1kg,Snacks,Local Kerala,427,3,HIGH,106,2026-09-18
LULU-ORD-4061,LULU-CLT-02,Mango 1kg,Fruits,Local Farm,547,11,MEDIUM,35,2026-09-26
LULU-ORD-4062,LULU-CLT-01,Milma Curd 500g,Dairy,Milma,367,15,MEDIUM,117,2026-09-30
LULU-ORD-4063,LULU-KOCHI-02,Chicken 1kg,Meat,Suguna,125,31,LOW,116,2026-10-16
LULU-ORD-4064,LULU-TVM-01,Atta 10kg,Grocery,Aashirvaad,460,9,MEDIUM,173,2026-09-24
LULU-ORD-4065,LULU-KOCHI-02,Milma Curd 500g,Dairy,Milma,328,31,LOW,75,2026-10-16
LULU-ORD-4066,LULU-TVM-01,Banana Chips 1kg,Snacks,Local Kerala,340,43,LOW,103,2026-10-28
LULU-ORD-4067,LULU-KOCHI-02,Mango 1kg,Fruits,Local Farm,108,31,LOW,156,2026-10-16
LULU-ORD-4068,LULU-TVM-01,Basmati Rice 5kg,Grocery,India Gate,138,15,MEDIUM,43,2026-09-30
LULU-ORD-4069,LULU-CLT-01,Banana Chips 1kg,Snacks,Local Kerala,240,43,LOW,200,2026-10-28
LULU-ORD-4070,LULU-TVM-01,Chicken 1kg,Meat,Suguna,423,19,LOW,36,2026-10-04
LULU-ORD-4071,LULU-CLT-02,Basmati Rice 5kg,Grocery,India Gate,241,17,LOW,196,2026-10-02
LULU-ORD-4072,LULU-TVM-01,Paneer 200g,Dairy,Milma,346,30,LOW,143,2026-10-15
LULU-ORD-4073,LULU-KOCHI-01,Atta 10kg,Grocery,Aashirvaad,283,9,MEDIUM,118,2026-09-24
LULU-ORD-4074,LULU-CLT-01,Bread Loaf,Bakery,Modern,158,38,LOW,108,2026-10-23
LULU-ORD-4075,LULU-CLT-01,Milma Curd 500g,Dairy,Milma,212,12,MEDIUM,46,2026-09-27
LULU-ORD-4076,LULU-KOCHI-02,Milma Curd 500g,Dairy,Milma,253,11,MEDIUM,92,2026-09-26
LULU-ORD-4077,LULU-KOCHI-02,Milma Curd 500g,Dairy,Milma,595,31,LOW,98,2026-10-16
LULU-ORD-4078,LULU-CLT-02,Basmati Rice 5kg,Grocery,India Gate,425,29,LOW,126,2026-10-14
LULU-ORD-4079,LULU-KOCHI-02,Mango 1kg,Fruits,Local Farm,279,35,LOW,40,2026-10-20
LULU-ORD-4080,LULU-KOCHI-01,Paneer 200g,Dairy,Milma,536,22,LOW,57,2026-10-07
LULU-ORD-4081,LULU-TVM-01,Paneer 200g,Dairy,Milma,359,32,LOW,126,2026-10-17
LULU-ORD-4082,LULU-KOCHI-01,Chicken 1kg,Meat,Suguna,360,34,LOW,26,2026-10-19
LULU-ORD-4083,LULU-CLT-01,Bread Loaf,Bakery,Modern,446,42,LOW,149,2026-10-27
LULU-ORD-4084,LULU-KOCHI-02,Banana Chips 1kg,Snacks,Local Kerala,106,15,MEDIUM,38,2026-09-30
LULU-ORD-4085,LULU-CLT-02,Chicken 1kg,Meat,Suguna,573,19,LOW,98,2026-10-04
LULU-ORD-4086,LULU-TVM-01,Paneer 200g,Dairy,Milma,473,28,LOW,31,2026-10-13
LULU-ORD-4087,LULU-TVM-01,Atta 10kg,Grocery,Aashirvaad,196,26,LOW,59,2026-10-11
LULU-ORD-4088,LULU-CLT-02,Banana Chips 1kg,Snacks,Local Kerala,237,2,HIGH,197,2026-09-17
LULU-ORD-4089,LULU-CLT-02,Bread Loaf,Bakery,Modern,548,39,LOW,154,2026-10-24
LULU-ORD-4090,LULU-TVM-01,Atta 10kg,Grocery,Aashirvaad,547,4,HIGH,102,2026-09-19
LULU-ORD-4091,LULU-TVM-01,Atta 10kg,Grocery,Aashirvaad,245,45,LOW,52,2026-10-30
LULU-ORD-4092,LULU-CLT-02,Bread Loaf,Bakery,Modern,172,7,MEDIUM,172,2026-09-22
LULU-ORD-4093,LULU-TVM-01,Mango 1kg,Fruits,Local Farm,241,10,MEDIUM,166,2026-09-25
LULU-ORD-4094,LULU-CLT-01,Dates 500g,Dry Fruits,Lulu Import,217,18,LOW,112,2026-10-03
LULU-ORD-4095,LULU-KOCHI-02,Paneer 200g,Dairy,Milma,409,34,LOW,131,2026-10-19
LULU-ORD-4096,LULU-KOCHI-01,Lulu Gold Coin,Jewellery,Lulu Gold,339,9,MEDIUM,10,2026-09-24
LULU-ORD-4097,LULU-KOCHI-01,Chicken 1kg,Meat,Suguna,267,36,LOW,63,2026-10-21
LULU-ORD-4098,LULU-KOCHI-02,Mango 1kg,Fruits,Local Farm,78,4,MEDIUM,45,2026-09-19
LULU-ORD-4099,LULU-CLT-02,Banana Chips 1kg,Snacks,Local Kerala,502,11,MEDIUM,110,2026-09-26
LULU-ORD-4100,LULU-TVM-01,Banana Chips 1kg,Snacks,Local Kerala,439,26,LOW,59,2026-10-11
LULU-ORD-4101,LULU-CLT-02,Basmati Rice 5kg,Grocery,India Gate,368,5,HIGH,80,2026-09-20
LULU-ORD-4102,LULU-TVM-01,Banana Chips 1kg,Snacks,Local Kerala,421,8,MEDIUM,182,2026-09-23
LULU-ORD-4103,LULU-CLT-02,Banana Chips 1kg,Snacks,Local Kerala,220,29,LOW,182,2026-10-14
LULU-ORD-4104,LULU-CLT-01,Paneer 200g,Dairy,Milma,345,1,HIGH,143,2026-09-16
LULU-ORD-4105,LULU-TVM-01,Paneer 200g,Dairy,Milma,546,7,MEDIUM,130,2026-09-22
LULU-ORD-4106,LULU-CLT-01,Basmati Rice 5kg,Grocery,India Gate,458,20,LOW,148,2026-10-05
LULU-ORD-4107,LULU-CLT-01,Mango 1kg,Fruits,Local Farm,475,10,MEDIUM,194,2026-09-25
LULU-ORD-4108,LULU-KOCHI-02,Bread Loaf,Bakery,Modern,288,3,HIGH,75,2026-09-18
LULU-ORD-4109,LULU-TVM-01,Chicken 1kg,Meat,Suguna,487,28,LOW,53,2026-10-13
LULU-ORD-4110,LULU-TVM-01,Lulu Gold Coin,Jewellery,Lulu Gold,308,15,MEDIUM,36,2026-09-30
LULU-ORD-4111,LULU-KOCHI-02,Chicken 1kg,Meat,Suguna,381,16,LOW,189,2026-10-01
LULU-ORD-4112,LULU-CLT-01,Dates 500g,Dry Fruits,Lulu Import,441,4,HIGH,81,2026-09-19
LULU-ORD-4113,LULU-TVM-01,Paneer 200g,Dairy,Milma,267,41,LOW,94,2026-10-26
LULU-ORD-4114,LULU-CLT-01,Dates 500g,Dry Fruits,Lulu Import,267,23,LOW,13,2026-10-08
LULU-ORD-4115,LULU-TVM-01,Chicken 1kg,Meat,Suguna,507,16,LOW,136,2026-10-01
LULU-ORD-4116,LULU-KOCHI-01,Basmati Rice 5kg,Grocery,India Gate,454,43,LOW,36,2026-10-28
LULU-ORD-4117,LULU-TVM-01,Lulu Gold Coin,Jewellery,Lulu Gold,584,39,LOW,106,2026-10-24
LULU-ORD-4118,LULU-KOCHI-02,Mango 1kg,Fruits,Local Farm,541,43,LOW,20,2026-10-28
LULU-ORD-4119,LULU-CLT-01,Mango 1kg,Fruits,Local Farm,120,38,LOW,157,2026-10-23
LULU-ORD-4120,LULU-KOCHI-01,Chicken 1kg,Meat,Suguna,130,16,LOW,158,2026-10-01
LULU-ORD-4121,LULU-CLT-01,Mango 1kg,Fruits,Local Farm,441,26,LOW,98,2026-10-11
LULU-ORD-4122,LULU-TVM-01,Lulu Gold Coin,Jewellery,Lulu Gold,481,37,LOW,19,2026-10-22
LULU-ORD-4123,LULU-CLT-01,Dates 500g,Dry Fruits,Lulu Import,452,43,LOW,65,2026-10-28
LULU-ORD-4124,LULU-KOCHI-01,Mango 1kg,Fruits,Local Farm,195,2,HIGH,35,2026-09-17
LULU-ORD-4125,LULU-KOCHI-02,Paneer 200g,Dairy,Milma,432,2,HIGH,74,2026-09-17
LULU-ORD-4126,LULU-CLT-02,Bread Loaf,Bakery,Modern,362,23,LOW,80,2026-10-08
LULU-ORD-4127,LULU-KOCHI-02,Lulu Gold Coin,Jewellery,Lulu Gold,58,21,LOW,188,2026-10-06
LULU-ORD-4128,LULU-TVM-01,Paneer 200g,Dairy,Milma,174,14,MEDIUM,150,2026-09-29
LULU-ORD-4129,LULU-CLT-02,Bread Loaf,Bakery,Modern,420,23,LOW,137,2026-10-08
LULU-ORD-4130,LULU-TVM-01,Chicken 1kg,Meat,Suguna,351,23,LOW,147,2026-10-08
LULU-ORD-4131,LULU-CLT-01,Basmati Rice 5kg,Grocery,India Gate,334,20,LOW,194,2026-10-05
LULU-ORD-4132,LULU-TVM-01,Chicken 1kg,Meat,Suguna,425,21,LOW,137,2026-10-06
LULU-ORD-4133,LULU-KOCHI-01,Banana Chips 1kg,Snacks,Local Kerala,401,13,MEDIUM,191,2026-09-28
LULU-ORD-4134,LULU-KOCHI-02,Lulu Gold Coin,Jewellery,Lulu Gold,369,22,LOW,102,2026-10-07
LULU-ORD-4135,LULU-CLT-01,Banana Chips 1kg,Snacks,Local Kerala,182,21,LOW,38,2026-10-06
LULU-ORD-4136,LULU-TVM-01,Basmati Rice 5kg,Grocery,India Gate,327,33,LOW,85,2026-10-18
LULU-ORD-4137,LULU-KOCHI-02,Atta 10kg,Grocery,Aashirvaad,561,12,MEDIUM,168,2026-09-27
LULU-ORD-4138,LULU-CLT-01,Chicken 1kg,Meat,Suguna,213,6,MEDIUM,192,2026-09-21
LULU-ORD-4139,LULU-CLT-02,Mango 1kg,Fruits,Local Farm,424,17,LOW,193,2026-10-02
LULU-ORD-4140,LULU-KOCHI-02,Bread Loaf,Bakery,Modern,555,23,LOW,44,2026-10-08
LULU-ORD-4141,LULU-TVM-01,Dates 500g,Dry Fruits,Lulu Import,116,19,LOW,155,2026-10-04
LULU-ORD-4142,LULU-KOCHI-02,Chicken 1kg,Meat,Suguna,341,15,MEDIUM,20,2026-09-30
LULU-ORD-4143,LULU-KOCHI-01,Basmati Rice 5kg,Grocery,India Gate,571,10,MEDIUM,16,2026-09-25
LULU-ORD-4144,LULU-CLT-02,Lulu Gold Coin,Jewellery,Lulu Gold,239,45,LOW,72,2026-10-30
LULU-ORD-4145,LULU-CLT-02,Basmati Rice 5kg,Grocery,India Gate,460,42,LOW,47,2026-10-27
LULU-ORD-4146,LULU-CLT-01,Milma Curd 500g,Dairy,Milma,313,16,LOW,166,2026-10-01
LULU-ORD-4147,LULU-TVM-01,Lulu Gold Coin,Jewellery,Lulu Gold,459,27,LOW,151,2026-10-12
LULU-ORD-4148,LULU-CLT-02,Mango 1kg,Fruits,Local Farm,206,27,LOW,142,2026-10-12
LULU-ORD-4149,LULU-TVM-01,Mango 1kg,Fruits,Local Farm,419,41,LOW,109,2026-10-26
LULU-ORD-4150,LULU-KOCHI-02,Paneer 200g,Dairy,Milma,382,17,LOW,104,2026-10-02
LULU-ORD-4151,LULU-TVM-01,Bread Loaf,Bakery,Modern,250,21,LOW,101,2026-10-06
LULU-ORD-4152,LULU-CLT-02,Chicken 1kg,Meat,Suguna,147,21,LOW,147,2026-10-06
LULU-ORD-4153,LULU-TVM-01,Mango 1kg,Fruits,Local Farm,141,7,MEDIUM,191,2026-09-22
LULU-ORD-4154,LULU-CLT-01,Lulu Gold Coin,Jewellery,Lulu Gold,558,21,LOW,164,2026-10-06
LULU-ORD-4155,LULU-TVM-01,Basmati Rice 5kg,Grocery,India Gate,366,45,LOW,67,2026-10-30
LULU-ORD-4156,LULU-CLT-01,Lulu Gold Coin,Jewellery,Lulu Gold,285,37,LOW,127,2026-10-22
LULU-ORD-4157,LULU-TVM-01,Mango 1kg,Fruits,Local Farm,458,32,LOW,121,2026-10-17
LULU-ORD-4158,LULU-TVM-01,Chicken 1kg,Meat,Suguna,185,2,HIGH,124,2026-09-17
LULU-ORD-4159,LULU-KOCHI-02,Atta 10kg,Grocery,Aashirvaad,68,23,LOW,190,2026-10-08
LULU-ORD-4160,LULU-KOCHI-01,Banana Chips 1kg,Snacks,Local Kerala,75,44,LOW,26,2026-10-29
LULU-ORD-4161,LULU-CLT-01,Paneer 200g,Dairy,Milma,593,17,LOW,192,2026-10-02
LULU-ORD-4162,LULU-CLT-02,Mango 1kg,Fruits,Local Farm,512,28,LOW,111,2026-10-13
LULU-ORD-4163,LULU-TVM-01,Basmati Rice 5kg,Grocery,India Gate,472,20,LOW,188,2026-10-05
LULU-ORD-4164,LULU-TVM-01,Paneer 200g,Dairy,Milma,348,15,MEDIUM,140,2026-09-30
LULU-ORD-4165,LULU-TVM-01,Dates 500g,Dry Fruits,Lulu Import,157,35,LOW,90,2026-10-20
LULU-ORD-4166,LULU-TVM-01,Milma Curd 500g,Dairy,Milma,64,23,LOW,40,2026-10-08
LULU-ORD-4167,LULU-KOCHI-02,Chicken 1kg,Meat,Suguna,75,34,LOW,196,2026-10-19
LULU-ORD-4168,LULU-TVM-01,Banana Chips 1kg,Snacks,Local Kerala,209,16,LOW,55,2026-10-01
LULU-ORD-4169,LULU-KOCHI-02,Banana Chips 1kg,Snacks,Local Kerala,40,42,LOW,196,2026-10-27
LULU-ORD-4170,LULU-CLT-01,Chicken 1kg,Meat,Suguna,349,6,MEDIUM,113,2026-09-21
LULU-ORD-4171,LULU-KOCHI-02,Mango 1kg,Fruits,Local Farm,406,27,LOW,188,2026-10-12
LULU-ORD-4172,LULU-CLT-02,Lulu Gold Coin,Jewellery,Lulu Gold,151,22,LOW,34,2026-10-07
LULU-ORD-4173,LULU-KOCHI-02,Paneer 200g,Dairy,Milma,373,12,MEDIUM,74,2026-09-27
LULU-ORD-4174,LULU-KOCHI-01,Lulu Gold Coin,Jewellery,Lulu Gold,102,12,MEDIUM,112,2026-09-27
LULU-ORD-4175,LULU-CLT-01,Basmati Rice 5kg,Grocery,India Gate,242,23,LOW,96,2026-10-08
LULU-ORD-4176,LULU-KOCHI-01,Lulu Gold Coin,Jewellery,Lulu Gold,106,34,LOW,15,2026-10-19
LULU-ORD-4177,LULU-CLT-01,Mango 1kg,Fruits,Local Farm,72,36,LOW,184,2026-10-21
LULU-ORD-4178,LULU-CLT-01,Bread Loaf,Bakery,Modern,107,11,MEDIUM,145,2026-09-26
LULU-ORD-4179,LULU-KOCHI-02,Milma Curd 500g,Dairy,Milma,14,21,LOW,88,2026-10-06
LULU-ORD-4180,LULU-KOCHI-01,Milma Curd 500g,Dairy,Milma,591,37,LOW,27,2026-10-22
LULU-ORD-4181,LULU-TVM-01,Banana Chips 1kg,Snacks,Local Kerala,203,41,LOW,137,2026-10-26
LULU-ORD-4182,LULU-KOCHI-01,Banana Chips 1kg,Snacks,Local Kerala,558,14,MEDIUM,34,2026-09-29
LULU-ORD-4183,LULU-CLT-02,Banana Chips 1kg,Snacks,Local Kerala,393,37,LOW,122,2026-10-22
LULU-ORD-4184,LULU-KOCHI-02,Banana Chips 1kg,Snacks,Local Kerala,529,10,MEDIUM,17,2026-09-25
LULU-ORD-4185,LULU-CLT-01,Mango 1kg,Fruits,Local Farm,49,35,LOW,89,2026-10-20
LULU-ORD-4186,LULU-CLT-02,Paneer 200g,Dairy,Milma,120,23,LOW,161,2026-10-08
LULU-ORD-4187,LULU-KOCHI-02,Atta 10kg,Grocery,Aashirvaad,181,7,MEDIUM,59,2026-09-22
LULU-ORD-4188,LULU-KOCHI-01,Mango 1kg,Fruits,Local Farm,168,40,LOW,126,2026-10-25
LULU-ORD-4189,LULU-CLT-01,Atta 10kg,Grocery,Aashirvaad,408,29,LOW,181,2026-10-14
LULU-ORD-4190,LULU-CLT-02,Atta 10kg,Grocery,Aashirvaad,77,22,LOW,103,2026-10-07
LULU-ORD-4191,LULU-CLT-02,Banana Chips 1kg,Snacks,Local Kerala,255,32,LOW,113,2026-10-17
LULU-ORD-4192,LULU-KOCHI-02,Milma Curd 500g,Dairy,Milma,376,4,HIGH,178,2026-09-19
LULU-ORD-4193,LULU-CLT-01,Mango 1kg,Fruits,Local Farm,111,34,LOW,179,2026-10-19
LULU-ORD-4194,LULU-TVM-01,Bread Loaf,Bakery,Modern,549,37,LOW,189,2026-10-22
LULU-ORD-4195,LULU-TVM-01,Atta 10kg,Grocery,Aashirvaad,544,26,LOW,174,2026-10-11
LULU-ORD-4196,LULU-CLT-02,Basmati Rice 5kg,Grocery,India Gate,299,21,LOW,124,2026-10-06
LULU-ORD-4197,LULU-KOCHI-02,Basmati Rice 5kg,Grocery,India Gate,309,41,LOW,113,2026-10-26
LULU-ORD-4198,LULU-KOCHI-02,Dates 500g,Dry Fruits,Lulu Import,396,6,MEDIUM,16,2026-09-21
LULU-ORD-4199,LULU-TVM-01,Lulu Gold Coin,Jewellery,Lulu Gold,116,21,LOW,133,2026-10-06
LULU-ORD-4200,LULU-KOCHI-02,Mango 1kg,Fruits,Local Farm,408,20,LOW,83,2026-10-05
LULU-ORD-4201,LULU-CLT-02,Milma Curd 500g,Dairy,Milma,550,3,HIGH,32,2026-09-18
LULU-ORD-4202,LULU-CLT-02,Paneer 200g,Dairy,Milma,594,35,LOW,174,2026-10-20
LULU-ORD-4203,LULU-CLT-01,Bread Loaf,Bakery,Modern,59,35,LOW,22,2026-10-20
LULU-ORD-4204,LULU-KOCHI-01,Paneer 200g,Dairy,Milma,404,13,MEDIUM,147,2026-09-28
LULU-ORD-4205,LULU-TVM-01,Milma Curd 500g,Dairy,Milma,454,33,LOW,55,2026-10-18
LULU-ORD-4206,LULU-CLT-01,Atta 10kg,Grocery,Aashirvaad,389,44,LOW,64,2026-10-29
LULU-ORD-4207,LULU-CLT-02,Chicken 1kg,Meat,Suguna,478,12,MEDIUM,192,2026-09-27
LULU-ORD-4208,LULU-KOCHI-02,Bread Loaf,Bakery,Modern,84,14,MEDIUM,62,2026-09-29
LULU-ORD-4209,LULU-KOCHI-02,Mango 1kg,Fruits,Local Farm,25,3,LOW,62,2026-09-18
LULU-ORD-4210,LULU-CLT-02,Chicken 1kg,Meat,Suguna,307,1,HIGH,178,2026-09-16
LULU-ORD-4211,LULU-CLT-02,Bread Loaf,Bakery,Modern,191,25,LOW,105,2026-10-10
LULU-ORD-4212,LULU-CLT-02,Dates 500g,Dry Fruits,Lulu Import,55,10,MEDIUM,163,2026-09-25
LULU-ORD-4213,LULU-TVM-01,Basmati Rice 5kg,Grocery,India Gate,274,28,LOW,191,2026-10-13
LULU-ORD-4214,LULU-KOCHI-01,Paneer 200g,Dairy,Milma,219,42,LOW,114,2026-10-27
LULU-ORD-4215,LULU-KOCHI-02,Milma Curd 500g,Dairy,Milma,435,27,LOW,81,2026-10-12
LULU-ORD-4216,LULU-TVM-01,Basmati Rice 5kg,Grocery,India Gate,509,17,LOW,12,2026-10-02
LULU-ORD-4217,LULU-KOCHI-02,Dates 500g,Dry Fruits,Lulu Import,52,45,LOW,42,2026-10-30
LULU-ORD-4218,LULU-CLT-01,Basmati Rice 5kg,Grocery,India Gate,82,41,LOW,39,2026-10-26
LULU-ORD-4219,LULU-CLT-02,Banana Chips 1kg,Snacks,Local Kerala,510,5,HIGH,147,2026-09-20
LULU-ORD-4220,LULU-KOCHI-02,Bread Loaf,Bakery,Modern,181,17,LOW,82,2026-10-02
LULU-ORD-4221,LULU-TVM-01,Atta 10kg,Grocery,Aashirvaad,303,19,LOW,76,2026-10-04
LULU-ORD-4222,LULU-CLT-02,Chicken 1kg,Meat,Suguna,132,26,LOW,32,2026-10-11
LULU-ORD-4223,LULU-CLT-02,Atta 10kg,Grocery,Aashirvaad,519,13,MEDIUM,142,2026-09-28
LULU-ORD-4224,LULU-CLT-01,Milma Curd 500g,Dairy,Milma,490,31,LOW,38,2026-10-16
LULU-ORD-4225,LULU-CLT-02,Basmati Rice 5kg,Grocery,India Gate,48,25,LOW,31,2026-10-10
LULU-ORD-4226,LULU-TVM-01,Chicken 1kg,Meat,Suguna,257,28,LOW,104,2026-10-13
LULU-ORD-4227,LULU-TVM-01,Lulu Gold Coin,Jewellery,Lulu Gold,156,29,LOW,20,2026-10-14
LULU-ORD-4228,LULU-KOCHI-01,Atta 10kg,Grocery,Aashirvaad,203,14,MEDIUM,21,2026-09-29
LULU-ORD-4229,LULU-KOCHI-01,Mango 1kg,Fruits,Local Farm,24,10,LOW,74,2026-09-25
LULU-ORD-4230,LULU-CLT-02,Banana Chips 1kg,Snacks,Local Kerala,368,30,LOW,174,2026-10-15
LULU-ORD-4231,LULU-CLT-02,Milma Curd 500g,Dairy,Milma,410,25,LOW,84,2026-10-10
LULU-ORD-4232,LULU-CLT-02,Atta 10kg,Grocery,Aashirvaad,75,15,MEDIUM,170,2026-09-30
LULU-ORD-4233,LULU-KOCHI-02,Basmati Rice 5kg,Grocery,India Gate,353,43,LOW,16,2026-10-28
LULU-ORD-4234,LULU-TVM-01,Lulu Gold Coin,Jewellery,Lulu Gold,81,16,LOW,145,2026-10-01
LULU-ORD-4235,LULU-CLT-02,Paneer 200g,Dairy,Milma,580,11,MEDIUM,150,2026-09-26
LULU-ORD-4236,LULU-CLT-01,Bread Loaf,Bakery,Modern,68,8,MEDIUM,114,2026-09-23
LULU-ORD-4237,LULU-TVM-01,Atta 10kg,Grocery,Aashirvaad,557,2,HIGH,194,2026-09-17
LULU-ORD-4238,LULU-CLT-01,Banana Chips 1kg,Snacks,Local Kerala,339,24,LOW,46,2026-10-09
LULU-ORD-4239,LULU-KOCHI-02,Chicken 1kg,Meat,Suguna,249,1,HIGH,10,2026-09-16
LULU-ORD-4240,LULU-TVM-01,Mango 1kg,Fruits,Local Farm,69,25,LOW,40,2026-10-10
LULU-ORD-4241,LULU-TVM-01,Basmati Rice 5kg,Grocery,India Gate,46,37,LOW,28,2026-10-22
LULU-ORD-4242,LULU-KOCHI-02,Milma Curd 500g,Dairy,Milma,497,37,LOW,82,2026-10-22
LULU-ORD-4243,LULU-CLT-02,Mango 1kg,Fruits,Local Farm,406,29,LOW,184,2026-10-14
LULU-ORD-4244,LULU-KOCHI-02,Lulu Gold Coin,Jewellery,Lulu Gold,266,23,LOW,132,2026-10-08
LULU-ORD-4245,LULU-KOCHI-01,Banana Chips 1kg,Snacks,Local Kerala,475,35,LOW,67,2026-10-20
LULU-ORD-4246,LULU-CLT-02,Banana Chips 1kg,Snacks,Local Kerala,303,41,LOW,109,2026-10-26
LULU-ORD-4247,LULU-CLT-01,Paneer 200g,Dairy,Milma,174,24,LOW,120,2026-10-09
LULU-ORD-4248,LULU-KOCHI-02,Paneer 200g,Dairy,Milma,157,3,HIGH,115,2026-09-18
LULU-ORD-4249,LULU-CLT-02,Atta 10kg,Grocery,Aashirvaad,242,26,LOW,170,2026-10-11
LULU-ORD-4250,LULU-KOCHI-02,Bread Loaf,Bakery,Modern,223,26,LOW,116,2026-10-11
LULU-ORD-4251,LULU-KOCHI-02,Lulu Gold Coin,Jewellery,Lulu Gold,473,29,LOW,128,2026-10-14
LULU-ORD-4252,LULU-KOCHI-02,Bread Loaf,Bakery,Modern,355,21,LOW,44,2026-10-06
LULU-ORD-4253,LULU-CLT-02,Atta 10kg,Grocery,Aashirvaad,220,16,LOW,192,2026-10-01
LULU-ORD-4254,LULU-TVM-01,Basmati Rice 5kg,Grocery,India Gate,592,13,MEDIUM,103,2026-09-28
LULU-ORD-4255,LULU-KOCHI-01,Lulu Gold Coin,Jewellery,Lulu Gold,571,27,LOW,174,2026-10-12
LULU-ORD-4256,LULU-CLT-02,Paneer 200g,Dairy,Milma,228,26,LOW,130,2026-10-11
LULU-ORD-4257,LULU-KOCHI-02,Chicken 1kg,Meat,Suguna,565,42,LOW,86,2026-10-27
LULU-ORD-4258,LULU-CLT-02,Mango 1kg,Fruits,Local Farm,432,4,HIGH,65,2026-09-19
LULU-ORD-4259,LULU-KOCHI-02,Bread Loaf,Bakery,Modern,574,11,MEDIUM,142,2026-09-26
LULU-ORD-4260,LULU-CLT-01,Dates 500g,Dry Fruits,Lulu Import,194,29,LOW,187,2026-10-14
LULU-ORD-4261,LULU-CLT-02,Basmati Rice 5kg,Grocery,India Gate,405,37,LOW,79,2026-10-22
LULU-ORD-4262,LULU-KOCHI-02,Mango 1kg,Fruits,Local Farm,169,42,LOW,157,2026-10-27
LULU-ORD-4263,LULU-KOCHI-01,Basmati Rice 5kg,Grocery,India Gate,164,27,LOW,129,2026-10-12
LULU-ORD-4264,LULU-KOCHI-01,Basmati Rice 5kg,Grocery,India Gate,143,32,LOW,166,2026-10-17
LULU-ORD-4265,LULU-CLT-01,Mango 1kg,Fruits,Local Farm,553,41,LOW,183,2026-10-26
LULU-ORD-4266,LULU-CLT-01,Chicken 1kg,Meat,Suguna,76,6,MEDIUM,12,2026-09-21
LULU-ORD-4267,LULU-KOCHI-01,Milma Curd 500g,Dairy,Milma,349,6,MEDIUM,101,2026-09-21
LULU-ORD-4268,LULU-KOCHI-01,Basmati Rice 5kg,Grocery,India Gate,164,14,MEDIUM,26,2026-09-29
LULU-ORD-4269,LULU-KOCHI-02,Bread Loaf,Bakery,Modern,333,38,LOW,131,2026-10-23
LULU-ORD-4270,LULU-KOCHI-01,Bread Loaf,Bakery,Modern,189,19,LOW,35,2026-10-04
LULU-ORD-4271,LULU-CLT-02,Atta 10kg,Grocery,Aashirvaad,173,10,MEDIUM,116,2026-09-25
LULU-ORD-4272,LULU-KOCHI-02,Chicken 1kg,Meat,Suguna,555,40,LOW,50,2026-10-25
LULU-ORD-4273,LULU-KOCHI-02,Atta 10kg,Grocery,Aashirvaad,575,41,LOW,189,2026-10-26
LULU-ORD-4274,LULU-CLT-02,Paneer 200g,Dairy,Milma,265,8,MEDIUM,123,2026-09-23
LULU-ORD-4275,LULU-KOCHI-02,Chicken 1kg,Meat,Suguna,50,9,LOW,131,2026-09-24
LULU-ORD-4276,LULU-CLT-01,Dates 500g,Dry Fruits,Lulu Import,498,11,MEDIUM,160,2026-09-26
LULU-ORD-4277,LULU-TVM-01,Bread Loaf,Bakery,Modern,461,38,LOW,56,2026-10-23
LULU-ORD-4278,LULU-TVM-01,Lulu Gold Coin,Jewellery,Lulu Gold,30,32,LOW,98,2026-10-17
LULU-ORD-4279,LULU-CLT-01,Bread Loaf,Bakery,Modern,97,24,LOW,55,2026-10-09
LULU-ORD-4280,LULU-KOCHI-02,Banana Chips 1kg,Snacks,Local Kerala,317,44,LOW,48,2026-10-29
LULU-ORD-4281,LULU-KOCHI-01,Chicken 1kg,Meat,Suguna,211,41,LOW,84,2026-10-26
LULU-ORD-4282,LULU-KOCHI-02,Chicken 1kg,Meat,Suguna,373,39,LOW,14,2026-10-24
LULU-ORD-4283,LULU-KOCHI-01,Mango 1kg,Fruits,Local Farm,437,11,MEDIUM,74,2026-09-26
LULU-ORD-4284,LULU-TVM-01,Basmati Rice 5kg,Grocery,India Gate,535,18,LOW,16,2026-10-03
LULU-ORD-4285,LULU-CLT-01,Lulu Gold Coin,Jewellery,Lulu Gold,336,11,MEDIUM,176,2026-09-26
LULU-ORD-4286,LULU-KOCHI-02,Basmati Rice 5kg,Grocery,India Gate,323,17,LOW,120,2026-10-02
LULU-ORD-4287,LULU-KOCHI-02,Bread Loaf,Bakery,Modern,51,18,LOW,178,2026-10-03
LULU-ORD-4288,LULU-CLT-01,Chicken 1kg,Meat,Suguna,350,36,LOW,43,2026-10-21
LULU-ORD-4289,LULU-CLT-01,Mango 1kg,Fruits,Local Farm,20,37,LOW,87,2026-10-22
LULU-ORD-4290,LULU-KOCHI-02,Dates 500g,Dry Fruits,Lulu Import,214,31,LOW,109,2026-10-16
LULU-ORD-4291,LULU-KOCHI-02,Milma Curd 500g,Dairy,Milma,286,45,LOW,95,2026-10-30
LULU-ORD-4292,LULU-KOCHI-02,Bread Loaf,Bakery,Modern,534,28,LOW,191,2026-10-13
LULU-ORD-4293,LULU-KOCHI-01,Bread Loaf,Bakery,Modern,145,23,LOW,151,2026-10-08
LULU-ORD-4294,LULU-KOCHI-01,Basmati Rice 5kg,Grocery,India Gate,510,19,LOW,31,2026-10-04
LULU-ORD-4295,LULU-KOCHI-01,Lulu Gold Coin,Jewellery,Lulu Gold,96,43,LOW,140,2026-10-28
LULU-ORD-4296,LULU-CLT-01,Chicken 1kg,Meat,Suguna,33,9,LOW,72,2026-09-24
LULU-ORD-4297,LULU-CLT-01,Chicken 1kg,Meat,Suguna,191,24,LOW,49,2026-10-09
LULU-ORD-4298,LULU-CLT-01,Mango 1kg,Fruits,Local Farm,252,6,MEDIUM,12,2026-09-21
LULU-ORD-4299,LULU-CLT-01,Milma Curd 500g,Dairy,Milma,359,40,LOW,49,2026-10-25
LULU-ORD-4300,LULU-KOCHI-01,Mango 1kg,Fruits,Local Farm,481,41,LOW,180,2026-10-26
LULU-ORD-4301,LULU-CLT-02,Chicken 1kg,Meat,Suguna,134,4,HIGH,61,2026-09-19
LULU-ORD-4302,LULU-CLT-01,Chicken 1kg,Meat,Suguna,200,6,MEDIUM,10,2026-09-21
LULU-ORD-4303,LULU-CLT-01,Dates 500g,Dry Fruits,Lulu Import,248,14,MEDIUM,193,2026-09-29
LULU-ORD-4304,LULU-TVM-01,Chicken 1kg,Meat,Suguna,406,21,LOW,59,2026-10-06
LULU-ORD-4305,LULU-TVM-01,Lulu Gold Coin,Jewellery,Lulu Gold,212,32,LOW,190,2026-10-17
LULU-ORD-4306,LULU-TVM-01,Banana Chips 1kg,Snacks,Local Kerala,490,19,LOW,25,2026-10-04
LULU-ORD-4307,LULU-CLT-01,Lulu Gold Coin,Jewellery,Lulu Gold,199,33,LOW,30,2026-10-18
LULU-ORD-4308,LULU-CLT-02,Banana Chips 1kg,Snacks,Local Kerala,212,17,LOW,148,2026-10-02
LULU-ORD-4309,LULU-CLT-01,Mango 1kg,Fruits,Local Farm,203,45,LOW,189,2026-10-30
LULU-ORD-4310,LULU-KOCHI-01,Chicken 1kg,Meat,Suguna,202,12,MEDIUM,68,2026-09-27
LULU-ORD-4311,LULU-TVM-01,Banana Chips 1kg,Snacks,Local Kerala,414,41,LOW,85,2026-10-26
LULU-ORD-4312,LULU-KOCHI-01,Mango 1kg,Fruits,Local Farm,432,33,LOW,65,2026-10-18
LULU-ORD-4313,LULU-CLT-02,Dates 500g,Dry Fruits,Lulu Import,266,23,LOW,145,2026-10-08
LULU-ORD-4314,LULU-CLT-02,Milma Curd 500g,Dairy,Milma,267,19,LOW,26,2026-10-04
LULU-ORD-4315,LULU-KOCHI-01,Milma Curd 500g,Dairy,Milma,74,32,LOW,197,2026-10-17
LULU-ORD-4316,LULU-KOCHI-02,Milma Curd 500g,Dairy,Milma,450,6,MEDIUM,13,2026-09-21
LULU-ORD-4317,LULU-KOCHI-01,Chicken 1kg,Meat,Suguna,336,38,LOW,188,2026-10-23
LULU-ORD-4318,LULU-KOCHI-01,Mango 1kg,Fruits,Local Farm,77,37,LOW,196,2026-10-22
LULU-ORD-4319,LULU-KOCHI-02,Bread Loaf,Bakery,Modern,471,23,LOW,104,2026-10-08
LULU-ORD-4320,LULU-KOCHI-01,Lulu Gold Coin,Jewellery,Lulu Gold,317,32,LOW,149,2026-10-17
LULU-ORD-4321,LULU-CLT-02,Basmati Rice 5kg,Grocery,India Gate,243,38,LOW,20,2026-10-23
LULU-ORD-4322,LULU-KOCHI-02,Bread Loaf,Bakery,Modern,429,30,LOW,93,2026-10-15
LULU-ORD-4323,LULU-KOCHI-02,Dates 500g,Dry Fruits,Lulu Import,484,30,LOW,49,2026-10-15
LULU-ORD-4324,LULU-CLT-01,Banana Chips 1kg,Snacks,Local Kerala,404,27,LOW,45,2026-10-12
LULU-ORD-4325,LULU-CLT-02,Bread Loaf,Bakery,Modern,400,41,LOW,112,2026-10-26
LULU-ORD-4326,LULU-CLT-02,Bread Loaf,Bakery,Modern,24,28,LOW,48,2026-10-13
LULU-ORD-4327,LULU-CLT-01,Mango 1kg,Fruits,Local Farm,198,14,MEDIUM,14,2026-09-29
LULU-ORD-4328,LULU-KOCHI-01,Dates 500g,Dry Fruits,Lulu Import,493,10,MEDIUM,96,2026-09-25
LULU-ORD-4329,LULU-KOCHI-02,Basmati Rice 5kg,Grocery,India Gate,32,32,LOW,50,2026-10-17
LULU-ORD-4330,LULU-CLT-02,Paneer 200g,Dairy,Milma,572,18,LOW,58,2026-10-03
LULU-ORD-4331,LULU-KOCHI-02,Lulu Gold Coin,Jewellery,Lulu Gold,521,28,LOW,50,2026-10-13
LULU-ORD-4332,LULU-CLT-01,Lulu Gold Coin,Jewellery,Lulu Gold,71,23,LOW,27,2026-10-08
LULU-ORD-4333,LULU-KOCHI-01,Bread Loaf,Bakery,Modern,498,39,LOW,46,2026-10-24
LULU-ORD-4334,LULU-CLT-02,Basmati Rice 5kg,Grocery,India Gate,541,32,LOW,116,2026-10-17
LULU-ORD-4335,LULU-CLT-02,Lulu Gold Coin,Jewellery,Lulu Gold,23,20,LOW,96,2026-10-05
LULU-ORD-4336,LULU-CLT-01,Paneer 200g,Dairy,Milma,449,40,LOW,163,2026-10-25
LULU-ORD-4337,LULU-KOCHI-01,Banana Chips 1kg,Snacks,Local Kerala,552,19,LOW,195,2026-10-04
LULU-ORD-4338,LULU-TVM-01,Bread Loaf,Bakery,Modern,141,24,LOW,131,2026-10-09
LULU-ORD-4339,LULU-KOCHI-01,Chicken 1kg,Meat,Suguna,28,29,LOW,116,2026-10-14
LULU-ORD-4340,LULU-CLT-02,Basmati Rice 5kg,Grocery,India Gate,224,21,LOW,90,2026-10-06
LULU-ORD-4341,LULU-KOCHI-01,Lulu Gold Coin,Jewellery,Lulu Gold,297,36,LOW,157,2026-10-21
LULU-ORD-4342,LULU-KOCHI-01,Bread Loaf,Bakery,Modern,209,9,MEDIUM,171,2026-09-24
LULU-ORD-4343,LULU-TVM-01,Mango 1kg,Fruits,Local Farm,244,38,LOW,70,2026-10-23
LULU-ORD-4344,LULU-KOCHI-02,Basmati Rice 5kg,Grocery,India Gate,510,37,LOW,14,2026-10-22
LULU-ORD-4345,LULU-KOCHI-02,Bread Loaf,Bakery,Modern,533,7,MEDIUM,47,2026-09-22
LULU-ORD-4346,LULU-TVM-01,Mango 1kg,Fruits,Local Farm,339,6,MEDIUM,135,2026-09-21
LULU-ORD-4347,LULU-KOCHI-02,Lulu Gold Coin,Jewellery,Lulu Gold,282,5,HIGH,109,2026-09-20
LULU-ORD-4348,LULU-KOCHI-01,Basmati Rice 5kg,Grocery,India Gate,292,10,MEDIUM,25,2026-09-25
LULU-ORD-4349,LULU-CLT-01,Lulu Gold Coin,Jewellery,Lulu Gold,262,15,MEDIUM,93,2026-09-30
LULU-ORD-4350,LULU-CLT-02,Bread Loaf,Bakery,Modern,504,36,LOW,79,2026-10-21
LULU-ORD-4351,LULU-TVM-01,Bread Loaf,Bakery,Modern,506,21,LOW,147,2026-10-06
LULU-ORD-4352,LULU-TVM-01,Basmati Rice 5kg,Grocery,India Gate,202,39,LOW,40,2026-10-24
LULU-ORD-4353,LULU-TVM-01,Paneer 200g,Dairy,Milma,72,13,MEDIUM,139,2026-09-28
LULU-ORD-4354,LULU-KOCHI-02,Paneer 200g,Dairy,Milma,264,25,LOW,189,2026-10-10
LULU-ORD-4355,LULU-CLT-02,Milma Curd 500g,Dairy,Milma,315,17,LOW,46,2026-10-02
LULU-ORD-4356,LULU-KOCHI-02,Paneer 200g,Dairy,Milma,35,2,LOW,30,2026-09-17
LULU-ORD-4357,LULU-KOCHI-02,Bread Loaf,Bakery,Modern,486,10,MEDIUM,170,2026-09-25
LULU-ORD-4358,LULU-TVM-01,Dates 500g,Dry Fruits,Lulu Import,578,11,MEDIUM,123,2026-09-26
LULU-ORD-4359,LULU-KOCHI-02,Bread Loaf,Bakery,Modern,120,18,LOW,80,2026-10-03
LULU-ORD-4360,LULU-CLT-02,Basmati Rice 5kg,Grocery,India Gate,474,19,LOW,160,2026-10-04
LULU-ORD-4361,LULU-CLT-01,Banana Chips 1kg,Snacks,Local Kerala,340,2,HIGH,23,2026-09-17
LULU-ORD-4362,LULU-KOCHI-01,Bread Loaf,Bakery,Modern,575,31,LOW,46,2026-10-16
LULU-ORD-4363,LULU-CLT-01,Bread Loaf,Bakery,Modern,394,36,LOW,170,2026-10-21
LULU-ORD-4364,LULU-CLT-02,Dates 500g,Dry Fruits,Lulu Import,341,26,LOW,93,2026-10-11
LULU-ORD-4365,LULU-KOCHI-01,Mango 1kg,Fruits,Local Farm,45,42,LOW,92,2026-10-27
LULU-ORD-4366,LULU-TVM-01,Mango 1kg,Fruits,Local Farm,592,3,HIGH,24,2026-09-18
LULU-ORD-4367,LULU-CLT-01,Banana Chips 1kg,Snacks,Local Kerala,518,5,HIGH,45,2026-09-20
LULU-ORD-4368,LULU-CLT-02,Banana Chips 1kg,Snacks,Local Kerala,114,34,LOW,192,2026-10-19
LULU-ORD-4369,LULU-KOCHI-01,Basmati Rice 5kg,Grocery,India Gate,104,24,LOW,96,2026-10-09
LULU-ORD-4370,LULU-CLT-01,Chicken 1kg,Meat,Suguna,432,22,LOW,136,2026-10-07
LULU-ORD-4371,LULU-TVM-01,Dates 500g,Dry Fruits,Lulu Import,568,4,HIGH,116,2026-09-19
LULU-ORD-4372,LULU-CLT-01,Dates 500g,Dry Fruits,Lulu Import,168,36,LOW,63,2026-10-21
LULU-ORD-4373,LULU-KOCHI-01,Lulu Gold Coin,Jewellery,Lulu Gold,172,8,MEDIUM,68,2026-09-23
LULU-ORD-4374,LULU-TVM-01,Basmati Rice 5kg,Grocery,India Gate,67,42,LOW,16,2026-10-27
LULU-ORD-4375,LULU-CLT-01,Milma Curd 500g,Dairy,Milma,240,31,LOW,20,2026-10-16
LULU-ORD-4376,LULU-CLT-02,Basmati Rice 5kg,Grocery,India Gate,248,10,MEDIUM,138,2026-09-25
LULU-ORD-4377,LULU-KOCHI-02,Bread Loaf,Bakery,Modern,340,25,LOW,14,2026-10-10
LULU-ORD-4378,LULU-CLT-01,Atta 10kg,Grocery,Aashirvaad,306,32,LOW,181,2026-10-17
LULU-ORD-4379,LULU-CLT-01,Dates 500g,Dry Fruits,Lulu Import,573,5,HIGH,61,2026-09-20
LULU-ORD-4380,LULU-CLT-02,Mango 1kg,Fruits,Local Farm,46,14,LOW,159,2026-09-29
LULU-ORD-4381,LULU-CLT-01,Lulu Gold Coin,Jewellery,Lulu Gold,17,23,LOW,158,2026-10-08
LULU-ORD-4382,LULU-KOCHI-02,Bread Loaf,Bakery,Modern,531,11,MEDIUM,64,2026-09-26
LULU-ORD-4383,LULU-TVM-01,Banana Chips 1kg,Snacks,Local Kerala,559,1,HIGH,82,2026-09-16
LULU-ORD-4384,LULU-TVM-01,Paneer 200g,Dairy,Milma,579,24,LOW,109,2026-10-09
LULU-ORD-4385,LULU-KOCHI-01,Banana Chips 1kg,Snacks,Local Kerala,216,39,LOW,95,2026-10-24
LULU-ORD-4386,LULU-KOCHI-02,Basmati Rice 5kg,Grocery,India Gate,344,17,LOW,40,2026-10-02
LULU-ORD-4387,LULU-KOCHI-02,Paneer 200g,Dairy,Milma,472,2,HIGH,164,2026-09-17
LULU-ORD-4388,LULU-CLT-02,Atta 10kg,Grocery,Aashirvaad,425,14,MEDIUM,38,2026-09-29
LULU-ORD-4389,LULU-CLT-02,Milma Curd 500g,Dairy,Milma,406,7,MEDIUM,61,2026-09-22
LULU-ORD-4390,LULU-CLT-02,Mango 1kg,Fruits,Local Farm,315,45,LOW,161,2026-10-30
LULU-ORD-4391,LULU-CLT-01,Paneer 200g,Dairy,Milma,379,30,LOW,175,2026-10-15
LULU-ORD-4392,LULU-CLT-02,Basmati Rice 5kg,Grocery,India Gate,590,17,LOW,140,2026-10-02
LULU-ORD-4393,LULU-CLT-02,Milma Curd 500g,Dairy,Milma,327,1,HIGH,56,2026-09-16
LULU-ORD-4394,LULU-KOCHI-02,Bread Loaf,Bakery,Modern,221,32,LOW,194,2026-10-17
LULU-ORD-4395,LULU-TVM-01,Bread Loaf,Bakery,Modern,478,26,LOW,52,2026-10-11
LULU-ORD-4396,LULU-TVM-01,Lulu Gold Coin,Jewellery,Lulu Gold,501,36,LOW,83,2026-10-21
LULU-ORD-4397,LULU-CLT-01,Basmati Rice 5kg,Grocery,India Gate,89,40,LOW,10,2026-10-25
LULU-ORD-4398,LULU-KOCHI-01,Milma Curd 500g,Dairy,Milma,61,1,MEDIUM,10,2026-09-16
LULU-ORD-4399,LULU-TVM-01,Paneer 200g,Dairy,Milma,465,25,LOW,50,2026-10-10
LULU-ORD-4400,LULU-CLT-02,Chicken 1kg,Meat,Suguna,64,24,LOW,175,2026-10-09
LULU-ORD-4401,LULU-CLT-01,Basmati Rice 5kg,Grocery,India Gate,443,24,LOW,81,2026-10-09
LULU-ORD-4402,LULU-CLT-01,Dates 500g,Dry Fruits,Lulu Import,32,20,LOW,40,2026-10-05
LULU-ORD-4403,LULU-KOCHI-02,Paneer 200g,Dairy,Milma,155,17,LOW,62,2026-10-02
LULU-ORD-4404,LULU-CLT-02,Chicken 1kg,Meat,Suguna,41,31,LOW,13,2026-10-16
LULU-ORD-4405,LULU-KOCHI-02,Chicken 1kg,Meat,Suguna,98,16,LOW,158,2026-10-01
LULU-ORD-4406,LULU-CLT-01,Atta 10kg,Grocery,Aashirvaad,289,18,LOW,189,2026-10-03
LULU-ORD-4407,LULU-CLT-02,Mango 1kg,Fruits,Local Farm,501,5,HIGH,65,2026-09-20
LULU-ORD-4408,LULU-KOCHI-02,Chicken 1kg,Meat,Suguna,417,44,LOW,17,2026-10-29
LULU-ORD-4409,LULU-KOCHI-02,Milma Curd 500g,Dairy,Milma,519,28,LOW,115,2026-10-13
LULU-ORD-4410,LULU-CLT-01,Banana Chips 1kg,Snacks,Local Kerala,23,37,LOW,178,2026-10-22
LULU-ORD-4411,LULU-KOCHI-02,Chicken 1kg,Meat,Suguna,297,19,LOW,61,2026-10-04
LULU-ORD-4412,LULU-KOCHI-01,Paneer 200g,Dairy,Milma,34,43,LOW,58,2026-10-28
LULU-ORD-4413,LULU-CLT-01,Basmati Rice 5kg,Grocery,India Gate,468,1,HIGH,154,2026-09-16
LULU-ORD-4414,LULU-KOCHI-02,Dates 500g,Dry Fruits,Lulu Import,582,45,LOW,69,2026-10-30
LULU-ORD-4415,LULU-CLT-01,Milma Curd 500g,Dairy,Milma,303,24,LOW,163,2026-10-09
LULU-ORD-4416,LULU-TVM-01,Bread Loaf,Bakery,Modern,477,31,LOW,51,2026-10-16
LULU-ORD-4417,LULU-TVM-01,Bread Loaf,Bakery,Modern,390,36,LOW,47,2026-10-21
LULU-ORD-4418,LULU-CLT-02,Bread Loaf,Bakery,Modern,365,27,LOW,158,2026-10-12
LULU-ORD-4419,LULU-KOCHI-01,Dates 500g,Dry Fruits,Lulu Import,391,30,LOW,84,2026-10-15
LULU-ORD-4420,LULU-TVM-01,Banana Chips 1kg,Snacks,Local Kerala,516,44,LOW,114,2026-10-29
LULU-ORD-4421,LULU-TVM-01,Bread Loaf,Bakery,Modern,452,6,MEDIUM,74,2026-09-21
LULU-ORD-4422,LULU-KOCHI-02,Banana Chips 1kg,Snacks,Local Kerala,350,23,LOW,125,2026-10-08
LULU-ORD-4423,LULU-KOCHI-01,Atta 10kg,Grocery,Aashirvaad,178,3,HIGH,139,2026-09-18
LULU-ORD-4424,LULU-CLT-02,Banana Chips 1kg,Snacks,Local Kerala,359,35,LOW,156,2026-10-20
LULU-ORD-4425,LULU-KOCHI-02,Banana Chips 1kg,Snacks,Local Kerala,220,45,LOW,30,2026-10-30
LULU-ORD-4426,LULU-TVM-01,Dates 500g,Dry Fruits,Lulu Import,124,33,LOW,20,2026-10-18
LULU-ORD-4427,LULU-CLT-01,Atta 10kg,Grocery,Aashirvaad,116,37,LOW,75,2026-10-22
LULU-ORD-4428,LULU-KOCHI-01,Atta 10kg,Grocery,Aashirvaad,178,15,MEDIUM,135,2026-09-30
LULU-ORD-4429,LULU-TVM-01,Chicken 1kg,Meat,Suguna,343,24,LOW,111,2026-10-09
LULU-ORD-4430,LULU-TVM-01,Atta 10kg,Grocery,Aashirvaad,412,15,MEDIUM,99,2026-09-30
LULU-ORD-4431,LULU-KOCHI-02,Dates 500g,Dry Fruits,Lulu Import,118,15,MEDIUM,49,2026-09-30
LULU-ORD-4432,LULU-CLT-01,Basmati Rice 5kg,Grocery,India Gate,10,33,LOW,136,2026-10-18
LULU-ORD-4433,LULU-KOCHI-01,Banana Chips 1kg,Snacks,Local Kerala,83,45,LOW,71,2026-10-30
LULU-ORD-4434,LULU-TVM-01,Dates 500g,Dry Fruits,Lulu Import,320,14,MEDIUM,173,2026-09-29
LULU-ORD-4435,LULU-CLT-01,Chicken 1kg,Meat,Suguna,205,2,HIGH,17,2026-09-17
LULU-ORD-4436,LULU-CLT-02,Paneer 200g,Dairy,Milma,133,14,MEDIUM,184,2026-09-29
LULU-ORD-4437,LULU-KOCHI-02,Chicken 1kg,Meat,Suguna,78,17,LOW,40,2026-10-02
LULU-ORD-4438,LULU-KOCHI-02,Dates 500g,Dry Fruits,Lulu Import,376,43,LOW,12,2026-10-28
LULU-ORD-4439,LULU-KOCHI-02,Mango 1kg,Fruits,Local Farm,317,22,LOW,105,2026-10-07
LULU-ORD-4440,LULU-TVM-01,Basmati Rice 5kg,Grocery,India Gate,321,28,LOW,160,2026-10-13
LULU-ORD-4441,LULU-KOCHI-02,Lulu Gold Coin,Jewellery,Lulu Gold,52,44,LOW,18,2026-10-29
LULU-ORD-4442,LULU-CLT-01,Lulu Gold Coin,Jewellery,Lulu Gold,337,23,LOW,75,2026-10-08
LULU-ORD-4443,LULU-CLT-01,Lulu Gold Coin,Jewellery,Lulu Gold,402,35,LOW,118,2026-10-20
LULU-ORD-4444,LULU-KOCHI-02,Mango 1kg,Fruits,Local Farm,369,44,LOW,16,2026-10-29
LULU-ORD-4445,LULU-CLT-01,Dates 500g,Dry Fruits,Lulu Import,49,32,LOW,131,2026-10-17
LULU-ORD-4446,LULU-CLT-01,Paneer 200g,Dairy,Milma,566,6,MEDIUM,72,2026-09-21
LULU-ORD-4447,LULU-KOCHI-01,Chicken 1kg,Meat,Suguna,475,25,LOW,71,2026-10-10
LULU-ORD-4448,LULU-KOCHI-01,Mango 1kg,Fruits,Local Farm,490,3,HIGH,89,2026-09-18
LULU-ORD-4449,LULU-TVM-01,Atta 10kg,Grocery,Aashirvaad,472,14,MEDIUM,115,2026-09-29
LULU-ORD-4450,LULU-CLT-02,Chicken 1kg,Meat,Suguna,20,44,LOW,161,2026-10-29
LULU-ORD-4451,LULU-CLT-01,Milma Curd 500g,Dairy,Milma,528,29,LOW,138,2026-10-14
LULU-ORD-4452,LULU-TVM-01,Banana Chips 1kg,Snacks,Local Kerala,484,18,LOW,109,2026-10-03
LULU-ORD-4453,LULU-TVM-01,Atta 10kg,Grocery,Aashirvaad,59,17,LOW,40,2026-10-02
LULU-ORD-4454,LULU-KOCHI-02,Atta 10kg,Grocery,Aashirvaad,512,12,MEDIUM,85,2026-09-27
LULU-ORD-4455,LULU-TVM-01,Banana Chips 1kg,Snacks,Local Kerala,50,19,LOW,94,2026-10-04
LULU-ORD-4456,LULU-CLT-02,Dates 500g,Dry Fruits,Lulu Import,122,44,LOW,29,2026-10-29
LULU-ORD-4457,LULU-CLT-02,Basmati Rice 5kg,Grocery,India Gate,503,32,LOW,11,2026-10-17
LULU-ORD-4458,LULU-CLT-01,Dates 500g,Dry Fruits,Lulu Import,190,25,LOW,87,2026-10-10
LULU-ORD-4459,LULU-TVM-01,Banana Chips 1kg,Snacks,Local Kerala,238,22,LOW,136,2026-10-07
LULU-ORD-4460,LULU-CLT-01,Basmati Rice 5kg,Grocery,India Gate,465,45,LOW,35,2026-10-30
LULU-ORD-4461,LULU-TVM-01,Banana Chips 1kg,Snacks,Local Kerala,152,9,MEDIUM,154,2026-09-24
LULU-ORD-4462,LULU-KOCHI-01,Milma Curd 500g,Dairy,Milma,458,32,LOW,188,2026-10-17
LULU-ORD-4463,LULU-KOCHI-01,Dates 500g,Dry Fruits,Lulu Import,31,34,LOW,172,2026-10-19
LULU-ORD-4464,LULU-KOCHI-02,Atta 10kg,Grocery,Aashirvaad,118,27,LOW,18,2026-10-12
LULU-ORD-4465,LULU-KOCHI-02,Paneer 200g,Dairy,Milma,456,36,LOW,27,2026-10-21
LULU-ORD-4466,LULU-KOCHI-01,Chicken 1kg,Meat,Suguna,99,17,LOW,131,2026-10-02
LULU-ORD-4467,LULU-CLT-02,Dates 500g,Dry Fruits,Lulu Import,529,16,LOW,40,2026-10-01
LULU-ORD-4468,LULU-TVM-01,Milma Curd 500g,Dairy,Milma,175,6,MEDIUM,57,2026-09-21
LULU-ORD-4469,LULU-TVM-01,Basmati Rice 5kg,Grocery,India Gate,466,43,LOW,105,2026-10-28
LULU-ORD-4470,LULU-CLT-01,Atta 10kg,Grocery,Aashirvaad,279,31,LOW,178,2026-10-16
LULU-ORD-4471,LULU-TVM-01,Banana Chips 1kg,Snacks,Local Kerala,433,8,MEDIUM,20,2026-09-23
LULU-ORD-4472,LULU-KOCHI-01,Basmati Rice 5kg,Grocery,India Gate,217,10,MEDIUM,44,2026-09-25
LULU-ORD-4473,LULU-CLT-01,Dates 500g,Dry Fruits,Lulu Import,21,24,LOW,140,2026-10-09
LULU-ORD-4474,LULU-KOCHI-01,Milma Curd 500g,Dairy,Milma,125,34,LOW,159,2026-10-19
LULU-ORD-4475,LULU-CLT-02,Atta 10kg,Grocery,Aashirvaad,19,20,LOW,91,2026-10-05
LULU-ORD-4476,LULU-CLT-02,Basmati Rice 5kg,Grocery,India Gate,501,14,MEDIUM,179,2026-09-29
LULU-ORD-4477,LULU-CLT-02,Lulu Gold Coin,Jewellery,Lulu Gold,499,31,LOW,35,2026-10-16
LULU-ORD-4478,LULU-TVM-01,Banana Chips 1kg,Snacks,Local Kerala,407,36,LOW,28,2026-10-21
LULU-ORD-4479,LULU-CLT-02,Banana Chips 1kg,Snacks,Local Kerala,140,33,LOW,27,2026-10-18
LULU-ORD-4480,LULU-TVM-01,Lulu Gold Coin,Jewellery,Lulu Gold,535,5,HIGH,52,2026-09-20
LULU-ORD-4481,LULU-KOCHI-01,Basmati Rice 5kg,Grocery,India Gate,433,41,LOW,67,2026-10-26
LULU-ORD-4482,LULU-KOCHI-02,Paneer 200g,Dairy,Milma,426,4,HIGH,20,2026-09-19
LULU-ORD-4483,LULU-CLT-02,Bread Loaf,Bakery,Modern,414,2,HIGH,181,2026-09-17
LULU-ORD-4484,LULU-TVM-01,Bread Loaf,Bakery,Modern,410,29,LOW,67,2026-10-14
LULU-ORD-4485,LULU-TVM-01,Banana Chips 1kg,Snacks,Local Kerala,500,40,LOW,114,2026-10-25
LULU-ORD-4486,LULU-TVM-01,Banana Chips 1kg,Snacks,Local Kerala,257,39,LOW,83,2026-10-24
LULU-ORD-4487,LULU-TVM-01,Lulu Gold Coin,Jewellery,Lulu Gold,86,28,LOW,17,2026-10-13
LULU-ORD-4488,LULU-CLT-01,Dates 500g,Dry Fruits,Lulu Import,77,36,LOW,190,2026-10-21
LULU-ORD-4489,LULU-KOCHI-01,Banana Chips 1kg,Snacks,Local Kerala,50,24,LOW,110,2026-10-09
LULU-ORD-4490,LULU-KOCHI-01,Paneer 200g,Dairy,Milma,485,42,LOW,87,2026-10-27
LULU-ORD-4491,LULU-KOCHI-02,Atta 10kg,Grocery,Aashirvaad,344,20,LOW,140,2026-10-05
LULU-ORD-4492,LULU-TVM-01,Lulu Gold Coin,Jewellery,Lulu Gold,405,45,LOW,187,2026-10-30
LULU-ORD-4493,LULU-KOCHI-02,Atta 10kg,Grocery,Aashirvaad,597,9,MEDIUM,96,2026-09-24
LULU-ORD-4494,LULU-TVM-01,Chicken 1kg,Meat,Suguna,511,22,LOW,142,2026-10-07
LULU-ORD-4495,LULU-KOCHI-01,Mango 1kg,Fruits,Local Farm,74,17,LOW,79,2026-10-02
LULU-ORD-4496,LULU-KOCHI-01,Paneer 200g,Dairy,Milma,535,15,MEDIUM,92,2026-09-30
LULU-ORD-4497,LULU-KOCHI-01,Basmati Rice 5kg,Grocery,India Gate,589,13,MEDIUM,88,2026-09-28
LULU-ORD-4498,LULU-KOCHI-02,Basmati Rice 5kg,Grocery,India Gate,353,34,LOW,81,2026-10-19
LULU-ORD-4499,LULU-CLT-02,Paneer 200g,Dairy,Milma,444,43,LOW,166,2026-10-28
LULU-ORD-4500,LULU-KOCHI-01,Banana Chips 1kg,Snacks,Local Kerala,312,13,MEDIUM,192,2026-09-28
LULU-ORD-4501,LULU-CLT-02,Atta 10kg,Grocery,Aashirvaad,576,21,LOW,128,2026-10-06
LULU-ORD-4502,LULU-CLT-01,Mango 1kg,Fruits,Local Farm,542,12,MEDIUM,195,2026-09-27
LULU-ORD-4503,LULU-TVM-01,Paneer 200g,Dairy,Milma,262,14,MEDIUM,172,2026-09-29
LULU-ORD-4504,LULU-KOCHI-02,Bread Loaf,Bakery,Modern,197,42,LOW,105,2026-10-27
LULU-ORD-4505,LULU-KOCHI-01,Basmati Rice 5kg,Grocery,India Gate,411,31,LOW,155,2026-10-16
LULU-ORD-4506,LULU-CLT-02,Lulu Gold Coin,Jewellery,Lulu Gold,560,22,LOW,75,2026-10-07
LULU-ORD-4507,LULU-CLT-01,Mango 1kg,Fruits,Local Farm,83,17,LOW,106,2026-10-02
LULU-ORD-4508,LULU-CLT-01,Atta 10kg,Grocery,Aashirvaad,412,1,HIGH,58,2026-09-16
LULU-ORD-4509,LULU-TVM-01,Paneer 200g,Dairy,Milma,516,30,LOW,159,2026-10-15
LULU-ORD-4510,LULU-KOCHI-02,Paneer 200g,Dairy,Milma,533,37,LOW,60,2026-10-22
LULU-ORD-4511,LULU-KOCHI-02,Paneer 200g,Dairy,Milma,62,28,LOW,162,2026-10-13
LULU-ORD-4512,LULU-KOCHI-02,Chicken 1kg,Meat,Suguna,497,28,LOW,90,2026-10-13
LULU-ORD-4513,LULU-CLT-01,Chicken 1kg,Meat,Suguna,153,12,MEDIUM,102,2026-09-27
LULU-ORD-4514,LULU-KOCHI-01,Milma Curd 500g,Dairy,Milma,52,5,MEDIUM,37,2026-09-20
LULU-ORD-4515,LULU-CLT-02,Atta 10kg,Grocery,Aashirvaad,558,18,LOW,34,2026-10-03
LULU-ORD-4516,LULU-TVM-01,Dates 500g,Dry Fruits,Lulu Import,219,3,HIGH,25,2026-09-18
LULU-ORD-4517,LULU-TVM-01,Milma Curd 500g,Dairy,Milma,124,22,LOW,194,2026-10-07
LULU-ORD-4518,LULU-CLT-02,Paneer 200g,Dairy,Milma,301,28,LOW,69,2026-10-13
LULU-ORD-4519,LULU-TVM-01,Basmati Rice 5kg,Grocery,India Gate,594,18,LOW,100,2026-10-03
LULU-ORD-4520,LULU-TVM-01,Basmati Rice 5kg,Grocery,India Gate,165,2,HIGH,159,2026-09-17
LULU-ORD-4521,LULU-KOCHI-02,Bread Loaf,Bakery,Modern,235,11,MEDIUM,62,2026-09-26
LULU-ORD-4522,LULU-CLT-01,Atta 10kg,Grocery,Aashirvaad,27,11,LOW,156,2026-09-26
LULU-ORD-4523,LULU-CLT-01,Mango 1kg,Fruits,Local Farm,286,32,LOW,34,2026-10-17
LULU-ORD-4524,LULU-CLT-02,Basmati Rice 5kg,Grocery,India Gate,426,15,MEDIUM,127,2026-09-30
LULU-ORD-4525,LULU-CLT-02,Mango 1kg,Fruits,Local Farm,179,12,MEDIUM,81,2026-09-27
LULU-ORD-4526,LULU-KOCHI-01,Chicken 1kg,Meat,Suguna,13,16,LOW,121,2026-10-01
LULU-ORD-4527,LULU-CLT-02,Mango 1kg,Fruits,Local Farm,405,29,LOW,69,2026-10-14
LULU-ORD-4528,LULU-KOCHI-02,Chicken 1kg,Meat,Suguna,93,27,LOW,123,2026-10-12
LULU-ORD-4529,LULU-KOCHI-02,Banana Chips 1kg,Snacks,Local Kerala,403,40,LOW,15,2026-10-25
LULU-ORD-4530,LULU-KOCHI-02,Atta 10kg,Grocery,Aashirvaad,288,14,MEDIUM,121,2026-09-29
LULU-ORD-4531,LULU-CLT-01,Atta 10kg,Grocery,Aashirvaad,360,21,LOW,137,2026-10-06
LULU-ORD-4532,LULU-TVM-01,Atta 10kg,Grocery,Aashirvaad,407,29,LOW,62,2026-10-14
LULU-ORD-4533,LULU-TVM-01,Bread Loaf,Bakery,Modern,157,5,HIGH,188,2026-09-20
LULU-ORD-4534,LULU-CLT-02,Dates 500g,Dry Fruits,Lulu Import,182,26,LOW,65,2026-10-11
LULU-ORD-4535,LULU-KOCHI-01,Bread Loaf,Bakery,Modern,371,26,LOW,73,2026-10-11
LULU-ORD-4536,LULU-TVM-01,Paneer 200g,Dairy,Milma,246,25,LOW,130,2026-10-10
LULU-ORD-4537,LULU-CLT-01,Milma Curd 500g,Dairy,Milma,586,16,LOW,125,2026-10-01
LULU-ORD-4538,LULU-KOCHI-01,Milma Curd 500g,Dairy,Milma,408,37,LOW,102,2026-10-22
LULU-ORD-4539,LULU-KOCHI-02,Dates 500g,Dry Fruits,Lulu Import,30,32,LOW,195,2026-10-17
LULU-ORD-4540,LULU-KOCHI-02,Lulu Gold Coin,Jewellery,Lulu Gold,444,6,MEDIUM,75,2026-09-21
LULU-ORD-4541,LULU-KOCHI-01,Bread Loaf,Bakery,Modern,244,18,LOW,76,2026-10-03
LULU-ORD-4542,LULU-CLT-02,Lulu Gold Coin,Jewellery,Lulu Gold,171,11,MEDIUM,159,2026-09-26
LULU-ORD-4543,LULU-CLT-01,Atta 10kg,Grocery,Aashirvaad,553,13,MEDIUM,107,2026-09-28
LULU-ORD-4544,LULU-CLT-01,Bread Loaf,Bakery,Modern,59,15,MEDIUM,191,2026-09-30
LULU-ORD-4545,LULU-TVM-01,Banana Chips 1kg,Snacks,Local Kerala,104,40,LOW,22,2026-10-25
LULU-ORD-4546,LULU-KOCHI-01,Paneer 200g,Dairy,Milma,91,34,LOW,125,2026-10-19
LULU-ORD-4547,LULU-KOCHI-02,Banana Chips 1kg,Snacks,Local Kerala,310,10,MEDIUM,81,2026-09-25
LULU-ORD-4548,LULU-KOCHI-01,Banana Chips 1kg,Snacks,Local Kerala,244,27,LOW,52,2026-10-12
LULU-ORD-4549,LULU-CLT-01,Atta 10kg,Grocery,Aashirvaad,78,15,MEDIUM,168,2026-09-30
LULU-ORD-4550,LULU-CLT-02,Milma Curd 500g,Dairy,Milma,596,42,LOW,83,2026-10-27
LULU-ORD-4551,LULU-CLT-02,Atta 10kg,Grocery,Aashirvaad,491,28,LOW,70,2026-10-13
LULU-ORD-4552,LULU-CLT-01,Milma Curd 500g,Dairy,Milma,210,39,LOW,27,2026-10-24
LULU-ORD-4553,LULU-TVM-01,Chicken 1kg,Meat,Suguna,285,12,MEDIUM,41,2026-09-27
LULU-ORD-4554,LULU-CLT-02,Lulu Gold Coin,Jewellery,Lulu Gold,576,24,LOW,49,2026-10-09
LULU-ORD-4555,LULU-CLT-01,Atta 10kg,Grocery,Aashirvaad,201,16,LOW,93,2026-10-01
LULU-ORD-4556,LULU-CLT-01,Banana Chips 1kg,Snacks,Local Kerala,288,33,LOW,138,2026-10-18
LULU-ORD-4557,LULU-CLT-02,Atta 10kg,Grocery,Aashirvaad,68,26,LOW,52,2026-10-11
LULU-ORD-4558,LULU-CLT-02,Milma Curd 500g,Dairy,Milma,490,10,MEDIUM,71,2026-09-25
LULU-ORD-4559,LULU-KOCHI-01,Mango 1kg,Fruits,Local Farm,386,37,LOW,128,2026-10-22
LULU-ORD-4560,LULU-CLT-01,Basmati Rice 5kg,Grocery,India Gate,475,12,MEDIUM,192,2026-09-27
LULU-ORD-4561,LULU-TVM-01,Basmati Rice 5kg,Grocery,India Gate,175,41,LOW,20,2026-10-26
LULU-ORD-4562,LULU-CLT-01,Chicken 1kg,Meat,Suguna,396,9,MEDIUM,83,2026-09-24
LULU-ORD-4563,LULU-KOCHI-02,Lulu Gold Coin,Jewellery,Lulu Gold,551,32,LOW,150,2026-10-17
LULU-ORD-4564,LULU-KOCHI-02,Atta 10kg,Grocery,Aashirvaad,423,34,LOW,175,2026-10-19
LULU-ORD-4565,LULU-TVM-01,Atta 10kg,Grocery,Aashirvaad,372,39,LOW,193,2026-10-24
LULU-ORD-4566,LULU-KOCHI-02,Dates 500g,Dry Fruits,Lulu Import,267,34,LOW,52,2026-10-19
LULU-ORD-4567,LULU-CLT-01,Atta 10kg,Grocery,Aashirvaad,521,9,MEDIUM,62,2026-09-24
LULU-ORD-4568,LULU-CLT-01,Chicken 1kg,Meat,Suguna,386,20,LOW,164,2026-10-05
LULU-ORD-4569,LULU-KOCHI-01,Dates 500g,Dry Fruits,Lulu Import,401,25,LOW,105,2026-10-10
LULU-ORD-4570,LULU-CLT-02,Milma Curd 500g,Dairy,Milma,332,32,LOW,14,2026-10-17
LULU-ORD-4571,LULU-CLT-02,Basmati Rice 5kg,Grocery,India Gate,455,41,LOW,125,2026-10-26
LULU-ORD-4572,LULU-KOCHI-01,Mango 1kg,Fruits,Local Farm,153,42,LOW,111,2026-10-27
LULU-ORD-4573,LULU-CLT-02,Basmati Rice 5kg,Grocery,India Gate,155,2,HIGH,122,2026-09-17
LULU-ORD-4574,LULU-KOCHI-02,Paneer 200g,Dairy,Milma,508,26,LOW,192,2026-10-11
LULU-ORD-4575,LULU-KOCHI-02,Lulu Gold Coin,Jewellery,Lulu Gold,390,14,MEDIUM,43,2026-09-29
LULU-ORD-4576,LULU-CLT-02,Dates 500g,Dry Fruits,Lulu Import,62,16,LOW,173,2026-10-01
LULU-ORD-4577,LULU-CLT-01,Chicken 1kg,Meat,Suguna,312,24,LOW,99,2026-10-09
LULU-ORD-4578,LULU-KOCHI-02,Lulu Gold Coin,Jewellery,Lulu Gold,405,42,LOW,29,2026-10-27
LULU-ORD-4579,LULU-TVM-01,Mango 1kg,Fruits,Local Farm,311,23,LOW,151,2026-10-08
LULU-ORD-4580,LULU-CLT-01,Lulu Gold Coin,Jewellery,Lulu Gold,51,31,LOW,100,2026-10-16
LULU-ORD-4581,LULU-TVM-01,Bread Loaf,Bakery,Modern,208,20,LOW,52,2026-10-05
LULU-ORD-4582,LULU-TVM-01,Milma Curd 500g,Dairy,Milma,113,10,MEDIUM,79,2026-09-25
LULU-ORD-4583,LULU-CLT-02,Milma Curd 500g,Dairy,Milma,35,33,LOW,171,2026-10-18
LULU-ORD-4584,LULU-KOCHI-02,Atta 10kg,Grocery,Aashirvaad,390,2,HIGH,113,2026-09-17
LULU-ORD-4585,LULU-TVM-01,Bread Loaf,Bakery,Modern,481,23,LOW,93,2026-10-08
LULU-ORD-4586,LULU-TVM-01,Paneer 200g,Dairy,Milma,386,4,HIGH,159,2026-09-19
LULU-ORD-4587,LULU-KOCHI-02,Chicken 1kg,Meat,Suguna,458,32,LOW,141,2026-10-17
LULU-ORD-4588,LULU-TVM-01,Milma Curd 500g,Dairy,Milma,571,37,LOW,27,2026-10-22
LULU-ORD-4589,LULU-KOCHI-02,Banana Chips 1kg,Snacks,Local Kerala,396,22,LOW,197,2026-10-07
LULU-ORD-4590,LULU-CLT-02,Paneer 200g,Dairy,Milma,157,10,MEDIUM,33,2026-09-25
LULU-ORD-4591,LULU-KOCHI-02,Mango 1kg,Fruits,Local Farm,403,18,LOW,66,2026-10-03
LULU-ORD-4592,LULU-CLT-01,Milma Curd 500g,Dairy,Milma,55,20,LOW,44,2026-10-05
LULU-ORD-4593,LULU-CLT-02,Basmati Rice 5kg,Grocery,India Gate,438,37,LOW,116,2026-10-22
LULU-ORD-4594,LULU-TVM-01,Banana Chips 1kg,Snacks,Local Kerala,447,36,LOW,75,2026-10-21
LULU-ORD-4595,LULU-CLT-02,Basmati Rice 5kg,Grocery,India Gate,10,5,LOW,19,2026-09-20
LULU-ORD-4596,LULU-CLT-02,Paneer 200g,Dairy,Milma,504,5,HIGH,129,2026-09-20
LULU-ORD-4597,LULU-CLT-01,Banana Chips 1kg,Snacks,Local Kerala,515,8,MEDIUM,181,2026-09-23
LULU-ORD-4598,LULU-KOCHI-01,Lulu Gold Coin,Jewellery,Lulu Gold,360,40,LOW,130,2026-10-25
LULU-ORD-4599,LULU-TVM-01,Paneer 200g,Dairy,Milma,600,36,LOW,199,2026-10-21
LULU-ORD-4600,LULU-CLT-02,Bread Loaf,Bakery,Modern,344,34,LOW,180,2026-10-19
LULU-ORD-4601,LULU-KOCHI-01,Mango 1kg,Fruits,Local Farm,542,44,LOW,162,2026-10-29
LULU-ORD-4602,LULU-KOCHI-02,Basmati Rice 5kg,Grocery,India Gate,241,2,HIGH,133,2026-09-17
LULU-ORD-4603,LULU-KOCHI-01,Paneer 200g,Dairy,Milma,346,33,LOW,137,2026-10-18
LULU-ORD-4604,LULU-KOCHI-01,Dates 500g,Dry Fruits,Lulu Import,62,38,LOW,75,2026-10-23
LULU-ORD-4605,LULU-CLT-02,Chicken 1kg,Meat,Suguna,161,36,LOW,66,2026-10-21
LULU-ORD-4606,LULU-CLT-01,Basmati Rice 5kg,Grocery,India Gate,485,10,MEDIUM,188,2026-09-25
LULU-ORD-4607,LULU-KOCHI-02,Atta 10kg,Grocery,Aashirvaad,527,24,LOW,200,2026-10-09
LULU-ORD-4608,LULU-KOCHI-01,Dates 500g,Dry Fruits,Lulu Import,439,37,LOW,86,2026-10-22
LULU-ORD-4609,LULU-TVM-01,Chicken 1kg,Meat,Suguna,258,11,MEDIUM,133,2026-09-26
LULU-ORD-4610,LULU-KOCHI-02,Chicken 1kg,Meat,Suguna,331,4,HIGH,113,2026-09-19
LULU-ORD-4611,LULU-KOCHI-02,Dates 500g,Dry Fruits,Lulu Import,167,27,LOW,17,2026-10-12
LULU-ORD-4612,LULU-KOCHI-01,Bread Loaf,Bakery,Modern,389,8,MEDIUM,70,2026-09-23
LULU-ORD-4613,LULU-TVM-01,Lulu Gold Coin,Jewellery,Lulu Gold,513,26,LOW,64,2026-10-11
LULU-ORD-4614,LULU-KOCHI-01,Dates 500g,Dry Fruits,Lulu Import,450,16,LOW,72,2026-10-01
LULU-ORD-4615,LULU-CLT-02,Mango 1kg,Fruits,Local Farm,178,22,LOW,163,2026-10-07
LULU-ORD-4616,LULU-CLT-01,Bread Loaf,Bakery,Modern,395,6,MEDIUM,31,2026-09-21
LULU-ORD-4617,LULU-TVM-01,Chicken 1kg,Meat,Suguna,18,10,LOW,119,2026-09-25
LULU-ORD-4618,LULU-CLT-02,Lulu Gold Coin,Jewellery,Lulu Gold,104,45,LOW,23,2026-10-30
LULU-ORD-4619,LULU-CLT-01,Milma Curd 500g,Dairy,Milma,492,12,MEDIUM,44,2026-09-27
LULU-ORD-4620,LULU-KOCHI-01,Paneer 200g,Dairy,Milma,385,44,LOW,180,2026-10-29
LULU-ORD-4621,LULU-CLT-02,Mango 1kg,Fruits,Local Farm,99,3,MEDIUM,89,2026-09-18
LULU-ORD-4622,LULU-TVM-01,Bread Loaf,Bakery,Modern,112,3,HIGH,31,2026-09-18
LULU-ORD-4623,LULU-CLT-02,Milma Curd 500g,Dairy,Milma,10,13,LOW,110,2026-09-28
LULU-ORD-4624,LULU-TVM-01,Lulu Gold Coin,Jewellery,Lulu Gold,120,18,LOW,84,2026-10-03
LULU-ORD-4625,LULU-TVM-01,Mango 1kg,Fruits,Local Farm,548,5,HIGH,82,2026-09-20
LULU-ORD-4626,LULU-TVM-01,Banana Chips 1kg,Snacks,Local Kerala,76,30,LOW,76,2026-10-15
LULU-ORD-4627,LULU-KOCHI-02,Banana Chips 1kg,Snacks,Local Kerala,537,7,MEDIUM,165,2026-09-22
LULU-ORD-4628,LULU-KOCHI-02,Basmati Rice 5kg,Grocery,India Gate,300,3,HIGH,96,2026-09-18
LULU-ORD-4629,LULU-KOCHI-01,Banana Chips 1kg,Snacks,Local Kerala,494,29,LOW,140,2026-10-14
LULU-ORD-4630,LULU-KOCHI-02,Paneer 200g,Dairy,Milma,310,42,LOW,117,2026-10-27
LULU-ORD-4631,LULU-KOCHI-01,Basmati Rice 5kg,Grocery,India Gate,326,43,LOW,63,2026-10-28
LULU-ORD-4632,LULU-CLT-02,Basmati Rice 5kg,Grocery,India Gate,482,10,MEDIUM,19,2026-09-25
LULU-ORD-4633,LULU-CLT-01,Chicken 1kg,Meat,Suguna,70,38,LOW,47,2026-10-23
LULU-ORD-4634,LULU-CLT-02,Chicken 1kg,Meat,Suguna,469,9,MEDIUM,195,2026-09-24
LULU-ORD-4635,LULU-KOCHI-01,Chicken 1kg,Meat,Suguna,299,22,LOW,158,2026-10-07
LULU-ORD-4636,LULU-KOCHI-02,Basmati Rice 5kg,Grocery,India Gate,503,28,LOW,41,2026-10-13
LULU-ORD-4637,LULU-KOCHI-02,Atta 10kg,Grocery,Aashirvaad,319,14,MEDIUM,177,2026-09-29
LULU-ORD-4638,LULU-KOCHI-02,Milma Curd 500g,Dairy,Milma,382,11,MEDIUM,59,2026-09-26
LULU-ORD-4639,LULU-CLT-01,Bread Loaf,Bakery,Modern,77,4,MEDIUM,74,2026-09-19
LULU-ORD-4640,LULU-KOCHI-02,Dates 500g,Dry Fruits,Lulu Import,201,32,LOW,178,2026-10-17
LULU-ORD-4641,LULU-CLT-02,Dates 500g,Dry Fruits,Lulu Import,341,29,LOW,93,2026-10-14
LULU-ORD-4642,LULU-CLT-02,Dates 500g,Dry Fruits,Lulu Import,332,37,LOW,11,2026-10-22
LULU-ORD-4643,LULU-CLT-01,Banana Chips 1kg,Snacks,Local Kerala,266,27,LOW,134,2026-10-12
LULU-ORD-4644,LULU-CLT-02,Bread Loaf,Bakery,Modern,161,3,HIGH,71,2026-09-18
LULU-ORD-4645,LULU-CLT-02,Atta 10kg,Grocery,Aashirvaad,517,18,LOW,194,2026-10-03
LULU-ORD-4646,LULU-CLT-01,Banana Chips 1kg,Snacks,Local Kerala,437,3,HIGH,171,2026-09-18
LULU-ORD-4647,LULU-KOCHI-01,Bread Loaf,Bakery,Modern,361,40,LOW,96,2026-10-25
LULU-ORD-4648,LULU-TVM-01,Milma Curd 500g,Dairy,Milma,117,31,LOW,61,2026-10-16
LULU-ORD-4649,LULU-TVM-01,Basmati Rice 5kg,Grocery,India Gate,161,22,LOW,80,2026-10-07
LULU-ORD-4650,LULU-TVM-01,Atta 10kg,Grocery,Aashirvaad,410,34,LOW,166,2026-10-19
LULU-ORD-4651,LULU-CLT-01,Mango 1kg,Fruits,Local Farm,211,28,LOW,126,2026-10-13
LULU-ORD-4652,LULU-TVM-01,Mango 1kg,Fruits,Local Farm,570,19,LOW,126,2026-10-04
LULU-ORD-4653,LULU-CLT-01,Milma Curd 500g,Dairy,Milma,301,22,LOW,114,2026-10-07
LULU-ORD-4654,LULU-KOCHI-02,Mango 1kg,Fruits,Local Farm,74,31,LOW,128,2026-10-16
LULU-ORD-4655,LULU-KOCHI-01,Mango 1kg,Fruits,Local Farm,595,15,MEDIUM,161,2026-09-30
LULU-ORD-4656,LULU-KOCHI-01,Basmati Rice 5kg,Grocery,India Gate,470,17,LOW,176,2026-10-02
LULU-ORD-4657,LULU-TVM-01,Milma Curd 500g,Dairy,Milma,244,43,LOW,75,2026-10-28
LULU-ORD-4658,LULU-TVM-01,Dates 500g,Dry Fruits,Lulu Import,281,1,HIGH,68,2026-09-16
LULU-ORD-4659,LULU-CLT-02,Milma Curd 500g,Dairy,Milma,237,29,LOW,111,2026-10-14
LULU-ORD-4660,LULU-CLT-01,Milma Curd 500g,Dairy,Milma,450,4,HIGH,80,2026-09-19
LULU-ORD-4661,LULU-CLT-01,Atta 10kg,Grocery,Aashirvaad,569,27,LOW,138,2026-10-12
LULU-ORD-4662,LULU-TVM-01,Paneer 200g,Dairy,Milma,62,32,LOW,64,2026-10-17
LULU-ORD-4663,LULU-CLT-01,Atta 10kg,Grocery,Aashirvaad,575,19,LOW,70,2026-10-04
LULU-ORD-4664,LULU-CLT-02,Dates 500g,Dry Fruits,Lulu Import,584,22,LOW,149,2026-10-07
LULU-ORD-4665,LULU-KOCHI-02,Basmati Rice 5kg,Grocery,India Gate,24,44,LOW,30,2026-10-29
LULU-ORD-4666,LULU-CLT-01,Bread Loaf,Bakery,Modern,261,31,LOW,35,2026-10-16
LULU-ORD-4667,LULU-KOCHI-01,Banana Chips 1kg,Snacks,Local Kerala,274,11,MEDIUM,181,2026-09-26
LULU-ORD-4668,LULU-KOCHI-02,Paneer 200g,Dairy,Milma,435,11,MEDIUM,62,2026-09-26
LULU-ORD-4669,LULU-KOCHI-01,Banana Chips 1kg,Snacks,Local Kerala,380,7,MEDIUM,89,2026-09-22
LULU-ORD-4670,LULU-CLT-01,Atta 10kg,Grocery,Aashirvaad,571,41,LOW,29,2026-10-26
LULU-ORD-4671,LULU-CLT-02,Banana Chips 1kg,Snacks,Local Kerala,134,1,HIGH,26,2026-09-16
LULU-ORD-4672,LULU-KOCHI-02,Paneer 200g,Dairy,Milma,193,8,MEDIUM,96,2026-09-23
LULU-ORD-4673,LULU-KOCHI-02,Chicken 1kg,Meat,Suguna,522,35,LOW,140,2026-10-20
LULU-ORD-4674,LULU-TVM-01,Chicken 1kg,Meat,Suguna,502,43,LOW,81,2026-10-28
LULU-ORD-4675,LULU-KOCHI-01,Chicken 1kg,Meat,Suguna,374,6,MEDIUM,55,2026-09-21
LULU-ORD-4676,LULU-KOCHI-01,Dates 500g,Dry Fruits,Lulu Import,203,35,LOW,195,2026-10-20
LULU-ORD-4677,LULU-CLT-02,Milma Curd 500g,Dairy,Milma,98,5,MEDIUM,47,2026-09-20
LULU-ORD-4678,LULU-TVM-01,Bread Loaf,Bakery,Modern,174,34,LOW,59,2026-10-19
LULU-ORD-4679,LULU-KOCHI-01,Lulu Gold Coin,Jewellery,Lulu Gold,369,2,HIGH,109,2026-09-17
LULU-ORD-4680,LULU-KOCHI-02,Dates 500g,Dry Fruits,Lulu Import,116,33,LOW,64,2026-10-18
LULU-ORD-4681,LULU-KOCHI-02,Banana Chips 1kg,Snacks,Local Kerala,204,40,LOW,160,2026-10-25
LULU-ORD-4682,LULU-KOCHI-02,Chicken 1kg,Meat,Suguna,242,43,LOW,152,2026-10-28
LULU-ORD-4683,LULU-KOCHI-01,Lulu Gold Coin,Jewellery,Lulu Gold,406,21,LOW,60,2026-10-06
LULU-ORD-4684,LULU-CLT-02,Milma Curd 500g,Dairy,Milma,47,29,LOW,10,2026-10-14
LULU-ORD-4685,LULU-KOCHI-01,Mango 1kg,Fruits,Local Farm,373,2,HIGH,176,2026-09-17
LULU-ORD-4686,LULU-KOCHI-01,Bread Loaf,Bakery,Modern,435,1,HIGH,128,2026-09-16
LULU-ORD-4687,LULU-TVM-01,Chicken 1kg,Meat,Suguna,147,7,MEDIUM,143,2026-09-22
LULU-ORD-4688,LULU-CLT-02,Atta 10kg,Grocery,Aashirvaad,129,38,LOW,131,2026-10-23
LULU-ORD-4689,LULU-KOCHI-01,Lulu Gold Coin,Jewellery,Lulu Gold,576,36,LOW,40,2026-10-21
LULU-ORD-4690,LULU-KOCHI-01,Mango 1kg,Fruits,Local Farm,43,41,LOW,72,2026-10-26
LULU-ORD-4691,LULU-KOCHI-01,Paneer 200g,Dairy,Milma,559,28,LOW,19,2026-10-13
LULU-ORD-4692,LULU-CLT-02,Chicken 1kg,Meat,Suguna,66,20,LOW,188,2026-10-05
LULU-ORD-4693,LULU-KOCHI-01,Paneer 200g,Dairy,Milma,398,10,MEDIUM,97,2026-09-25
LULU-ORD-4694,LULU-KOCHI-01,Dates 500g,Dry Fruits,Lulu Import,86,34,LOW,29,2026-10-19
LULU-ORD-4695,LULU-KOCHI-02,Lulu Gold Coin,Jewellery,Lulu Gold,325,20,LOW,15,2026-10-05
LULU-ORD-4696,LULU-CLT-02,Milma Curd 500g,Dairy,Milma,301,21,LOW,192,2026-10-06
LULU-ORD-4697,LULU-TVM-01,Chicken 1kg,Meat,Suguna,150,34,LOW,163,2026-10-19
LULU-ORD-4698,LULU-CLT-01,Chicken 1kg,Meat,Suguna,381,8,MEDIUM,77,2026-09-23
LULU-ORD-4699,LULU-CLT-02,Bread Loaf,Bakery,Modern,335,8,MEDIUM,157,2026-09-23
LULU-ORD-4700,LULU-CLT-01,Basmati Rice 5kg,Grocery,India Gate,90,15,MEDIUM,80,2026-09-30
LULU-ORD-4701,LULU-CLT-01,Paneer 200g,Dairy,Milma,573,35,LOW,192,2026-10-20
LULU-ORD-4702,LULU-TVM-01,Atta 10kg,Grocery,Aashirvaad,569,20,LOW,178,2026-10-05
LULU-ORD-4703,LULU-CLT-01,Paneer 200g,Dairy,Milma,112,26,LOW,89,2026-10-11
LULU-ORD-4704,LULU-KOCHI-01,Dates 500g,Dry Fruits,Lulu Import,105,43,LOW,78,2026-10-28
LULU-ORD-4705,LULU-CLT-01,Milma Curd 500g,Dairy,Milma,150,5,HIGH,160,2026-09-20
LULU-ORD-4706,LULU-CLT-01,Milma Curd 500g,Dairy,Milma,119,31,LOW,130,2026-10-16
LULU-ORD-4707,LULU-CLT-01,Bread Loaf,Bakery,Modern,425,35,LOW,77,2026-10-20
LULU-ORD-4708,LULU-CLT-01,Banana Chips 1kg,Snacks,Local Kerala,584,16,LOW,95,2026-10-01
LULU-ORD-4709,LULU-TVM-01,Banana Chips 1kg,Snacks,Local Kerala,199,42,LOW,189,2026-10-27
LULU-ORD-4710,LULU-CLT-02,Chicken 1kg,Meat,Suguna,27,31,LOW,196,2026-10-16
LULU-ORD-4711,LULU-TVM-01,Banana Chips 1kg,Snacks,Local Kerala,183,44,LOW,71,2026-10-29
LULU-ORD-4712,LULU-TVM-01,Dates 500g,Dry Fruits,Lulu Import,15,44,LOW,79,2026-10-29
LULU-ORD-4713,LULU-TVM-01,Mango 1kg,Fruits,Local Farm,202,32,LOW,70,2026-10-17
LULU-ORD-4714,LULU-TVM-01,Milma Curd 500g,Dairy,Milma,450,14,MEDIUM,180,2026-09-29
LULU-ORD-4715,LULU-KOCHI-01,Dates 500g,Dry Fruits,Lulu Import,207,34,LOW,98,2026-10-19
LULU-ORD-4716,LULU-KOCHI-02,Banana Chips 1kg,Snacks,Local Kerala,424,38,LOW,158,2026-10-23
LULU-ORD-4717,LULU-TVM-01,Paneer 200g,Dairy,Milma,285,16,LOW,41,2026-10-01
LULU-ORD-4718,LULU-TVM-01,Dates 500g,Dry Fruits,Lulu Import,271,42,LOW,137,2026-10-27
LULU-ORD-4719,LULU-TVM-01,Milma Curd 500g,Dairy,Milma,127,26,LOW,58,2026-10-11
LULU-ORD-4720,LULU-CLT-02,Paneer 200g,Dairy,Milma,141,37,LOW,174,2026-10-22
LULU-ORD-4721,LULU-CLT-02,Mango 1kg,Fruits,Local Farm,132,43,LOW,43,2026-10-28
LULU-ORD-4722,LULU-CLT-01,Milma Curd 500g,Dairy,Milma,246,16,LOW,197,2026-10-01
LULU-ORD-4723,LULU-CLT-02,Chicken 1kg,Meat,Suguna,414,9,MEDIUM,80,2026-09-24
LULU-ORD-4724,LULU-CLT-02,Chicken 1kg,Meat,Suguna,598,1,HIGH,193,2026-09-16
LULU-ORD-4725,LULU-CLT-01,Chicken 1kg,Meat,Suguna,24,27,LOW,97,2026-10-12
LULU-ORD-4726,LULU-CLT-02,Basmati Rice 5kg,Grocery,India Gate,467,10,MEDIUM,195,2026-09-25
LULU-ORD-4727,LULU-KOCHI-02,Chicken 1kg,Meat,Suguna,387,21,LOW,106,2026-10-06
LULU-ORD-4728,LULU-CLT-02,Atta 10kg,Grocery,Aashirvaad,291,29,LOW,172,2026-10-14
LULU-ORD-4729,LULU-KOCHI-01,Banana Chips 1kg,Snacks,Local Kerala,221,25,LOW,58,2026-10-10
LULU-ORD-4730,LULU-KOCHI-01,Basmati Rice 5kg,Grocery,India Gate,511,32,LOW,121,2026-10-17
LULU-ORD-4731,LULU-KOCHI-02,Milma Curd 500g,Dairy,Milma,268,1,HIGH,128,2026-09-16
LULU-ORD-4732,LULU-KOCHI-02,Banana Chips 1kg,Snacks,Local Kerala,72,4,MEDIUM,144,2026-09-19
LULU-ORD-4733,LULU-CLT-01,Paneer 200g,Dairy,Milma,218,27,LOW,83,2026-10-12
LULU-ORD-4734,LULU-CLT-02,Banana Chips 1kg,Snacks,Local Kerala,300,18,LOW,119,2026-10-03
LULU-ORD-4735,LULU-CLT-01,Milma Curd 500g,Dairy,Milma,494,34,LOW,160,2026-10-19
LULU-ORD-4736,LULU-CLT-02,Lulu Gold Coin,Jewellery,Lulu Gold,366,20,LOW,125,2026-10-05
LULU-ORD-4737,LULU-KOCHI-02,Basmati Rice 5kg,Grocery,India Gate,292,31,LOW,79,2026-10-16
LULU-ORD-4738,LULU-KOCHI-02,Banana Chips 1kg,Snacks,Local Kerala,501,15,MEDIUM,44,2026-09-30
LULU-ORD-4739,LULU-KOCHI-02,Milma Curd 500g,Dairy,Milma,250,42,LOW,108,2026-10-27
LULU-ORD-4740,LULU-CLT-02,Basmati Rice 5kg,Grocery,India Gate,574,33,LOW,38,2026-10-18
LULU-ORD-4741,LULU-KOCHI-01,Paneer 200g,Dairy,Milma,389,34,LOW,186,2026-10-19
LULU-ORD-4742,LULU-TVM-01,Chicken 1kg,Meat,Suguna,288,43,LOW,89,2026-10-28
LULU-ORD-4743,LULU-TVM-01,Dates 500g,Dry Fruits,Lulu Import,30,5,LOW,37,2026-09-20
LULU-ORD-4744,LULU-CLT-02,Basmati Rice 5kg,Grocery,India Gate,299,17,LOW,181,2026-10-02
LULU-ORD-4745,LULU-CLT-02,Atta 10kg,Grocery,Aashirvaad,598,34,LOW,170,2026-10-19
LULU-ORD-4746,LULU-CLT-02,Lulu Gold Coin,Jewellery,Lulu Gold,551,1,HIGH,15,2026-09-16
LULU-ORD-4747,LULU-TVM-01,Bread Loaf,Bakery,Modern,577,27,LOW,97,2026-10-12
LULU-ORD-4748,LULU-CLT-02,Milma Curd 500g,Dairy,Milma,502,13,MEDIUM,37,2026-09-28
LULU-ORD-4749,LULU-KOCHI-01,Paneer 200g,Dairy,Milma,445,17,LOW,160,2026-10-02
LULU-ORD-4750,LULU-TVM-01,Basmati Rice 5kg,Grocery,India Gate,421,43,LOW,154,2026-10-28
LULU-ORD-4751,LULU-KOCHI-02,Mango 1kg,Fruits,Local Farm,375,7,MEDIUM,130,2026-09-22
LULU-ORD-4752,LULU-KOCHI-01,Mango 1kg,Fruits,Local Farm,210,16,LOW,21,2026-10-01
LULU-ORD-4753,LULU-CLT-02,Bread Loaf,Bakery,Modern,375,31,LOW,146,2026-10-16
LULU-ORD-4754,LULU-KOCHI-02,Bread Loaf,Bakery,Modern,514,15,MEDIUM,153,2026-09-30
LULU-ORD-4755,LULU-TVM-01,Milma Curd 500g,Dairy,Milma,88,7,MEDIUM,45,2026-09-22
LULU-ORD-4756,LULU-CLT-02,Basmati Rice 5kg,Grocery,India Gate,430,3,HIGH,129,2026-09-18
LULU-ORD-4757,LULU-CLT-01,Dates 500g,Dry Fruits,Lulu Import,557,5,HIGH,184,2026-09-20
LULU-ORD-4758,LULU-CLT-02,Atta 10kg,Grocery,Aashirvaad,461,9,MEDIUM,198,2026-09-24
LULU-ORD-4759,LULU-CLT-01,Basmati Rice 5kg,Grocery,India Gate,233,24,LOW,19,2026-10-09
LULU-ORD-4760,LULU-KOCHI-02,Paneer 200g,Dairy,Milma,21,38,LOW,40,2026-10-23
LULU-ORD-4761,LULU-CLT-01,Paneer 200g,Dairy,Milma,470,14,MEDIUM,97,2026-09-29
LULU-ORD-4762,LULU-KOCHI-01,Basmati Rice 5kg,Grocery,India Gate,131,6,MEDIUM,163,2026-09-21
LULU-ORD-4763,LULU-KOCHI-02,Atta 10kg,Grocery,Aashirvaad,256,3,HIGH,186,2026-09-18
LULU-ORD-4764,LULU-CLT-01,Paneer 200g,Dairy,Milma,564,11,MEDIUM,135,2026-09-26
LULU-ORD-4765,LULU-CLT-01,Basmati Rice 5kg,Grocery,India Gate,431,22,LOW,32,2026-10-07
LULU-ORD-4766,LULU-KOCHI-01,Atta 10kg,Grocery,Aashirvaad,244,37,LOW,10,2026-10-22
LULU-ORD-4767,LULU-KOCHI-02,Dates 500g,Dry Fruits,Lulu Import,367,23,LOW,152,2026-10-08
LULU-ORD-4768,LULU-TVM-01,Banana Chips 1kg,Snacks,Local Kerala,37,7,LOW,15,2026-09-22
LULU-ORD-4769,LULU-CLT-02,Paneer 200g,Dairy,Milma,207,12,MEDIUM,69,2026-09-27
LULU-ORD-4770,LULU-CLT-02,Milma Curd 500g,Dairy,Milma,193,13,MEDIUM,60,2026-09-28
LULU-ORD-4771,LULU-CLT-01,Banana Chips 1kg,Snacks,Local Kerala,312,30,LOW,179,2026-10-15
LULU-ORD-4772,LULU-CLT-02,Lulu Gold Coin,Jewellery,Lulu Gold,241,40,LOW,18,2026-10-25
LULU-ORD-4773,LULU-KOCHI-01,Chicken 1kg,Meat,Suguna,219,24,LOW,185,2026-10-09
LULU-ORD-4774,LULU-CLT-01,Dates 500g,Dry Fruits,Lulu Import,167,45,LOW,50,2026-10-30
LULU-ORD-4775,LULU-CLT-02,Lulu Gold Coin,Jewellery,Lulu Gold,397,1,HIGH,105,2026-09-16
LULU-ORD-4776,LULU-KOCHI-02,Milma Curd 500g,Dairy,Milma,555,12,MEDIUM,37,2026-09-27
LULU-ORD-4777,LULU-CLT-01,Chicken 1kg,Meat,Suguna,171,14,MEDIUM,49,2026-09-29
LULU-ORD-4778,LULU-CLT-02,Dates 500g,Dry Fruits,Lulu Import,121,28,LOW,189,2026-10-13
LULU-ORD-4779,LULU-TVM-01,Banana Chips 1kg,Snacks,Local Kerala,282,34,LOW,183,2026-10-19
LULU-ORD-4780,LULU-CLT-02,Atta 10kg,Grocery,Aashirvaad,347,29,LOW,162,2026-10-14
LULU-ORD-4781,LULU-KOCHI-02,Atta 10kg,Grocery,Aashirvaad,590,14,MEDIUM,118,2026-09-29
LULU-ORD-4782,LULU-KOCHI-01,Banana Chips 1kg,Snacks,Local Kerala,465,18,LOW,76,2026-10-03
LULU-ORD-4783,LULU-CLT-02,Mango 1kg,Fruits,Local Farm,229,2,HIGH,113,2026-09-17
LULU-ORD-4784,LULU-KOCHI-02,Paneer 200g,Dairy,Milma,394,35,LOW,33,2026-10-20
LULU-ORD-4785,LULU-CLT-02,Mango 1kg,Fruits,Local Farm,128,45,LOW,23,2026-10-30
LULU-ORD-4786,LULU-TVM-01,Basmati Rice 5kg,Grocery,India Gate,556,8,MEDIUM,132,2026-09-23
LULU-ORD-4787,LULU-TVM-01,Dates 500g,Dry Fruits,Lulu Import,148,4,HIGH,56,2026-09-19
LULU-ORD-4788,LULU-CLT-02,Atta 10kg,Grocery,Aashirvaad,247,9,MEDIUM,22,2026-09-24
LULU-ORD-4789,LULU-CLT-02,Atta 10kg,Grocery,Aashirvaad,566,5,HIGH,147,2026-09-20
LULU-ORD-4790,LULU-TVM-01,Atta 10kg,Grocery,Aashirvaad,95,22,LOW,147,2026-10-07
LULU-ORD-4791,LULU-KOCHI-01,Chicken 1kg,Meat,Suguna,275,17,LOW,150,2026-10-02
LULU-ORD-4792,LULU-KOCHI-02,Banana Chips 1kg,Snacks,Local Kerala,192,3,HIGH,135,2026-09-18
LULU-ORD-4793,LULU-CLT-01,Basmati Rice 5kg,Grocery,India Gate,153,15,MEDIUM,142,2026-09-30
LULU-ORD-4794,LULU-KOCHI-02,Banana Chips 1kg,Snacks,Local Kerala,462,5,HIGH,194,2026-09-20
LULU-ORD-4795,LULU-KOCHI-02,Atta 10kg,Grocery,Aashirvaad,92,21,LOW,52,2026-10-06
LULU-ORD-4796,LULU-CLT-01,Paneer 200g,Dairy,Milma,355,2,HIGH,12,2026-09-17
LULU-ORD-4797,LULU-CLT-01,Milma Curd 500g,Dairy,Milma,34,2,LOW,92,2026-09-17
LULU-ORD-4798,LULU-CLT-02,Banana Chips 1kg,Snacks,Local Kerala,93,6,MEDIUM,133,2026-09-21
LULU-ORD-4799,LULU-KOCHI-01,Chicken 1kg,Meat,Suguna,459,35,LOW,24,2026-10-20
LULU-ORD-4800,LULU-KOCHI-01,Mango 1kg,Fruits,Local Farm,36,10,LOW,90,2026-09-25
LULU-ORD-4801,LULU-KOCHI-01,Dates 500g,Dry Fruits,Lulu Import,127,33,LOW,84,2026-10-18
LULU-ORD-4802,LULU-TVM-01,Paneer 200g,Dairy,Milma,173,6,MEDIUM,47,2026-09-21
LULU-ORD-4803,LULU-KOCHI-02,Mango 1kg,Fruits,Local Farm,600,35,LOW,83,2026-10-20
LULU-ORD-4804,LULU-CLT-02,Lulu Gold Coin,Jewellery,Lulu Gold,544,5,HIGH,54,2026-09-20
LULU-ORD-4805,LULU-CLT-01,Paneer 200g,Dairy,Milma,523,40,LOW,90,2026-10-25
LULU-ORD-4806,LULU-TVM-01,Dates 500g,Dry Fruits,Lulu Import,490,3,HIGH,121,2026-09-18
LULU-ORD-4807,LULU-TVM-01,Lulu Gold Coin,Jewellery,Lulu Gold,36,3,LOW,22,2026-09-18
LULU-ORD-4808,LULU-KOCHI-02,Milma Curd 500g,Dairy,Milma,277,16,LOW,98,2026-10-01
LULU-ORD-4809,LULU-TVM-01,Bread Loaf,Bakery,Modern,100,24,LOW,80,2026-10-09
LULU-ORD-4810,LULU-KOCHI-02,Atta 10kg,Grocery,Aashirvaad,163,26,LOW,154,2026-10-11
LULU-ORD-4811,LULU-CLT-02,Chicken 1kg,Meat,Suguna,251,27,LOW,78,2026-10-12
LULU-ORD-4812,LULU-KOCHI-01,Atta 10kg,Grocery,Aashirvaad,243,21,LOW,179,2026-10-06
LULU-ORD-4813,LULU-CLT-02,Milma Curd 500g,Dairy,Milma,384,20,LOW,157,2026-10-05
LULU-ORD-4814,LULU-CLT-01,Dates 500g,Dry Fruits,Lulu Import,52,36,LOW,170,2026-10-21
LULU-ORD-4815,LULU-CLT-02,Lulu Gold Coin,Jewellery,Lulu Gold,64,27,LOW,71,2026-10-12
LULU-ORD-4816,LULU-TVM-01,Dates 500g,Dry Fruits,Lulu Import,581,30,LOW,100,2026-10-15
LULU-ORD-4817,LULU-CLT-02,Milma Curd 500g,Dairy,Milma,548,12,MEDIUM,26,2026-09-27
LULU-ORD-4818,LULU-CLT-01,Milma Curd 500g,Dairy,Milma,284,4,HIGH,110,2026-09-19
LULU-ORD-4819,LULU-TVM-01,Paneer 200g,Dairy,Milma,551,8,MEDIUM,145,2026-09-23
LULU-ORD-4820,LULU-KOCHI-01,Milma Curd 500g,Dairy,Milma,277,41,LOW,174,2026-10-26
LULU-ORD-4821,LULU-KOCHI-02,Banana Chips 1kg,Snacks,Local Kerala,570,31,LOW,73,2026-10-16
LULU-ORD-4822,LULU-CLT-02,Atta 10kg,Grocery,Aashirvaad,208,25,LOW,145,2026-10-10
LULU-ORD-4823,LULU-CLT-02,Chicken 1kg,Meat,Suguna,419,18,LOW,49,2026-10-03
LULU-ORD-4824,LULU-KOCHI-02,Chicken 1kg,Meat,Suguna,154,45,LOW,168,2026-10-30
LULU-ORD-4825,LULU-TVM-01,Paneer 200g,Dairy,Milma,184,34,LOW,175,2026-10-19
LULU-ORD-4826,LULU-CLT-02,Paneer 200g,Dairy,Milma,427,20,LOW,15,2026-10-05
LULU-ORD-4827,LULU-KOCHI-01,Basmati Rice 5kg,Grocery,India Gate,439,9,MEDIUM,194,2026-09-24
LULU-ORD-4828,LULU-CLT-01,Atta 10kg,Grocery,Aashirvaad,451,14,MEDIUM,89,2026-09-29
LULU-ORD-4829,LULU-CLT-01,Paneer 200g,Dairy,Milma,94,30,LOW,109,2026-10-15
LULU-ORD-4830,LULU-KOCHI-01,Paneer 200g,Dairy,Milma,409,11,MEDIUM,105,2026-09-26
LULU-ORD-4831,LULU-KOCHI-02,Paneer 200g,Dairy,Milma,53,12,MEDIUM,68,2026-09-27
LULU-ORD-4832,LULU-CLT-02,Bread Loaf,Bakery,Modern,358,35,LOW,85,2026-10-20
LULU-ORD-4833,LULU-CLT-01,Basmati Rice 5kg,Grocery,India Gate,33,43,LOW,130,2026-10-28
LULU-ORD-4834,LULU-KOCHI-01,Dates 500g,Dry Fruits,Lulu Import,325,27,LOW,84,2026-10-12
LULU-ORD-4835,LULU-TVM-01,Atta 10kg,Grocery,Aashirvaad,599,34,LOW,15,2026-10-19
LULU-ORD-4836,LULU-CLT-02,Basmati Rice 5kg,Grocery,India Gate,121,24,LOW,152,2026-10-09
LULU-ORD-4837,LULU-KOCHI-01,Atta 10kg,Grocery,Aashirvaad,541,12,MEDIUM,94,2026-09-27
LULU-ORD-4838,LULU-CLT-01,Banana Chips 1kg,Snacks,Local Kerala,486,40,LOW,182,2026-10-25
LULU-ORD-4839,LULU-CLT-01,Bread Loaf,Bakery,Modern,48,19,LOW,84,2026-10-04
LULU-ORD-4840,LULU-CLT-02,Basmati Rice 5kg,Grocery,India Gate,219,14,MEDIUM,100,2026-09-29
LULU-ORD-4841,LULU-TVM-01,Basmati Rice 5kg,Grocery,India Gate,548,17,LOW,90,2026-10-02
LULU-ORD-4842,LULU-CLT-02,Chicken 1kg,Meat,Suguna,414,15,MEDIUM,36,2026-09-30
LULU-ORD-4843,LULU-KOCHI-02,Chicken 1kg,Meat,Suguna,106,39,LOW,144,2026-10-24
LULU-ORD-4844,LULU-CLT-01,Lulu Gold Coin,Jewellery,Lulu Gold,136,35,LOW,165,2026-10-20
LULU-ORD-4845,LULU-CLT-01,Basmati Rice 5kg,Grocery,India Gate,256,38,LOW,171,2026-10-23
LULU-ORD-4846,LULU-CLT-02,Basmati Rice 5kg,Grocery,India Gate,514,14,MEDIUM,113,2026-09-29
LULU-ORD-4847,LULU-KOCHI-02,Bread Loaf,Bakery,Modern,241,3,HIGH,18,2026-09-18
LULU-ORD-4848,LULU-TVM-01,Chicken 1kg,Meat,Suguna,95,40,LOW,137,2026-10-25
LULU-ORD-4849,LULU-KOCHI-02,Bread Loaf,Bakery,Modern,408,7,MEDIUM,138,2026-09-22
LULU-ORD-4850,LULU-CLT-01,Dates 500g,Dry Fruits,Lulu Import,575,34,LOW,12,2026-10-19
LULU-ORD-4851,LULU-CLT-01,Banana Chips 1kg,Snacks,Local Kerala,223,2,HIGH,160,2026-09-17
LULU-ORD-4852,LULU-CLT-01,Chicken 1kg,Meat,Suguna,352,27,LOW,150,2026-10-12
LULU-ORD-4853,LULU-CLT-02,Banana Chips 1kg,Snacks,Local Kerala,546,1,HIGH,186,2026-09-16
LULU-ORD-4854,LULU-KOCHI-02,Dates 500g,Dry Fruits,Lulu Import,351,31,LOW,77,2026-10-16
LULU-ORD-4855,LULU-CLT-01,Paneer 200g,Dairy,Milma,132,27,LOW,168,2026-10-12
LULU-ORD-4856,LULU-TVM-01,Basmati Rice 5kg,Grocery,India Gate,411,24,LOW,98,2026-10-09
LULU-ORD-4857,LULU-KOCHI-01,Banana Chips 1kg,Snacks,Local Kerala,69,5,MEDIUM,164,2026-09-20
LULU-ORD-4858,LULU-TVM-01,Chicken 1kg,Meat,Suguna,136,34,LOW,83,2026-10-19
LULU-ORD-4859,LULU-CLT-02,Chicken 1kg,Meat,Suguna,562,19,LOW,69,2026-10-04
LULU-ORD-4860,LULU-KOCHI-01,Dates 500g,Dry Fruits,Lulu Import,552,31,LOW,16,2026-10-16
LULU-ORD-4861,LULU-CLT-02,Mango 1kg,Fruits,Local Farm,152,27,LOW,53,2026-10-12
LULU-ORD-4862,LULU-TVM-01,Banana Chips 1kg,Snacks,Local Kerala,230,39,LOW,139,2026-10-24
LULU-ORD-4863,LULU-KOCHI-02,Banana Chips 1kg,Snacks,Local Kerala,85,16,LOW,80,2026-10-01
LULU-ORD-4864,LULU-CLT-01,Bread Loaf,Bakery,Modern,355,27,LOW,33,2026-10-12
LULU-ORD-4865,LULU-KOCHI-01,Paneer 200g,Dairy,Milma,47,45,LOW,43,2026-10-30
LULU-ORD-4866,LULU-CLT-01,Atta 10kg,Grocery,Aashirvaad,558,27,LOW,103,2026-10-12
LULU-ORD-4867,LULU-KOCHI-02,Milma Curd 500g,Dairy,Milma,355,16,LOW,111,2026-10-01
LULU-ORD-4868,LULU-TVM-01,Dates 500g,Dry Fruits,Lulu Import,455,3,HIGH,187,2026-09-18
LULU-ORD-4869,LULU-KOCHI-02,Chicken 1kg,Meat,Suguna,129,9,MEDIUM,14,2026-09-24
LULU-ORD-4870,LULU-TVM-01,Milma Curd 500g,Dairy,Milma,207,4,HIGH,62,2026-09-19
LULU-ORD-4871,LULU-TVM-01,Bread Loaf,Bakery,Modern,409,26,LOW,32,2026-10-11
LULU-ORD-4872,LULU-KOCHI-02,Milma Curd 500g,Dairy,Milma,405,10,MEDIUM,28,2026-09-25
LULU-ORD-4873,LULU-CLT-02,Bread Loaf,Bakery,Modern,227,7,MEDIUM,65,2026-09-22
LULU-ORD-4874,LULU-CLT-01,Paneer 200g,Dairy,Milma,358,23,LOW,120,2026-10-08
LULU-ORD-4875,LULU-KOCHI-02,Atta 10kg,Grocery,Aashirvaad,573,12,MEDIUM,156,2026-09-27
LULU-ORD-4876,LULU-KOCHI-02,Chicken 1kg,Meat,Suguna,507,41,LOW,118,2026-10-26
LULU-ORD-4877,LULU-CLT-02,Atta 10kg,Grocery,Aashirvaad,156,40,LOW,144,2026-10-25
LULU-ORD-4878,LULU-CLT-01,Paneer 200g,Dairy,Milma,307,3,HIGH,71,2026-09-18
LULU-ORD-4879,LULU-TVM-01,Paneer 200g,Dairy,Milma,577,1,HIGH,124,2026-09-16
LULU-ORD-4880,LULU-CLT-02,Basmati Rice 5kg,Grocery,India Gate,360,20,LOW,132,2026-10-05
LULU-ORD-4881,LULU-KOCHI-02,Atta 10kg,Grocery,Aashirvaad,551,9,MEDIUM,21,2026-09-24
LULU-ORD-4882,LULU-KOCHI-01,Basmati Rice 5kg,Grocery,India Gate,249,42,LOW,167,2026-10-27
LULU-ORD-4883,LULU-KOCHI-01,Chicken 1kg,Meat,Suguna,64,7,MEDIUM,125,2026-09-22
LULU-ORD-4884,LULU-KOCHI-01,Milma Curd 500g,Dairy,Milma,58,33,LOW,154,2026-10-18
LULU-ORD-4885,LULU-KOCHI-01,Mango 1kg,Fruits,Local Farm,76,19,LOW,156,2026-10-04
LULU-ORD-4886,LULU-KOCHI-01,Banana Chips 1kg,Snacks,Local Kerala,26,29,LOW,159,2026-10-14
LULU-ORD-4887,LULU-TVM-01,Banana Chips 1kg,Snacks,Local Kerala,422,39,LOW,169,2026-10-24
LULU-ORD-4888,LULU-KOCHI-01,Dates 500g,Dry Fruits,Lulu Import,596,25,LOW,151,2026-10-10
LULU-ORD-4889,LULU-TVM-01,Mango 1kg,Fruits,Local Farm,477,6,MEDIUM,85,2026-09-21
LULU-ORD-4890,LULU-TVM-01,Banana Chips 1kg,Snacks,Local Kerala,558,24,LOW,108,2026-10-09
LULU-ORD-4891,LULU-KOCHI-01,Mango 1kg,Fruits,Local Farm,264,10,MEDIUM,154,2026-09-25
LULU-ORD-4892,LULU-TVM-01,Chicken 1kg,Meat,Suguna,311,2,HIGH,89,2026-09-17
LULU-ORD-4893,LULU-CLT-02,Mango 1kg,Fruits,Local Farm,209,12,MEDIUM,37,2026-09-27
LULU-ORD-4894,LULU-CLT-02,Banana Chips 1kg,Snacks,Local Kerala,238,19,LOW,120,2026-10-04
LULU-ORD-4895,LULU-CLT-01,Dates 500g,Dry Fruits,Lulu Import,587,36,LOW,114,2026-10-21
LULU-ORD-4896,LULU-KOCHI-02,Mango 1kg,Fruits,Local Farm,33,36,LOW,49,2026-10-21
LULU-ORD-4897,LULU-KOCHI-02,Dates 500g,Dry Fruits,Lulu Import,130,30,LOW,17,2026-10-15
LULU-ORD-4898,LULU-KOCHI-01,Lulu Gold Coin,Jewellery,Lulu Gold,188,14,MEDIUM,153,2026-09-29
LULU-ORD-4899,LULU-CLT-02,Basmati Rice 5kg,Grocery,India Gate,542,39,LOW,93,2026-10-24
LULU-ORD-4900,LULU-CLT-02,Mango 1kg,Fruits,Local Farm,380,42,LOW,143,2026-10-27
LULU-ORD-4901,LULU-KOCHI-01,Banana Chips 1kg,Snacks,Local Kerala,584,2,HIGH,10,2026-09-17
LULU-ORD-4902,LULU-CLT-01,Bread Loaf,Bakery,Modern,427,43,LOW,46,2026-10-28
LULU-ORD-4903,LULU-CLT-01,Mango 1kg,Fruits,Local Farm,454,22,LOW,150,2026-10-07
LULU-ORD-4904,LULU-KOCHI-01,Banana Chips 1kg,Snacks,Local Kerala,425,38,LOW,149,2026-10-23
LULU-ORD-4905,LULU-KOCHI-01,Banana Chips 1kg,Snacks,Local Kerala,454,43,LOW,33,2026-10-28
LULU-ORD-4906,LULU-KOCHI-02,Atta 10kg,Grocery,Aashirvaad,401,37,LOW,98,2026-10-22
LULU-ORD-4907,LULU-CLT-01,Dates 500g,Dry Fruits,Lulu Import,84,14,MEDIUM,153,2026-09-29
LULU-ORD-4908,LULU-CLT-02,Lulu Gold Coin,Jewellery,Lulu Gold,446,7,MEDIUM,58,2026-09-22
LULU-ORD-4909,LULU-KOCHI-01,Atta 10kg,Grocery,Aashirvaad,331,37,LOW,40,2026-10-22
LULU-ORD-4910,LULU-KOCHI-02,Paneer 200g,Dairy,Milma,206,18,LOW,148,2026-10-03
LULU-ORD-4911,LULU-KOCHI-01,Banana Chips 1kg,Snacks,Local Kerala,256,38,LOW,140,2026-10-23
LULU-ORD-4912,LULU-CLT-02,Paneer 200g,Dairy,Milma,51,2,MEDIUM,132,2026-09-17
LULU-ORD-4913,LULU-TVM-01,Basmati Rice 5kg,Grocery,India Gate,11,1,LOW,121,2026-09-16
LULU-ORD-4914,LULU-CLT-01,Mango 1kg,Fruits,Local Farm,410,25,LOW,24,2026-10-10
LULU-ORD-4915,LULU-CLT-02,Chicken 1kg,Meat,Suguna,406,33,LOW,29,2026-10-18
LULU-ORD-4916,LULU-KOCHI-01,Chicken 1kg,Meat,Suguna,207,40,LOW,16,2026-10-25
LULU-ORD-4917,LULU-TVM-01,Milma Curd 500g,Dairy,Milma,77,25,LOW,24,2026-10-10
LULU-ORD-4918,LULU-KOCHI-01,Mango 1kg,Fruits,Local Farm,295,6,MEDIUM,171,2026-09-21
LULU-ORD-4919,LULU-CLT-01,Mango 1kg,Fruits,Local Farm,84,21,LOW,126,2026-10-06
LULU-ORD-4920,LULU-TVM-01,Dates 500g,Dry Fruits,Lulu Import,191,41,LOW,60,2026-10-26
LULU-ORD-4921,LULU-KOCHI-02,Mango 1kg,Fruits,Local Farm,463,42,LOW,170,2026-10-27
LULU-ORD-4922,LULU-CLT-02,Banana Chips 1kg,Snacks,Local Kerala,61,24,LOW,173,2026-10-09
LULU-ORD-4923,LULU-KOCHI-02,Paneer 200g,Dairy,Milma,286,2,HIGH,122,2026-09-17
LULU-ORD-4924,LULU-CLT-02,Lulu Gold Coin,Jewellery,Lulu Gold,298,26,LOW,24,2026-10-11
LULU-ORD-4925,LULU-KOCHI-02,Lulu Gold Coin,Jewellery,Lulu Gold,153,26,LOW,181,2026-10-11
LULU-ORD-4926,LULU-CLT-01,Banana Chips 1kg,Snacks,Local Kerala,150,23,LOW,152,2026-10-08
LULU-ORD-4927,LULU-KOCHI-02,Chicken 1kg,Meat,Suguna,513,41,LOW,108,2026-10-26
LULU-ORD-4928,LULU-TVM-01,Milma Curd 500g,Dairy,Milma,174,37,LOW,27,2026-10-22
LULU-ORD-4929,LULU-TVM-01,Paneer 200g,Dairy,Milma,33,26,LOW,182,2026-10-11
LULU-ORD-4930,LULU-CLT-02,Atta 10kg,Grocery,Aashirvaad,279,5,HIGH,60,2026-09-20
LULU-ORD-4931,LULU-CLT-01,Basmati Rice 5kg,Grocery,India Gate,474,15,MEDIUM,43,2026-09-30
LULU-ORD-4932,LULU-CLT-02,Bread Loaf,Bakery,Modern,376,11,MEDIUM,98,2026-09-26
LULU-ORD-4933,LULU-TVM-01,Dates 500g,Dry Fruits,Lulu Import,121,30,LOW,30,2026-10-15
LULU-ORD-4934,LULU-CLT-02,Lulu Gold Coin,Jewellery,Lulu Gold,20,14,LOW,183,2026-09-29
LULU-ORD-4935,LULU-CLT-02,Chicken 1kg,Meat,Suguna,90,39,LOW,10,2026-10-24
LULU-ORD-4936,LULU-KOCHI-02,Dates 500g,Dry Fruits,Lulu Import,125,15,MEDIUM,70,2026-09-30
LULU-ORD-4937,LULU-KOCHI-02,Atta 10kg,Grocery,Aashirvaad,335,9,MEDIUM,136,2026-09-24
LULU-ORD-4938,LULU-KOCHI-02,Atta 10kg,Grocery,Aashirvaad,597,23,LOW,41,2026-10-08
LULU-ORD-4939,LULU-CLT-01,Basmati Rice 5kg,Grocery,India Gate,233,29,LOW,180,2026-10-14
LULU-ORD-4940,LULU-KOCHI-01,Atta 10kg,Grocery,Aashirvaad,313,20,LOW,161,2026-10-05
LULU-ORD-4941,LULU-KOCHI-01,Milma Curd 500g,Dairy,Milma,182,38,LOW,22,2026-10-23
LULU-ORD-4942,LULU-TVM-01,Banana Chips 1kg,Snacks,Local Kerala,415,19,LOW,21,2026-10-04
LULU-ORD-4943,LULU-KOCHI-01,Chicken 1kg,Meat,Suguna,451,18,LOW,23,2026-10-03
LULU-ORD-4944,LULU-KOCHI-01,Basmati Rice 5kg,Grocery,India Gate,472,14,MEDIUM,36,2026-09-29
LULU-ORD-4945,LULU-CLT-01,Dates 500g,Dry Fruits,Lulu Import,491,35,LOW,46,2026-10-20
LULU-ORD-4946,LULU-TVM-01,Lulu Gold Coin,Jewellery,Lulu Gold,521,43,LOW,53,2026-10-28
LULU-ORD-4947,LULU-CLT-02,Banana Chips 1kg,Snacks,Local Kerala,86,1,MEDIUM,173,2026-09-16
LULU-ORD-4948,LULU-TVM-01,Chicken 1kg,Meat,Suguna,513,38,LOW,56,2026-10-23
LULU-ORD-4949,LULU-TVM-01,Chicken 1kg,Meat,Suguna,208,17,LOW,117,2026-10-02
LULU-ORD-4950,LULU-KOCHI-01,Banana Chips 1kg,Snacks,Local Kerala,596,35,LOW,198,2026-10-20
LULU-ORD-4951,LULU-KOCHI-02,Lulu Gold Coin,Jewellery,Lulu Gold,458,15,MEDIUM,69,2026-09-30
LULU-ORD-4952,LULU-TVM-01,Atta 10kg,Grocery,Aashirvaad,258,8,MEDIUM,55,2026-09-23
LULU-ORD-4953,LULU-CLT-01,Atta 10kg,Grocery,Aashirvaad,336,27,LOW,96,2026-10-12
LULU-ORD-4954,LULU-CLT-01,Basmati Rice 5kg,Grocery,India Gate,596,29,LOW,136,2026-10-14
LULU-ORD-4955,LULU-KOCHI-02,Mango 1kg,Fruits,Local Farm,567,41,LOW,113,2026-10-26
LULU-ORD-4956,LULU-CLT-01,Chicken 1kg,Meat,Suguna,474,31,LOW,113,2026-10-16
LULU-ORD-4957,LULU-TVM-01,Lulu Gold Coin,Jewellery,Lulu Gold,251,26,LOW,47,2026-10-11
LULU-ORD-4958,LULU-KOCHI-02,Milma Curd 500g,Dairy,Milma,383,1,HIGH,148,2026-09-16
LULU-ORD-4959,LULU-CLT-02,Banana Chips 1kg,Snacks,Local Kerala,96,43,LOW,56,2026-10-28
LULU-ORD-4960,LULU-CLT-02,Basmati Rice 5kg,Grocery,India Gate,367,21,LOW,32,2026-10-06
LULU-ORD-4961,LULU-KOCHI-01,Dates 500g,Dry Fruits,Lulu Import,384,1,HIGH,148,2026-09-16
LULU-ORD-4962,LULU-KOCHI-01,Lulu Gold Coin,Jewellery,Lulu Gold,117,44,LOW,113,2026-10-29
LULU-ORD-4963,LULU-TVM-01,Mango 1kg,Fruits,Local Farm,163,5,HIGH,176,2026-09-20
LULU-ORD-4964,LULU-CLT-02,Banana Chips 1kg,Snacks,Local Kerala,84,37,LOW,93,2026-10-22
LULU-ORD-4965,LULU-TVM-01,Mango 1kg,Fruits,Local Farm,417,30,LOW,20,2026-10-15
LULU-ORD-4966,LULU-KOCHI-01,Atta 10kg,Grocery,Aashirvaad,557,44,LOW,70,2026-10-29
LULU-ORD-4967,LULU-TVM-01,Dates 500g,Dry Fruits,Lulu Import,564,19,LOW,14,2026-10-04
LULU-ORD-4968,LULU-KOCHI-01,Banana Chips 1kg,Snacks,Local Kerala,139,3,HIGH,18,2026-09-18
LULU-ORD-4969,LULU-TVM-01,Mango 1kg,Fruits,Local Farm,245,43,LOW,120,2026-10-28
LULU-ORD-4970,LULU-KOCHI-01,Mango 1kg,Fruits,Local Farm,266,33,LOW,175,2026-10-18
LULU-ORD-4971,LULU-KOCHI-01,Banana Chips 1kg,Snacks,Local Kerala,315,39,LOW,198,2026-10-24
LULU-ORD-4972,LULU-CLT-01,Mango 1kg,Fruits,Local Farm,534,36,LOW,175,2026-10-21
LULU-ORD-4973,LULU-KOCHI-02,Chicken 1kg,Meat,Suguna,300,23,LOW,170,2026-10-08
LULU-ORD-4974,LULU-CLT-01,Atta 10kg,Grocery,Aashirvaad,529,30,LOW,187,2026-10-15
LULU-ORD-4975,LULU-CLT-02,Lulu Gold Coin,Jewellery,Lulu Gold,103,23,LOW,70,2026-10-08
LULU-ORD-4976,LULU-KOCHI-02,Atta 10kg,Grocery,Aashirvaad,421,29,LOW,132,2026-10-14
LULU-ORD-4977,LULU-CLT-02,Basmati Rice 5kg,Grocery,India Gate,562,43,LOW,16,2026-10-28
LULU-ORD-4978,LULU-KOCHI-02,Mango 1kg,Fruits,Local Farm,472,18,LOW,29,2026-10-03
LULU-ORD-4979,LULU-KOCHI-02,Mango 1kg,Fruits,Local Farm,75,41,LOW,136,2026-10-26
LULU-ORD-4980,LULU-KOCHI-02,Mango 1kg,Fruits,Local Farm,554,32,LOW,148,2026-10-17
LULU-ORD-4981,LULU-TVM-01,Banana Chips 1kg,Snacks,Local Kerala,598,28,LOW,137,2026-10-13
LULU-ORD-4982,LULU-TVM-01,Banana Chips 1kg,Snacks,Local Kerala,142,21,LOW,157,2026-10-06
LULU-ORD-4983,LULU-TVM-01,Basmati Rice 5kg,Grocery,India Gate,515,3,HIGH,91,2026-09-18
LULU-ORD-4984,LULU-CLT-02,Atta 10kg,Grocery,Aashirvaad,10,26,LOW,184,2026-10-11
LULU-ORD-4985,LULU-KOCHI-01,Basmati Rice 5kg,Grocery,India Gate,387,4,HIGH,17,2026-09-19
LULU-ORD-4986,LULU-TVM-01,Bread Loaf,Bakery,Modern,409,25,LOW,94,2026-10-10
LULU-ORD-4987,LULU-CLT-01,Lulu Gold Coin,Jewellery,Lulu Gold,592,3,HIGH,182,2026-09-18
LULU-ORD-4988,LULU-TVM-01,Chicken 1kg,Meat,Suguna,181,18,LOW,55,2026-10-03
LULU-ORD-4989,LULU-KOCHI-01,Bread Loaf,Bakery,Modern,393,18,LOW,56,2026-10-03
LULU-ORD-4990,LULU-TVM-01,Atta 10kg,Grocery,Aashirvaad,412,30,LOW,110,2026-10-15
LULU-ORD-4991,LULU-TVM-01,Basmati Rice 5kg,Grocery,India Gate,153,23,LOW,85,2026-10-08
LULU-ORD-4992,LULU-CLT-02,Banana Chips 1kg,Snacks,Local Kerala,262,41,LOW,184,2026-10-26
LULU-ORD-4993,LULU-KOCHI-02,Atta 10kg,Grocery,Aashirvaad,599,18,LOW,66,2026-10-03
LULU-ORD-4994,LULU-CLT-01,Basmati Rice 5kg,Grocery,India Gate,569,37,LOW,97,2026-10-22
LULU-ORD-4995,LULU-CLT-01,Dates 500g,Dry Fruits,Lulu Import,178,17,LOW,185,2026-10-02
LULU-ORD-4996,LULU-KOCHI-01,Bread Loaf,Bakery,Modern,201,35,LOW,194,2026-10-20
LULU-ORD-4997,LULU-KOCHI-02,Lulu Gold Coin,Jewellery,Lulu Gold,192,22,LOW,52,2026-10-07
LULU-ORD-4998,LULU-TVM-01,Mango 1kg,Fruits,Local Farm,185,26,LOW,66,2026-10-11
LULU-ORD-4999,LULU-TVM-01,Basmati Rice 5kg,Grocery,India Gate,361,34,LOW,185,2026-10-19
LULU-ORD-5000,LULU-TVM-01,Bread Loaf,Bakery,Modern,114,15,MEDIUM,37,2026-09-30
LULU-ORD-5001,LULU-KOCHI-01,Atta 10kg,Grocery,Aashirvaad,410,24,LOW,16,2026-10-09
LULU-ORD-5002,LULU-KOCHI-02,Lulu Gold Coin,Jewellery,Lulu Gold,541,17,LOW,153,2026-10-02
LULU-ORD-5003,LULU-KOCHI-01,Bread Loaf,Bakery,Modern,26,40,LOW,134,2026-10-25
LULU-ORD-5004,LULU-CLT-01,Paneer 200g,Dairy,Milma,277,15,MEDIUM,59,2026-09-30
LULU-ORD-5005,LULU-TVM-01,Paneer 200g,Dairy,Milma,132,44,LOW,157,2026-10-29
LULU-ORD-5006,LULU-TVM-01,Chicken 1kg,Meat,Suguna,125,31,LOW,133,2026-10-16
LULU-ORD-5007,LULU-TVM-01,Banana Chips 1kg,Snacks,Local Kerala,58,13,MEDIUM,190,2026-09-28
LULU-ORD-5008,LULU-CLT-01,Bread Loaf,Bakery,Modern,251,18,LOW,32,2026-10-03
LULU-ORD-5009,LULU-KOCHI-01,Bread Loaf,Bakery,Modern,225,26,LOW,32,2026-10-11
LULU-ORD-5010,LULU-CLT-01,Bread Loaf,Bakery,Modern,310,30,LOW,93,2026-10-15
LULU-ORD-5011,LULU-CLT-02,Bread Loaf,Bakery,Modern,217,7,MEDIUM,196,2026-09-22
LULU-ORD-5012,LULU-CLT-02,Banana Chips 1kg,Snacks,Local Kerala,384,40,LOW,117,2026-10-25
LULU-ORD-5013,LULU-CLT-02,Lulu Gold Coin,Jewellery,Lulu Gold,547,7,MEDIUM,119,2026-09-22
LULU-ORD-5014,LULU-CLT-01,Lulu Gold Coin,Jewellery,Lulu Gold,334,3,HIGH,168,2026-09-18
LULU-ORD-5015,LULU-CLT-01,Paneer 200g,Dairy,Milma,163,45,LOW,82,2026-10-30
LULU-ORD-5016,LULU-CLT-02,Chicken 1kg,Meat,Suguna,46,23,LOW,126,2026-10-08
LULU-ORD-5017,LULU-TVM-01,Dates 500g,Dry Fruits,Lulu Import,551,8,MEDIUM,144,2026-09-23
LULU-ORD-5018,LULU-TVM-01,Lulu Gold Coin,Jewellery,Lulu Gold,584,4,HIGH,197,2026-09-19
LULU-ORD-5019,LULU-KOCHI-01,Banana Chips 1kg,Snacks,Local Kerala,499,1,HIGH,102,2026-09-16
LULU-ORD-5020,LULU-TVM-01,Banana Chips 1kg,Snacks,Local Kerala,250,33,LOW,152,2026-10-18
LULU-ORD-5021,LULU-CLT-02,Bread Loaf,Bakery,Modern,421,11,MEDIUM,94,2026-09-26
LULU-ORD-5022,LULU-CLT-01,Atta 10kg,Grocery,Aashirvaad,448,27,LOW,93,2026-10-12
LULU-ORD-5023,LULU-KOCHI-02,Mango 1kg,Fruits,Local Farm,528,27,LOW,147,2026-10-12
LULU-ORD-5024,LULU-CLT-02,Lulu Gold Coin,Jewellery,Lulu Gold,296,20,LOW,45,2026-10-05
LULU-ORD-5025,LULU-KOCHI-01,Lulu Gold Coin,Jewellery,Lulu Gold,355,33,LOW,199,2026-10-18
LULU-ORD-5026,LULU-KOCHI-01,Paneer 200g,Dairy,Milma,564,41,LOW,197,2026-10-26
LULU-ORD-5027,LULU-KOCHI-01,Mango 1kg,Fruits,Local Farm,442,24,LOW,192,2026-10-09
LULU-ORD-5028,LULU-TVM-01,Mango 1kg,Fruits,Local Farm,304,12,MEDIUM,42,2026-09-27
LULU-ORD-5029,LULU-KOCHI-02,Paneer 200g,Dairy,Milma,131,6,MEDIUM,95,2026-09-21
LULU-ORD-5030,LULU-CLT-01,Milma Curd 500g,Dairy,Milma,149,1,HIGH,20,2026-09-16
LULU-ORD-5031,LULU-CLT-02,Banana Chips 1kg,Snacks,Local Kerala,324,24,LOW,160,2026-10-09
LULU-ORD-5032,LULU-CLT-02,Basmati Rice 5kg,Grocery,India Gate,84,16,LOW,174,2026-10-01
LULU-ORD-5033,LULU-CLT-01,Chicken 1kg,Meat,Suguna,343,21,LOW,63,2026-10-06
LULU-ORD-5034,LULU-KOCHI-02,Milma Curd 500g,Dairy,Milma,341,22,LOW,18,2026-10-07
LULU-ORD-5035,LULU-KOCHI-02,Atta 10kg,Grocery,Aashirvaad,218,41,LOW,152,2026-10-26
LULU-ORD-5036,LULU-KOCHI-01,Banana Chips 1kg,Snacks,Local Kerala,112,19,LOW,82,2026-10-04
LULU-ORD-5037,LULU-KOCHI-02,Atta 10kg,Grocery,Aashirvaad,547,40,LOW,108,2026-10-25
LULU-ORD-5038,LULU-KOCHI-02,Mango 1kg,Fruits,Local Farm,512,10,MEDIUM,186,2026-09-25
LULU-ORD-5039,LULU-KOCHI-02,Basmati Rice 5kg,Grocery,India Gate,443,29,LOW,194,2026-10-14
LULU-ORD-5040,LULU-CLT-01,Paneer 200g,Dairy,Milma,433,10,MEDIUM,43,2026-09-25
LULU-ORD-5041,LULU-KOCHI-01,Bread Loaf,Bakery,Modern,537,11,MEDIUM,83,2026-09-26
LULU-ORD-5042,LULU-CLT-02,Basmati Rice 5kg,Grocery,India Gate,81,34,LOW,54,2026-10-19
LULU-ORD-5043,LULU-CLT-02,Atta 10kg,Grocery,Aashirvaad,118,9,MEDIUM,26,2026-09-24
LULU-ORD-5044,LULU-CLT-02,Banana Chips 1kg,Snacks,Local Kerala,214,39,LOW,175,2026-10-24
LULU-ORD-5045,LULU-CLT-01,Milma Curd 500g,Dairy,Milma,322,40,LOW,25,2026-10-25
LULU-ORD-5046,LULU-TVM-01,Dates 500g,Dry Fruits,Lulu Import,18,6,LOW,72,2026-09-21
LULU-ORD-5047,LULU-CLT-02,Dates 500g,Dry Fruits,Lulu Import,278,32,LOW,62,2026-10-17
LULU-ORD-5048,LULU-CLT-01,Atta 10kg,Grocery,Aashirvaad,484,23,LOW,146,2026-10-08
LULU-ORD-5049,LULU-TVM-01,Banana Chips 1kg,Snacks,Local Kerala,492,26,LOW,190,2026-10-11
LULU-ORD-5050,LULU-CLT-02,Chicken 1kg,Meat,Suguna,476,12,MEDIUM,99,2026-09-27
LULU-ORD-5051,LULU-KOCHI-01,Lulu Gold Coin,Jewellery,Lulu Gold,485,21,LOW,102,2026-10-06
LULU-ORD-5052,LULU-CLT-02,Atta 10kg,Grocery,Aashirvaad,282,31,LOW,107,2026-10-16
LULU-ORD-5053,LULU-KOCHI-01,Banana Chips 1kg,Snacks,Local Kerala,594,3,HIGH,46,2026-09-18
LULU-ORD-5054,LULU-KOCHI-02,Mango 1kg,Fruits,Local Farm,102,33,LOW,107,2026-10-18
LULU-ORD-5055,LULU-KOCHI-02,Atta 10kg,Grocery,Aashirvaad,256,7,MEDIUM,23,2026-09-22
LULU-ORD-5056,LULU-CLT-01,Atta 10kg,Grocery,Aashirvaad,196,29,LOW,175,2026-10-14
LULU-ORD-5057,LULU-KOCHI-02,Lulu Gold Coin,Jewellery,Lulu Gold,189,5,HIGH,185,2026-09-20
LULU-ORD-5058,LULU-CLT-02,Basmati Rice 5kg,Grocery,India Gate,213,29,LOW,154,2026-10-14
LULU-ORD-5059,LULU-KOCHI-01,Mango 1kg,Fruits,Local Farm,200,2,HIGH,56,2026-09-17
LULU-ORD-5060,LULU-TVM-01,Banana Chips 1kg,Snacks,Local Kerala,168,37,LOW,167,2026-10-22
LULU-ORD-5061,LULU-CLT-01,Basmati Rice 5kg,Grocery,India Gate,431,11,MEDIUM,197,2026-09-26
LULU-ORD-5062,LULU-TVM-01,Dates 500g,Dry Fruits,Lulu Import,344,43,LOW,29,2026-10-28
LULU-ORD-5063,LULU-TVM-01,Paneer 200g,Dairy,Milma,251,36,LOW,46,2026-10-21
LULU-ORD-5064,LULU-KOCHI-01,Basmati Rice 5kg,Grocery,India Gate,180,21,LOW,189,2026-10-06
LULU-ORD-5065,LULU-KOCHI-01,Basmati Rice 5kg,Grocery,India Gate,563,14,MEDIUM,152,2026-09-29
LULU-ORD-5066,LULU-CLT-01,Paneer 200g,Dairy,Milma,283,27,LOW,135,2026-10-12
LULU-ORD-5067,LULU-CLT-02,Lulu Gold Coin,Jewellery,Lulu Gold,514,15,MEDIUM,110,2026-09-30
LULU-ORD-5068,LULU-TVM-01,Paneer 200g,Dairy,Milma,263,2,HIGH,95,2026-09-17
LULU-ORD-5069,LULU-KOCHI-02,Paneer 200g,Dairy,Milma,269,37,LOW,166,2026-10-22
LULU-ORD-5070,LULU-TVM-01,Chicken 1kg,Meat,Suguna,194,29,LOW,159,2026-10-14
LULU-ORD-5071,LULU-TVM-01,Lulu Gold Coin,Jewellery,Lulu Gold,12,12,LOW,54,2026-09-27
LULU-ORD-5072,LULU-CLT-01,Lulu Gold Coin,Jewellery,Lulu Gold,81,11,MEDIUM,94,2026-09-26
LULU-ORD-5073,LULU-KOCHI-02,Basmati Rice 5kg,Grocery,India Gate,489,34,LOW,194,2026-10-19
LULU-ORD-5074,LULU-KOCHI-01,Chicken 1kg,Meat,Suguna,229,32,LOW,45,2026-10-17
LULU-ORD-5075,LULU-CLT-02,Mango 1kg,Fruits,Local Farm,581,34,LOW,43,2026-10-19
LULU-ORD-5076,LULU-CLT-01,Banana Chips 1kg,Snacks,Local Kerala,38,44,LOW,44,2026-10-29
LULU-ORD-5077,LULU-TVM-01,Bread Loaf,Bakery,Modern,416,4,HIGH,58,2026-09-19
LULU-ORD-5078,LULU-KOCHI-01,Banana Chips 1kg,Snacks,Local Kerala,48,3,LOW,151,2026-09-18
LULU-ORD-5079,LULU-TVM-01,Lulu Gold Coin,Jewellery,Lulu Gold,486,34,LOW,139,2026-10-19
LULU-ORD-5080,LULU-CLT-02,Mango 1kg,Fruits,Local Farm,458,23,LOW,187,2026-10-08
LULU-ORD-5081,LULU-CLT-02,Bread Loaf,Bakery,Modern,536,23,LOW,70,2026-10-08
LULU-ORD-5082,LULU-CLT-01,Atta 10kg,Grocery,Aashirvaad,413,4,HIGH,61,2026-09-19
LULU-ORD-5083,LULU-CLT-02,Milma Curd 500g,Dairy,Milma,294,20,LOW,109,2026-10-05
LULU-ORD-5084,LULU-KOCHI-01,Chicken 1kg,Meat,Suguna,596,37,LOW,38,2026-10-22
LULU-ORD-5085,LULU-CLT-02,Lulu Gold Coin,Jewellery,Lulu Gold,78,23,LOW,63,2026-10-08
LULU-ORD-5086,LULU-CLT-02,Mango 1kg,Fruits,Local Farm,105,2,HIGH,174,2026-09-17
LULU-ORD-5087,LULU-KOCHI-01,Mango 1kg,Fruits,Local Farm,181,38,LOW,179,2026-10-23
LULU-ORD-5088,LULU-CLT-02,Milma Curd 500g,Dairy,Milma,104,20,LOW,132,2026-10-05
LULU-ORD-5089,LULU-CLT-01,Paneer 200g,Dairy,Milma,533,13,MEDIUM,166,2026-09-28
LULU-ORD-5090,LULU-KOCHI-02,Basmati Rice 5kg,Grocery,India Gate,15,37,LOW,130,2026-10-22
LULU-ORD-5091,LULU-TVM-01,Chicken 1kg,Meat,Suguna,225,44,LOW,137,2026-10-29
LULU-ORD-5092,LULU-KOCHI-02,Chicken 1kg,Meat,Suguna,127,10,MEDIUM,22,2026-09-25
LULU-ORD-5093,LULU-CLT-02,Banana Chips 1kg,Snacks,Local Kerala,165,8,MEDIUM,50,2026-09-23
LULU-ORD-5094,LULU-KOCHI-02,Chicken 1kg,Meat,Suguna,481,27,LOW,179,2026-10-12
LULU-ORD-5095,LULU-TVM-01,Banana Chips 1kg,Snacks,Local Kerala,64,8,MEDIUM,200,2026-09-23
LULU-ORD-5096,LULU-KOCHI-02,Chicken 1kg,Meat,Suguna,128,8,MEDIUM,113,2026-09-23
LULU-ORD-5097,LULU-CLT-01,Chicken 1kg,Meat,Suguna,142,12,MEDIUM,40,2026-09-27
LULU-ORD-5098,LULU-CLT-02,Mango 1kg,Fruits,Local Farm,42,29,LOW,195,2026-10-14
LULU-ORD-5099,LULU-CLT-02,Bread Loaf,Bakery,Modern,551,29,LOW,60,2026-10-14
LULU-ORD-5100,LULU-KOCHI-01,Mango 1kg,Fruits,Local Farm,229,3,HIGH,156,2026-09-18
LULU-ORD-5101,LULU-KOCHI-01,Basmati Rice 5kg,Grocery,India Gate,451,25,LOW,63,2026-10-10
LULU-ORD-5102,LULU-CLT-02,Atta 10kg,Grocery,Aashirvaad,23,43,LOW,126,2026-10-28
LULU-ORD-5103,LULU-CLT-02,Paneer 200g,Dairy,Milma,543,7,MEDIUM,82,2026-09-22
LULU-ORD-5104,LULU-KOCHI-01,Banana Chips 1kg,Snacks,Local Kerala,112,6,MEDIUM,15,2026-09-21
LULU-ORD-5105,LULU-TVM-01,Atta 10kg,Grocery,Aashirvaad,414,41,LOW,45,2026-10-26
LULU-ORD-5106,LULU-KOCHI-01,Bread Loaf,Bakery,Modern,18,37,LOW,44,2026-10-22
LULU-ORD-5107,LULU-CLT-02,Banana Chips 1kg,Snacks,Local Kerala,303,25,LOW,14,2026-10-10
LULU-ORD-5108,LULU-KOCHI-01,Mango 1kg,Fruits,Local Farm,208,45,LOW,99,2026-10-30
LULU-ORD-5109,LULU-CLT-01,Dates 500g,Dry Fruits,Lulu Import,77,42,LOW,64,2026-10-27
LULU-ORD-5110,LULU-TVM-01,Mango 1kg,Fruits,Local Farm,363,9,MEDIUM,137,2026-09-24
LULU-ORD-5111,LULU-KOCHI-02,Milma Curd 500g,Dairy,Milma,109,15,MEDIUM,40,2026-09-30
LULU-ORD-5112,LULU-KOCHI-02,Banana Chips 1kg,Snacks,Local Kerala,292,13,MEDIUM,101,2026-09-28
LULU-ORD-5113,LULU-KOCHI-01,Atta 10kg,Grocery,Aashirvaad,344,35,LOW,109,2026-10-20
LULU-ORD-5114,LULU-CLT-01,Paneer 200g,Dairy,Milma,143,14,MEDIUM,76,2026-09-29
LULU-ORD-5115,LULU-CLT-02,Chicken 1kg,Meat,Suguna,169,2,HIGH,133,2026-09-17
LULU-ORD-5116,LULU-KOCHI-01,Milma Curd 500g,Dairy,Milma,442,8,MEDIUM,167,2026-09-23
LULU-ORD-5117,LULU-TVM-01,Banana Chips 1kg,Snacks,Local Kerala,500,15,MEDIUM,136,2026-09-30
LULU-ORD-5118,LULU-TVM-01,Paneer 200g,Dairy,Milma,71,11,MEDIUM,168,2026-09-26
LULU-ORD-5119,LULU-KOCHI-02,Milma Curd 500g,Dairy,Milma,463,6,MEDIUM,119,2026-09-21
LULU-ORD-5120,LULU-CLT-02,Mango 1kg,Fruits,Local Farm,32,27,LOW,43,2026-10-12
LULU-ORD-5121,LULU-CLT-01,Banana Chips 1kg,Snacks,Local Kerala,298,34,LOW,97,2026-10-19
LULU-ORD-5122,LULU-CLT-01,Bread Loaf,Bakery,Modern,277,11,MEDIUM,66,2026-09-26
LULU-ORD-5123,LULU-CLT-01,Paneer 200g,Dairy,Milma,43,16,LOW,41,2026-10-01
LULU-ORD-5124,LULU-KOCHI-02,Milma Curd 500g,Dairy,Milma,381,26,LOW,154,2026-10-11
LULU-ORD-5125,LULU-KOCHI-01,Lulu Gold Coin,Jewellery,Lulu Gold,387,28,LOW,169,2026-10-13
LULU-ORD-5126,LULU-TVM-01,Chicken 1kg,Meat,Suguna,389,29,LOW,183,2026-10-14
LULU-ORD-5127,LULU-KOCHI-02,Bread Loaf,Bakery,Modern,390,19,LOW,54,2026-10-04
LULU-ORD-5128,LULU-CLT-01,Basmati Rice 5kg,Grocery,India Gate,267,31,LOW,45,2026-10-16
LULU-ORD-5129,LULU-CLT-01,Paneer 200g,Dairy,Milma,482,28,LOW,38,2026-10-13
LULU-ORD-5130,LULU-CLT-01,Milma Curd 500g,Dairy,Milma,578,4,HIGH,141,2026-09-19
LULU-ORD-5131,LULU-CLT-01,Chicken 1kg,Meat,Suguna,49,14,LOW,198,2026-09-29
LULU-ORD-5132,LULU-CLT-01,Dates 500g,Dry Fruits,Lulu Import,577,15,MEDIUM,125,2026-09-30
LULU-ORD-5133,LULU-KOCHI-02,Dates 500g,Dry Fruits,Lulu Import,292,6,MEDIUM,51,2026-09-21
LULU-ORD-5134,LULU-TVM-01,Dates 500g,Dry Fruits,Lulu Import,538,3,HIGH,13,2026-09-18
LULU-ORD-5135,LULU-KOCHI-01,Atta 10kg,Grocery,Aashirvaad,109,43,LOW,124,2026-10-28
LULU-ORD-5136,LULU-CLT-01,Chicken 1kg,Meat,Suguna,161,38,LOW,194,2026-10-23
LULU-ORD-5137,LULU-KOCHI-02,Chicken 1kg,Meat,Suguna,360,4,HIGH,31,2026-09-19
LULU-ORD-5138,LULU-KOCHI-02,Basmati Rice 5kg,Grocery,India Gate,530,3,HIGH,125,2026-09-18
LULU-ORD-5139,LULU-KOCHI-02,Chicken 1kg,Meat,Suguna,262,4,HIGH,192,2026-09-19
LULU-ORD-5140,LULU-CLT-01,Basmati Rice 5kg,Grocery,India Gate,350,6,MEDIUM,83,2026-09-21
LULU-ORD-5141,LULU-KOCHI-02,Bread Loaf,Bakery,Modern,553,18,LOW,86,2026-10-03
LULU-ORD-5142,LULU-CLT-01,Basmati Rice 5kg,Grocery,India Gate,420,12,MEDIUM,190,2026-09-27
LULU-ORD-5143,LULU-TVM-01,Basmati Rice 5kg,Grocery,India Gate,35,2,LOW,121,2026-09-17
LULU-ORD-5144,LULU-TVM-01,Banana Chips 1kg,Snacks,Local Kerala,367,35,LOW,183,2026-10-20
LULU-ORD-5145,LULU-KOCHI-02,Bread Loaf,Bakery,Modern,467,28,LOW,162,2026-10-13
LULU-ORD-5146,LULU-CLT-02,Paneer 200g,Dairy,Milma,518,2,HIGH,40,2026-09-17
LULU-ORD-5147,LULU-CLT-02,Atta 10kg,Grocery,Aashirvaad,15,22,LOW,181,2026-10-07
LULU-ORD-5148,LULU-KOCHI-02,Basmati Rice 5kg,Grocery,India Gate,422,11,MEDIUM,75,2026-09-26
LULU-ORD-5149,LULU-CLT-02,Dates 500g,Dry Fruits,Lulu Import,413,28,LOW,30,2026-10-13
LULU-ORD-5150,LULU-CLT-02,Bread Loaf,Bakery,Modern,75,34,LOW,45,2026-10-19
LULU-ORD-5151,LULU-CLT-01,Lulu Gold Coin,Jewellery,Lulu Gold,29,3,LOW,78,2026-09-18
LULU-ORD-5152,LULU-CLT-01,Dates 500g,Dry Fruits,Lulu Import,434,28,LOW,89,2026-10-13
LULU-ORD-5153,LULU-CLT-01,Bread Loaf,Bakery,Modern,35,5,LOW,22,2026-09-20
LULU-ORD-5154,LULU-KOCHI-02,Lulu Gold Coin,Jewellery,Lulu Gold,507,43,LOW,41,2026-10-28
LULU-ORD-5155,LULU-KOCHI-01,Paneer 200g,Dairy,Milma,48,2,LOW,159,2026-09-17
LULU-ORD-5156,LULU-CLT-01,Basmati Rice 5kg,Grocery,India Gate,566,36,LOW,193,2026-10-21
LULU-ORD-5157,LULU-CLT-01,Mango 1kg,Fruits,Local Farm,286,37,LOW,90,2026-10-22
LULU-ORD-5158,LULU-CLT-02,Basmati Rice 5kg,Grocery,India Gate,77,21,LOW,20,2026-10-06
LULU-ORD-5159,LULU-TVM-01,Paneer 200g,Dairy,Milma,523,3,HIGH,86,2026-09-18
LULU-ORD-5160,LULU-TVM-01,Mango 1kg,Fruits,Local Farm,518,26,LOW,145,2026-10-11
LULU-ORD-5161,LULU-CLT-01,Lulu Gold Coin,Jewellery,Lulu Gold,239,42,LOW,60,2026-10-27
LULU-ORD-5162,LULU-CLT-01,Lulu Gold Coin,Jewellery,Lulu Gold,459,44,LOW,116,2026-10-29
LULU-ORD-5163,LULU-CLT-01,Dates 500g,Dry Fruits,Lulu Import,579,19,LOW,115,2026-10-04
LULU-ORD-5164,LULU-CLT-02,Dates 500g,Dry Fruits,Lulu Import,111,10,MEDIUM,134,2026-09-25
LULU-ORD-5165,LULU-KOCHI-02,Paneer 200g,Dairy,Milma,60,32,LOW,156,2026-10-17
LULU-ORD-5166,LULU-CLT-02,Paneer 200g,Dairy,Milma,264,15,MEDIUM,92,2026-09-30
LULU-ORD-5167,LULU-TVM-01,Dates 500g,Dry Fruits,Lulu Import,197,14,MEDIUM,181,2026-09-29
LULU-ORD-5168,LULU-TVM-01,Mango 1kg,Fruits,Local Farm,306,38,LOW,39,2026-10-23
LULU-ORD-5169,LULU-CLT-01,Mango 1kg,Fruits,Local Farm,466,1,HIGH,192,2026-09-16
LULU-ORD-5170,LULU-CLT-02,Paneer 200g,Dairy,Milma,179,28,LOW,16,2026-10-13
LULU-ORD-5171,LULU-TVM-01,Basmati Rice 5kg,Grocery,India Gate,488,4,HIGH,127,2026-09-19
LULU-ORD-5172,LULU-CLT-01,Atta 10kg,Grocery,Aashirvaad,185,7,MEDIUM,115,2026-09-22
LULU-ORD-5173,LULU-CLT-01,Milma Curd 500g,Dairy,Milma,172,43,LOW,171,2026-10-28
LULU-ORD-5174,LULU-CLT-01,Paneer 200g,Dairy,Milma,107,35,LOW,70,2026-10-20
LULU-ORD-5175,LULU-TVM-01,Bread Loaf,Bakery,Modern,595,33,LOW,139,2026-10-18
LULU-ORD-5176,LULU-CLT-01,Mango 1kg,Fruits,Local Farm,469,10,MEDIUM,31,2026-09-25
LULU-ORD-5177,LULU-TVM-01,Lulu Gold Coin,Jewellery,Lulu Gold,32,35,LOW,170,2026-10-20
LULU-ORD-5178,LULU-TVM-01,Mango 1kg,Fruits,Local Farm,306,43,LOW,17,2026-10-28
LULU-ORD-5179,LULU-KOCHI-01,Chicken 1kg,Meat,Suguna,569,26,LOW,87,2026-10-11
LULU-ORD-5180,LULU-CLT-01,Atta 10kg,Grocery,Aashirvaad,151,11,MEDIUM,125,2026-09-26
LULU-ORD-5181,LULU-CLT-02,Bread Loaf,Bakery,Modern,544,33,LOW,156,2026-10-18
LULU-ORD-5182,LULU-KOCHI-02,Lulu Gold Coin,Jewellery,Lulu Gold,529,24,LOW,12,2026-10-09
LULU-ORD-5183,LULU-CLT-01,Atta 10kg,Grocery,Aashirvaad,186,4,HIGH,76,2026-09-19
LULU-ORD-5184,LULU-KOCHI-02,Atta 10kg,Grocery,Aashirvaad,57,27,LOW,91,2026-10-12
LULU-ORD-5185,LULU-CLT-02,Lulu Gold Coin,Jewellery,Lulu Gold,105,12,MEDIUM,107,2026-09-27
LULU-ORD-5186,LULU-TVM-01,Mango 1kg,Fruits,Local Farm,97,20,LOW,113,2026-10-05
LULU-ORD-5187,LULU-TVM-01,Chicken 1kg,Meat,Suguna,96,11,MEDIUM,137,2026-09-26
LULU-ORD-5188,LULU-TVM-01,Mango 1kg,Fruits,Local Farm,286,11,MEDIUM,181,2026-09-26
LULU-ORD-5189,LULU-CLT-02,Dates 500g,Dry Fruits,Lulu Import,583,33,LOW,128,2026-10-18
LULU-ORD-5190,LULU-CLT-01,Dates 500g,Dry Fruits,Lulu Import,498,43,LOW,78,2026-10-28
LULU-ORD-5191,LULU-CLT-01,Milma Curd 500g,Dairy,Milma,373,15,MEDIUM,76,2026-09-30
LULU-ORD-5192,LULU-KOCHI-01,Chicken 1kg,Meat,Suguna,443,8,MEDIUM,119,2026-09-23
LULU-ORD-5193,LULU-CLT-02,Milma Curd 500g,Dairy,Milma,516,36,LOW,55,2026-10-21
LULU-ORD-5194,LULU-TVM-01,Lulu Gold Coin,Jewellery,Lulu Gold,300,44,LOW,152,2026-10-29
LULU-ORD-5195,LULU-KOCHI-01,Basmati Rice 5kg,Grocery,India Gate,351,25,LOW,37,2026-10-10
LULU-ORD-5196,LULU-KOCHI-01,Lulu Gold Coin,Jewellery,Lulu Gold,417,12,MEDIUM,173,2026-09-27
LULU-ORD-5197,LULU-KOCHI-01,Milma Curd 500g,Dairy,Milma,441,45,LOW,166,2026-10-30
LULU-ORD-5198,LULU-CLT-02,Dates 500g,Dry Fruits,Lulu Import,402,35,LOW,194,2026-10-20
LULU-ORD-5199,LULU-KOCHI-01,Paneer 200g,Dairy,Milma,449,2,HIGH,125,2026-09-17
LULU-ORD-5200,LULU-CLT-01,Atta 10kg,Grocery,Aashirvaad,329,10,MEDIUM,123,2026-09-25
LULU-ORD-5201,LULU-KOCHI-01,Milma Curd 500g,Dairy,Milma,166,36,LOW,36,2026-10-21
LULU-ORD-5202,LULU-KOCHI-01,Dates 500g,Dry Fruits,Lulu Import,155,11,MEDIUM,158,2026-09-26
LULU-ORD-5203,LULU-TVM-01,Basmati Rice 5kg,Grocery,India Gate,426,18,LOW,149,2026-10-03
LULU-ORD-5204,LULU-TVM-01,Banana Chips 1kg,Snacks,Local Kerala,10,33,LOW,66,2026-10-18
LULU-ORD-5205,LULU-TVM-01,Paneer 200g,Dairy,Milma,557,26,LOW,188,2026-10-11
LULU-ORD-5206,LULU-CLT-01,Atta 10kg,Grocery,Aashirvaad,243,40,LOW,121,2026-10-25
LULU-ORD-5207,LULU-KOCHI-02,Banana Chips 1kg,Snacks,Local Kerala,274,26,LOW,48,2026-10-11
LULU-ORD-5208,LULU-TVM-01,Atta 10kg,Grocery,Aashirvaad,465,39,LOW,27,2026-10-24
LULU-ORD-5209,LULU-CLT-01,Dates 500g,Dry Fruits,Lulu Import,32,40,LOW,32,2026-10-25
LULU-ORD-5210,LULU-CLT-01,Paneer 200g,Dairy,Milma,85,14,MEDIUM,160,2026-09-29
LULU-ORD-5211,LULU-TVM-01,Basmati Rice 5kg,Grocery,India Gate,376,43,LOW,173,2026-10-28
LULU-ORD-5212,LULU-CLT-01,Banana Chips 1kg,Snacks,Local Kerala,219,27,LOW,69,2026-10-12
LULU-ORD-5213,LULU-CLT-01,Basmati Rice 5kg,Grocery,India Gate,496,27,LOW,97,2026-10-12
LULU-ORD-5214,LULU-KOCHI-01,Banana Chips 1kg,Snacks,Local Kerala,264,3,HIGH,92,2026-09-18
LULU-ORD-5215,LULU-KOCHI-02,Atta 10kg,Grocery,Aashirvaad,533,7,MEDIUM,95,2026-09-22
LULU-ORD-5216,LULU-KOCHI-01,Milma Curd 500g,Dairy,Milma,179,24,LOW,87,2026-10-09
LULU-ORD-5217,LULU-CLT-01,Lulu Gold Coin,Jewellery,Lulu Gold,158,17,LOW,167,2026-10-02
LULU-ORD-5218,LULU-CLT-01,Chicken 1kg,Meat,Suguna,449,21,LOW,59,2026-10-06
LULU-ORD-5219,LULU-TVM-01,Paneer 200g,Dairy,Milma,290,2,HIGH,116,2026-09-17
LULU-ORD-5220,LULU-KOCHI-02,Dates 500g,Dry Fruits,Lulu Import,74,31,LOW,26,2026-10-16
LULU-ORD-5221,LULU-KOCHI-01,Atta 10kg,Grocery,Aashirvaad,139,45,LOW,162,2026-10-30
LULU-ORD-5222,LULU-CLT-01,Atta 10kg,Grocery,Aashirvaad,596,35,LOW,149,2026-10-20
LULU-ORD-5223,LULU-KOCHI-02,Atta 10kg,Grocery,Aashirvaad,12,26,LOW,151,2026-10-11
LULU-ORD-5224,LULU-CLT-01,Banana Chips 1kg,Snacks,Local Kerala,109,18,LOW,123,2026-10-03
LULU-ORD-5225,LULU-CLT-01,Paneer 200g,Dairy,Milma,433,34,LOW,67,2026-10-19
LULU-ORD-5226,LULU-KOCHI-02,Bread Loaf,Bakery,Modern,199,26,LOW,77,2026-10-11
LULU-ORD-5227,LULU-TVM-01,Atta 10kg,Grocery,Aashirvaad,442,40,LOW,168,2026-10-25
LULU-ORD-5228,LULU-TVM-01,Basmati Rice 5kg,Grocery,India Gate,415,45,LOW,150,2026-10-30
LULU-ORD-5229,LULU-KOCHI-02,Lulu Gold Coin,Jewellery,Lulu Gold,329,33,LOW,155,2026-10-18
LULU-ORD-5230,LULU-KOCHI-01,Paneer 200g,Dairy,Milma,102,21,LOW,160,2026-10-06
LULU-ORD-5231,LULU-CLT-01,Paneer 200g,Dairy,Milma,331,43,LOW,38,2026-10-28
LULU-ORD-5232,LULU-CLT-02,Chicken 1kg,Meat,Suguna,148,39,LOW,24,2026-10-24
LULU-ORD-5233,LULU-KOCHI-02,Lulu Gold Coin,Jewellery,Lulu Gold,379,16,LOW,187,2026-10-01
LULU-ORD-5234,LULU-CLT-01,Milma Curd 500g,Dairy,Milma,369,8,MEDIUM,131,2026-09-23
LULU-ORD-5235,LULU-CLT-01,Chicken 1kg,Meat,Suguna,442,44,LOW,68,2026-10-29
LULU-ORD-5236,LULU-KOCHI-02,Mango 1kg,Fruits,Local Farm,560,36,LOW,63,2026-10-21
LULU-ORD-5237,LULU-KOCHI-02,Dates 500g,Dry Fruits,Lulu Import,331,16,LOW,191,2026-10-01
LULU-ORD-5238,LULU-TVM-01,Banana Chips 1kg,Snacks,Local Kerala,112,33,LOW,76,2026-10-18
LULU-ORD-5239,LULU-CLT-01,Bread Loaf,Bakery,Modern,391,39,LOW,107,2026-10-24
LULU-ORD-5240,LULU-CLT-01,Lulu Gold Coin,Jewellery,Lulu Gold,17,4,LOW,162,2026-09-19
LULU-ORD-5241,LULU-KOCHI-01,Mango 1kg,Fruits,Local Farm,318,9,MEDIUM,145,2026-09-24
LULU-ORD-5242,LULU-CLT-01,Mango 1kg,Fruits,Local Farm,266,12,MEDIUM,85,2026-09-27
LULU-ORD-5243,LULU-KOCHI-01,Dates 500g,Dry Fruits,Lulu Import,394,44,LOW,199,2026-10-29
LULU-ORD-5244,LULU-KOCHI-02,Atta 10kg,Grocery,Aashirvaad,455,28,LOW,115,2026-10-13
LULU-ORD-5245,LULU-KOCHI-01,Milma Curd 500g,Dairy,Milma,344,28,LOW,51,2026-10-13
LULU-ORD-5246,LULU-KOCHI-02,Milma Curd 500g,Dairy,Milma,328,21,LOW,103,2026-10-06
LULU-ORD-5247,LULU-TVM-01,Lulu Gold Coin,Jewellery,Lulu Gold,463,22,LOW,17,2026-10-07
LULU-ORD-5248,LULU-KOCHI-01,Mango 1kg,Fruits,Local Farm,471,20,LOW,66,2026-10-05
LULU-ORD-5249,LULU-CLT-01,Basmati Rice 5kg,Grocery,India Gate,528,39,LOW,118,2026-10-24
LULU-ORD-5250,LULU-KOCHI-01,Banana Chips 1kg,Snacks,Local Kerala,258,24,LOW,113,2026-10-09
LULU-ORD-5251,LULU-CLT-02,Dates 500g,Dry Fruits,Lulu Import,143,41,LOW,117,2026-10-26
LULU-ORD-5252,LULU-CLT-01,Bread Loaf,Bakery,Modern,306,4,HIGH,111,2026-09-19
LULU-ORD-5253,LULU-CLT-01,Bread Loaf,Bakery,Modern,365,15,MEDIUM,12,2026-09-30
LULU-ORD-5254,LULU-CLT-01,Dates 500g,Dry Fruits,Lulu Import,174,12,MEDIUM,54,2026-09-27
LULU-ORD-5255,LULU-KOCHI-02,Banana Chips 1kg,Snacks,Local Kerala,311,12,MEDIUM,119,2026-09-27
LULU-ORD-5256,LULU-KOCHI-02,Lulu Gold Coin,Jewellery,Lulu Gold,495,20,LOW,44,2026-10-05
LULU-ORD-5257,LULU-CLT-01,Bread Loaf,Bakery,Modern,78,25,LOW,36,2026-10-10
LULU-ORD-5258,LULU-CLT-01,Chicken 1kg,Meat,Suguna,191,18,LOW,33,2026-10-03
LULU-ORD-5259,LULU-TVM-01,Bread Loaf,Bakery,Modern,525,17,LOW,142,2026-10-02
LULU-ORD-5260,LULU-TVM-01,Dates 500g,Dry Fruits,Lulu Import,71,1,MEDIUM,13,2026-09-16
LULU-ORD-5261,LULU-TVM-01,Chicken 1kg,Meat,Suguna,495,38,LOW,111,2026-10-23
LULU-ORD-5262,LULU-CLT-02,Lulu Gold Coin,Jewellery,Lulu Gold,516,36,LOW,60,2026-10-21
LULU-ORD-5263,LULU-TVM-01,Chicken 1kg,Meat,Suguna,187,37,LOW,101,2026-10-22
LULU-ORD-5264,LULU-KOCHI-02,Lulu Gold Coin,Jewellery,Lulu Gold,23,18,LOW,44,2026-10-03
LULU-ORD-5265,LULU-KOCHI-02,Dates 500g,Dry Fruits,Lulu Import,279,11,MEDIUM,29,2026-09-26
LULU-ORD-5266,LULU-CLT-01,Banana Chips 1kg,Snacks,Local Kerala,123,11,MEDIUM,62,2026-09-26
LULU-ORD-5267,LULU-KOCHI-02,Atta 10kg,Grocery,Aashirvaad,267,15,MEDIUM,97,2026-09-30
LULU-ORD-5268,LULU-TVM-01,Basmati Rice 5kg,Grocery,India Gate,450,23,LOW,196,2026-10-08
LULU-ORD-5269,LULU-KOCHI-02,Dates 500g,Dry Fruits,Lulu Import,555,4,HIGH,151,2026-09-19
LULU-ORD-5270,LULU-KOCHI-01,Bread Loaf,Bakery,Modern,182,24,LOW,141,2026-10-09
LULU-ORD-5271,LULU-CLT-01,Banana Chips 1kg,Snacks,Local Kerala,327,9,MEDIUM,181,2026-09-24
LULU-ORD-5272,LULU-KOCHI-01,Atta 10kg,Grocery,Aashirvaad,248,33,LOW,74,2026-10-18
LULU-ORD-5273,LULU-CLT-01,Bread Loaf,Bakery,Modern,284,4,HIGH,183,2026-09-19
LULU-ORD-5274,LULU-KOCHI-01,Dates 500g,Dry Fruits,Lulu Import,270,20,LOW,83,2026-10-05
LULU-ORD-5275,LULU-CLT-02,Lulu Gold Coin,Jewellery,Lulu Gold,356,10,MEDIUM,29,2026-09-25
LULU-ORD-5276,LULU-CLT-02,Chicken 1kg,Meat,Suguna,153,13,MEDIUM,192,2026-09-28
LULU-ORD-5277,LULU-TVM-01,Lulu Gold Coin,Jewellery,Lulu Gold,302,35,LOW,198,2026-10-20
LULU-ORD-5278,LULU-KOCHI-02,Lulu Gold Coin,Jewellery,Lulu Gold,96,29,LOW,111,2026-10-14
LULU-ORD-5279,LULU-KOCHI-01,Basmati Rice 5kg,Grocery,India Gate,258,43,LOW,175,2026-10-28
LULU-ORD-5280,LULU-CLT-01,Banana Chips 1kg,Snacks,Local Kerala,511,11,MEDIUM,59,2026-09-26
LULU-ORD-5281,LULU-CLT-02,Atta 10kg,Grocery,Aashirvaad,561,25,LOW,28,2026-10-10
LULU-ORD-5282,LULU-TVM-01,Lulu Gold Coin,Jewellery,Lulu Gold,372,1,HIGH,25,2026-09-16
LULU-ORD-5283,LULU-CLT-01,Chicken 1kg,Meat,Suguna,406,16,LOW,75,2026-10-01
LULU-ORD-5284,LULU-KOCHI-02,Bread Loaf,Bakery,Modern,209,3,HIGH,165,2026-09-18
LULU-ORD-5285,LULU-TVM-01,Basmati Rice 5kg,Grocery,India Gate,342,35,LOW,47,2026-10-20
LULU-ORD-5286,LULU-CLT-02,Paneer 200g,Dairy,Milma,244,22,LOW,88,2026-10-07
LULU-ORD-5287,LULU-CLT-01,Milma Curd 500g,Dairy,Milma,46,45,LOW,141,2026-10-30
LULU-ORD-5288,LULU-KOCHI-02,Chicken 1kg,Meat,Suguna,415,29,LOW,139,2026-10-14
LULU-ORD-5289,LULU-KOCHI-02,Paneer 200g,Dairy,Milma,536,5,HIGH,98,2026-09-20
LULU-ORD-5290,LULU-KOCHI-01,Banana Chips 1kg,Snacks,Local Kerala,295,17,LOW,181,2026-10-02
LULU-ORD-5291,LULU-KOCHI-02,Bread Loaf,Bakery,Modern,277,17,LOW,23,2026-10-02
LULU-ORD-5292,LULU-KOCHI-01,Atta 10kg,Grocery,Aashirvaad,225,35,LOW,186,2026-10-20
LULU-ORD-5293,LULU-TVM-01,Chicken 1kg,Meat,Suguna,496,39,LOW,65,2026-10-24
LULU-ORD-5294,LULU-CLT-01,Lulu Gold Coin,Jewellery,Lulu Gold,575,7,MEDIUM,174,2026-09-22
LULU-ORD-5295,LULU-TVM-01,Bread Loaf,Bakery,Modern,256,42,LOW,41,2026-10-27
LULU-ORD-5296,LULU-TVM-01,Banana Chips 1kg,Snacks,Local Kerala,559,30,LOW,141,2026-10-15
LULU-ORD-5297,LULU-TVM-01,Paneer 200g,Dairy,Milma,561,25,LOW,155,2026-10-10
LULU-ORD-5298,LULU-TVM-01,Mango 1kg,Fruits,Local Farm,445,38,LOW,141,2026-10-23
LULU-ORD-5299,LULU-KOCHI-01,Banana Chips 1kg,Snacks,Local Kerala,72,20,LOW,133,2026-10-05
LULU-ORD-5300,LULU-CLT-01,Mango 1kg,Fruits,Local Farm,146,31,LOW,80,2026-10-16
LULU-ORD-5301,LULU-KOCHI-02,Lulu Gold Coin,Jewellery,Lulu Gold,150,17,LOW,69,2026-10-02
LULU-ORD-5302,LULU-TVM-01,Milma Curd 500g,Dairy,Milma,101,39,LOW,107,2026-10-24
LULU-ORD-5303,LULU-CLT-02,Paneer 200g,Dairy,Milma,189,18,LOW,62,2026-10-03
LULU-ORD-5304,LULU-KOCHI-02,Atta 10kg,Grocery,Aashirvaad,241,38,LOW,51,2026-10-23
LULU-ORD-5305,LULU-TVM-01,Atta 10kg,Grocery,Aashirvaad,251,16,LOW,36,2026-10-01
LULU-ORD-5306,LULU-TVM-01,Banana Chips 1kg,Snacks,Local Kerala,125,42,LOW,137,2026-10-27
LULU-ORD-5307,LULU-TVM-01,Milma Curd 500g,Dairy,Milma,411,11,MEDIUM,63,2026-09-26
LULU-ORD-5308,LULU-CLT-01,Banana Chips 1kg,Snacks,Local Kerala,539,33,LOW,192,2026-10-18
LULU-ORD-5309,LULU-CLT-02,Mango 1kg,Fruits,Local Farm,580,14,MEDIUM,47,2026-09-29
LULU-ORD-5310,LULU-CLT-01,Chicken 1kg,Meat,Suguna,55,8,MEDIUM,57,2026-09-23
LULU-ORD-5311,LULU-CLT-01,Basmati Rice 5kg,Grocery,India Gate,189,1,HIGH,26,2026-09-16
LULU-ORD-5312,LULU-KOCHI-02,Atta 10kg,Grocery,Aashirvaad,405,30,LOW,107,2026-10-15
LULU-ORD-5313,LULU-TVM-01,Chicken 1kg,Meat,Suguna,56,2,MEDIUM,171,2026-09-17
LULU-ORD-5314,LULU-KOCHI-02,Mango 1kg,Fruits,Local Farm,581,44,LOW,193,2026-10-29
LULU-ORD-5315,LULU-TVM-01,Dates 500g,Dry Fruits,Lulu Import,134,1,HIGH,31,2026-09-16
LULU-ORD-5316,LULU-KOCHI-02,Paneer 200g,Dairy,Milma,203,24,LOW,33,2026-10-09
LULU-ORD-5317,LULU-TVM-01,Paneer 200g,Dairy,Milma,73,16,LOW,84,2026-10-01
LULU-ORD-5318,LULU-CLT-01,Bread Loaf,Bakery,Modern,259,42,LOW,160,2026-10-27
LULU-ORD-5319,LULU-KOCHI-01,Atta 10kg,Grocery,Aashirvaad,58,31,LOW,117,2026-10-16
LULU-ORD-5320,LULU-KOCHI-01,Atta 10kg,Grocery,Aashirvaad,151,13,MEDIUM,89,2026-09-28
LULU-ORD-5321,LULU-CLT-01,Dates 500g,Dry Fruits,Lulu Import,333,44,LOW,18,2026-10-29
LULU-ORD-5322,LULU-KOCHI-02,Milma Curd 500g,Dairy,Milma,213,2,HIGH,113,2026-09-17
LULU-ORD-5323,LULU-KOCHI-01,Banana Chips 1kg,Snacks,Local Kerala,13,24,LOW,94,2026-10-09
LULU-ORD-5324,LULU-CLT-01,Mango 1kg,Fruits,Local Farm,398,29,LOW,94,2026-10-14
LULU-ORD-5325,LULU-KOCHI-02,Milma Curd 500g,Dairy,Milma,57,28,LOW,181,2026-10-13
LULU-ORD-5326,LULU-CLT-01,Dates 500g,Dry Fruits,Lulu Import,442,18,LOW,28,2026-10-03
LULU-ORD-5327,LULU-KOCHI-01,Milma Curd 500g,Dairy,Milma,412,24,LOW,32,2026-10-09
LULU-ORD-5328,LULU-CLT-01,Chicken 1kg,Meat,Suguna,240,19,LOW,124,2026-10-04
LULU-ORD-5329,LULU-KOCHI-02,Atta 10kg,Grocery,Aashirvaad,341,7,MEDIUM,167,2026-09-22
LULU-ORD-5330,LULU-KOCHI-02,Mango 1kg,Fruits,Local Farm,285,40,LOW,20,2026-10-25
LULU-ORD-5331,LULU-TVM-01,Atta 10kg,Grocery,Aashirvaad,25,24,LOW,59,2026-10-09
LULU-ORD-5332,LULU-CLT-02,Dates 500g,Dry Fruits,Lulu Import,439,36,LOW,85,2026-10-21
LULU-ORD-5333,LULU-TVM-01,Atta 10kg,Grocery,Aashirvaad,154,25,LOW,195,2026-10-10
LULU-ORD-5334,LULU-KOCHI-02,Mango 1kg,Fruits,Local Farm,588,40,LOW,50,2026-10-25
LULU-ORD-5335,LULU-TVM-01,Dates 500g,Dry Fruits,Lulu Import,480,1,HIGH,69,2026-09-16
LULU-ORD-5336,LULU-TVM-01,Atta 10kg,Grocery,Aashirvaad,453,36,LOW,143,2026-10-21
LULU-ORD-5337,LULU-TVM-01,Mango 1kg,Fruits,Local Farm,131,31,LOW,184,2026-10-16
LULU-ORD-5338,LULU-CLT-01,Lulu Gold Coin,Jewellery,Lulu Gold,84,24,LOW,104,2026-10-09
LULU-ORD-5339,LULU-KOCHI-01,Mango 1kg,Fruits,Local Farm,449,12,MEDIUM,126,2026-09-27
LULU-ORD-5340,LULU-KOCHI-02,Chicken 1kg,Meat,Suguna,593,30,LOW,15,2026-10-15
LULU-ORD-5341,LULU-CLT-01,Mango 1kg,Fruits,Local Farm,252,9,MEDIUM,32,2026-09-24
LULU-ORD-5342,LULU-KOCHI-01,Banana Chips 1kg,Snacks,Local Kerala,451,45,LOW,126,2026-10-30
LULU-ORD-5343,LULU-KOCHI-02,Atta 10kg,Grocery,Aashirvaad,582,12,MEDIUM,13,2026-09-27
LULU-ORD-5344,LULU-CLT-01,Paneer 200g,Dairy,Milma,90,36,LOW,156,2026-10-21
LULU-ORD-5345,LULU-KOCHI-02,Bread Loaf,Bakery,Modern,152,5,HIGH,102,2026-09-20
LULU-ORD-5346,LULU-CLT-01,Bread Loaf,Bakery,Modern,532,21,LOW,127,2026-10-06
LULU-ORD-5347,LULU-CLT-01,Lulu Gold Coin,Jewellery,Lulu Gold,477,19,LOW,181,2026-10-04
LULU-ORD-5348,LULU-KOCHI-02,Banana Chips 1kg,Snacks,Local Kerala,509,19,LOW,164,2026-10-04
LULU-ORD-5349,LULU-TVM-01,Banana Chips 1kg,Snacks,Local Kerala,86,7,MEDIUM,182,2026-09-22
LULU-ORD-5350,LULU-CLT-01,Atta 10kg,Grocery,Aashirvaad,158,18,LOW,165,2026-10-03
LULU-ORD-5351,LULU-KOCHI-02,Mango 1kg,Fruits,Local Farm,422,9,MEDIUM,78,2026-09-24
LULU-ORD-5352,LULU-TVM-01,Banana Chips 1kg,Snacks,Local Kerala,176,10,MEDIUM,132,2026-09-25
LULU-ORD-5353,LULU-CLT-01,Bread Loaf,Bakery,Modern,534,38,LOW,125,2026-10-23
LULU-ORD-5354,LULU-KOCHI-01,Milma Curd 500g,Dairy,Milma,280,24,LOW,43,2026-10-09
LULU-ORD-5355,LULU-KOCHI-01,Chicken 1kg,Meat,Suguna,576,23,LOW,105,2026-10-08
LULU-ORD-5356,LULU-KOCHI-02,Lulu Gold Coin,Jewellery,Lulu Gold,56,21,LOW,139,2026-10-06
LULU-ORD-5357,LULU-CLT-02,Banana Chips 1kg,Snacks,Local Kerala,12,37,LOW,42,2026-10-22
LULU-ORD-5358,LULU-TVM-01,Bread Loaf,Bakery,Modern,518,1,HIGH,14,2026-09-16
LULU-ORD-5359,LULU-KOCHI-02,Milma Curd 500g,Dairy,Milma,74,41,LOW,66,2026-10-26
LULU-ORD-5360,LULU-CLT-01,Bread Loaf,Bakery,Modern,429,18,LOW,127,2026-10-03
LULU-ORD-5361,LULU-KOCHI-01,Banana Chips 1kg,Snacks,Local Kerala,226,9,MEDIUM,130,2026-09-24
LULU-ORD-5362,LULU-TVM-01,Banana Chips 1kg,Snacks,Local Kerala,525,11,MEDIUM,166,2026-09-26
LULU-ORD-5363,LULU-CLT-01,Bread Loaf,Bakery,Modern,296,1,HIGH,32,2026-09-16
LULU-ORD-5364,LULU-TVM-01,Lulu Gold Coin,Jewellery,Lulu Gold,542,42,LOW,56,2026-10-27
LULU-ORD-5365,LULU-CLT-02,Banana Chips 1kg,Snacks,Local Kerala,278,29,LOW,33,2026-10-14
LULU-ORD-5366,LULU-KOCHI-02,Banana Chips 1kg,Snacks,Local Kerala,439,5,HIGH,148,2026-09-20
LULU-ORD-5367,LULU-CLT-01,Bread Loaf,Bakery,Modern,16,31,LOW,25,2026-10-16
LULU-ORD-5368,LULU-CLT-01,Bread Loaf,Bakery,Modern,585,42,LOW,33,2026-10-27
LULU-ORD-5369,LULU-CLT-01,Chicken 1kg,Meat,Suguna,598,24,LOW,166,2026-10-09
LULU-ORD-5370,LULU-CLT-01,Banana Chips 1kg,Snacks,Local Kerala,484,7,MEDIUM,90,2026-09-22
LULU-ORD-5371,LULU-CLT-01,Banana Chips 1kg,Snacks,Local Kerala,447,6,MEDIUM,200,2026-09-21
LULU-ORD-5372,LULU-CLT-01,Bread Loaf,Bakery,Modern,242,29,LOW,155,2026-10-14
LULU-ORD-5373,LULU-CLT-01,Banana Chips 1kg,Snacks,Local Kerala,214,3,HIGH,128,2026-09-18
LULU-ORD-5374,LULU-KOCHI-01,Chicken 1kg,Meat,Suguna,450,38,LOW,184,2026-10-23
LULU-ORD-5375,LULU-KOCHI-01,Milma Curd 500g,Dairy,Milma,14,31,LOW,189,2026-10-16
LULU-ORD-5376,LULU-KOCHI-01,Chicken 1kg,Meat,Suguna,526,37,LOW,153,2026-10-22
LULU-ORD-5377,LULU-CLT-02,Bread Loaf,Bakery,Modern,310,15,MEDIUM,155,2026-09-30
LULU-ORD-5378,LULU-TVM-01,Atta 10kg,Grocery,Aashirvaad,489,27,LOW,152,2026-10-12
LULU-ORD-5379,LULU-KOCHI-01,Mango 1kg,Fruits,Local Farm,228,27,LOW,43,2026-10-12
LULU-ORD-5380,LULU-KOCHI-02,Mango 1kg,Fruits,Local Farm,273,18,LOW,39,2026-10-03
LULU-ORD-5381,LULU-TVM-01,Dates 500g,Dry Fruits,Lulu Import,100,40,LOW,46,2026-10-25
LULU-ORD-5382,LULU-TVM-01,Lulu Gold Coin,Jewellery,Lulu Gold,217,20,LOW,31,2026-10-05
LULU-ORD-5383,LULU-KOCHI-01,Basmati Rice 5kg,Grocery,India Gate,82,3,MEDIUM,95,2026-09-18
LULU-ORD-5384,LULU-TVM-01,Milma Curd 500g,Dairy,Milma,167,23,LOW,179,2026-10-08
LULU-ORD-5385,LULU-CLT-02,Mango 1kg,Fruits,Local Farm,422,15,MEDIUM,27,2026-09-30
LULU-ORD-5386,LULU-KOCHI-01,Lulu Gold Coin,Jewellery,Lulu Gold,313,14,MEDIUM,122,2026-09-29
LULU-ORD-5387,LULU-KOCHI-01,Paneer 200g,Dairy,Milma,546,16,LOW,48,2026-10-01
LULU-ORD-5388,LULU-KOCHI-02,Dates 500g,Dry Fruits,Lulu Import,552,4,HIGH,79,2026-09-19
LULU-ORD-5389,LULU-KOCHI-02,Atta 10kg,Grocery,Aashirvaad,455,3,HIGH,124,2026-09-18
LULU-ORD-5390,LULU-KOCHI-01,Basmati Rice 5kg,Grocery,India Gate,571,15,MEDIUM,86,2026-09-30
LULU-ORD-5391,LULU-TVM-01,Atta 10kg,Grocery,Aashirvaad,525,13,MEDIUM,87,2026-09-28
LULU-ORD-5392,LULU-KOCHI-02,Banana Chips 1kg,Snacks,Local Kerala,335,15,MEDIUM,171,2026-09-30
LULU-ORD-5393,LULU-TVM-01,Paneer 200g,Dairy,Milma,425,9,MEDIUM,22,2026-09-24
LULU-ORD-5394,LULU-KOCHI-02,Bread Loaf,Bakery,Modern,352,4,HIGH,123,2026-09-19
LULU-ORD-5395,LULU-KOCHI-01,Paneer 200g,Dairy,Milma,61,26,LOW,124,2026-10-11
LULU-ORD-5396,LULU-CLT-01,Mango 1kg,Fruits,Local Farm,353,23,LOW,103,2026-10-08
LULU-ORD-5397,LULU-TVM-01,Dates 500g,Dry Fruits,Lulu Import,173,14,MEDIUM,56,2026-09-29
LULU-ORD-5398,LULU-KOCHI-01,Milma Curd 500g,Dairy,Milma,44,35,LOW,93,2026-10-20
LULU-ORD-5399,LULU-KOCHI-01,Chicken 1kg,Meat,Suguna,53,32,LOW,197,2026-10-17
LULU-ORD-5400,LULU-CLT-01,Milma Curd 500g,Dairy,Milma,114,15,MEDIUM,31,2026-09-30
LULU-ORD-5401,LULU-KOCHI-02,Chicken 1kg,Meat,Suguna,483,33,LOW,34,2026-10-18
LULU-ORD-5402,LULU-KOCHI-01,Mango 1kg,Fruits,Local Farm,29,10,LOW,85,2026-09-25
LULU-ORD-5403,LULU-CLT-02,Lulu Gold Coin,Jewellery,Lulu Gold,408,4,HIGH,53,2026-09-19
LULU-ORD-5404,LULU-KOCHI-01,Milma Curd 500g,Dairy,Milma,425,40,LOW,69,2026-10-25
LULU-ORD-5405,LULU-CLT-01,Bread Loaf,Bakery,Modern,284,45,LOW,184,2026-10-30
LULU-ORD-5406,LULU-CLT-02,Banana Chips 1kg,Snacks,Local Kerala,10,6,LOW,56,2026-09-21
LULU-ORD-5407,LULU-KOCHI-01,Lulu Gold Coin,Jewellery,Lulu Gold,331,37,LOW,25,2026-10-22
LULU-ORD-5408,LULU-CLT-01,Milma Curd 500g,Dairy,Milma,171,27,LOW,30,2026-10-12
LULU-ORD-5409,LULU-CLT-02,Bread Loaf,Bakery,Modern,123,22,LOW,194,2026-10-07
LULU-ORD-5410,LULU-TVM-01,Banana Chips 1kg,Snacks,Local Kerala,365,42,LOW,76,2026-10-27
LULU-ORD-5411,LULU-KOCHI-02,Lulu Gold Coin,Jewellery,Lulu Gold,357,3,HIGH,82,2026-09-18
LULU-ORD-5412,LULU-KOCHI-02,Milma Curd 500g,Dairy,Milma,514,7,MEDIUM,190,2026-09-22
LULU-ORD-5413,LULU-TVM-01,Basmati Rice 5kg,Grocery,India Gate,142,30,LOW,150,2026-10-15
LULU-ORD-5414,LULU-KOCHI-01,Milma Curd 500g,Dairy,Milma,372,38,LOW,174,2026-10-23
LULU-ORD-5415,LULU-CLT-01,Milma Curd 500g,Dairy,Milma,246,43,LOW,22,2026-10-28
LULU-ORD-5416,LULU-TVM-01,Milma Curd 500g,Dairy,Milma,412,19,LOW,65,2026-10-04
LULU-ORD-5417,LULU-TVM-01,Paneer 200g,Dairy,Milma,22,14,LOW,40,2026-09-29
LULU-ORD-5418,LULU-CLT-02,Milma Curd 500g,Dairy,Milma,294,23,LOW,18,2026-10-08
LULU-ORD-5419,LULU-TVM-01,Basmati Rice 5kg,Grocery,India Gate,448,3,HIGH,166,2026-09-18
LULU-ORD-5420,LULU-TVM-01,Paneer 200g,Dairy,Milma,75,5,MEDIUM,86,2026-09-20
LULU-ORD-5421,LULU-KOCHI-01,Mango 1kg,Fruits,Local Farm,106,15,MEDIUM,167,2026-09-30
LULU-ORD-5422,LULU-KOCHI-01,Mango 1kg,Fruits,Local Farm,188,35,LOW,98,2026-10-20
LULU-ORD-5423,LULU-TVM-01,Basmati Rice 5kg,Grocery,India Gate,392,44,LOW,97,2026-10-29
LULU-ORD-5424,LULU-KOCHI-02,Banana Chips 1kg,Snacks,Local Kerala,56,24,LOW,28,2026-10-09
LULU-ORD-5425,LULU-KOCHI-02,Milma Curd 500g,Dairy,Milma,70,27,LOW,155,2026-10-12
LULU-ORD-5426,LULU-CLT-01,Mango 1kg,Fruits,Local Farm,23,42,LOW,111,2026-10-27
LULU-ORD-5427,LULU-CLT-01,Mango 1kg,Fruits,Local Farm,448,36,LOW,28,2026-10-21
LULU-ORD-5428,LULU-KOCHI-02,Atta 10kg,Grocery,Aashirvaad,406,29,LOW,77,2026-10-14
LULU-ORD-5429,LULU-TVM-01,Milma Curd 500g,Dairy,Milma,257,31,LOW,78,2026-10-16
LULU-ORD-5430,LULU-CLT-02,Banana Chips 1kg,Snacks,Local Kerala,233,43,LOW,155,2026-10-28
LULU-ORD-5431,LULU-KOCHI-01,Paneer 200g,Dairy,Milma,324,38,LOW,67,2026-10-23
LULU-ORD-5432,LULU-KOCHI-02,Milma Curd 500g,Dairy,Milma,12,26,LOW,127,2026-10-11
LULU-ORD-5433,LULU-KOCHI-01,Dates 500g,Dry Fruits,Lulu Import,170,22,LOW,12,2026-10-07
LULU-ORD-5434,LULU-KOCHI-01,Basmati Rice 5kg,Grocery,India Gate,174,41,LOW,12,2026-10-26
LULU-ORD-5435,LULU-KOCHI-02,Chicken 1kg,Meat,Suguna,515,14,MEDIUM,90,2026-09-29
LULU-ORD-5436,LULU-CLT-02,Paneer 200g,Dairy,Milma,143,26,LOW,83,2026-10-11
LULU-ORD-5437,LULU-KOCHI-01,Chicken 1kg,Meat,Suguna,480,35,LOW,57,2026-10-20
LULU-ORD-5438,LULU-CLT-02,Mango 1kg,Fruits,Local Farm,72,41,LOW,179,2026-10-26
LULU-ORD-5439,LULU-CLT-02,Mango 1kg,Fruits,Local Farm,163,15,MEDIUM,88,2026-09-30
LULU-ORD-5440,LULU-CLT-01,Bread Loaf,Bakery,Modern,107,5,HIGH,198,2026-09-20
LULU-ORD-5441,LULU-KOCHI-02,Milma Curd 500g,Dairy,Milma,595,3,HIGH,183,2026-09-18
LULU-ORD-5442,LULU-CLT-01,Milma Curd 500g,Dairy,Milma,374,16,LOW,173,2026-10-01
LULU-ORD-5443,LULU-TVM-01,Atta 10kg,Grocery,Aashirvaad,579,27,LOW,74,2026-10-12
LULU-ORD-5444,LULU-CLT-01,Basmati Rice 5kg,Grocery,India Gate,24,10,LOW,32,2026-09-25
LULU-ORD-5445,LULU-CLT-02,Dates 500g,Dry Fruits,Lulu Import,412,29,LOW,44,2026-10-14
LULU-ORD-5446,LULU-KOCHI-01,Mango 1kg,Fruits,Local Farm,16,19,LOW,126,2026-10-04
LULU-ORD-5447,LULU-TVM-01,Bread Loaf,Bakery,Modern,586,36,LOW,125,2026-10-21
LULU-ORD-5448,LULU-CLT-01,Bread Loaf,Bakery,Modern,589,12,MEDIUM,53,2026-09-27
LULU-ORD-5449,LULU-CLT-02,Mango 1kg,Fruits,Local Farm,443,20,LOW,111,2026-10-05
LULU-ORD-5450,LULU-KOCHI-02,Milma Curd 500g,Dairy,Milma,246,16,LOW,181,2026-10-01
LULU-ORD-5451,LULU-CLT-02,Banana Chips 1kg,Snacks,Local Kerala,18,45,LOW,127,2026-10-30
LULU-ORD-5452,LULU-CLT-02,Bread Loaf,Bakery,Modern,372,34,LOW,29,2026-10-19
LULU-ORD-5453,LULU-CLT-01,Paneer 200g,Dairy,Milma,483,30,LOW,187,2026-10-15
LULU-ORD-5454,LULU-KOCHI-02,Mango 1kg,Fruits,Local Farm,139,1,HIGH,39,2026-09-16
LULU-ORD-5455,LULU-CLT-02,Chicken 1kg,Meat,Suguna,362,11,MEDIUM,192,2026-09-26
LULU-ORD-5456,LULU-CLT-02,Atta 10kg,Grocery,Aashirvaad,16,12,LOW,120,2026-09-27
LULU-ORD-5457,LULU-TVM-01,Banana Chips 1kg,Snacks,Local Kerala,111,42,LOW,195,2026-10-27
LULU-ORD-5458,LULU-TVM-01,Banana Chips 1kg,Snacks,Local Kerala,79,23,LOW,41,2026-10-08
LULU-ORD-5459,LULU-CLT-01,Atta 10kg,Grocery,Aashirvaad,596,32,LOW,185,2026-10-17
LULU-ORD-5460,LULU-KOCHI-02,Bread Loaf,Bakery,Modern,589,7,MEDIUM,37,2026-09-22
LULU-ORD-5461,LULU-CLT-02,Chicken 1kg,Meat,Suguna,525,28,LOW,147,2026-10-13
LULU-ORD-5462,LULU-TVM-01,Bread Loaf,Bakery,Modern,350,36,LOW,30,2026-10-21
LULU-ORD-5463,LULU-KOCHI-02,Mango 1kg,Fruits,Local Farm,330,37,LOW,186,2026-10-22
LULU-ORD-5464,LULU-CLT-01,Lulu Gold Coin,Jewellery,Lulu Gold,181,45,LOW,107,2026-10-30
LULU-ORD-5465,LULU-CLT-01,Atta 10kg,Grocery,Aashirvaad,539,3,HIGH,96,2026-09-18
LULU-ORD-5466,LULU-TVM-01,Basmati Rice 5kg,Grocery,India Gate,500,35,LOW,65,2026-10-20
LULU-ORD-5467,LULU-TVM-01,Chicken 1kg,Meat,Suguna,570,25,LOW,49,2026-10-10
LULU-ORD-5468,LULU-TVM-01,Atta 10kg,Grocery,Aashirvaad,501,12,MEDIUM,80,2026-09-27
LULU-ORD-5469,LULU-CLT-01,Bread Loaf,Bakery,Modern,328,4,HIGH,141,2026-09-19
LULU-ORD-5470,LULU-CLT-02,Banana Chips 1kg,Snacks,Local Kerala,182,31,LOW,10,2026-10-16
LULU-ORD-5471,LULU-CLT-02,Milma Curd 500g,Dairy,Milma,191,36,LOW,167,2026-10-21
LULU-ORD-5472,LULU-CLT-02,Paneer 200g,Dairy,Milma,559,9,MEDIUM,44,2026-09-24
LULU-ORD-5473,LULU-CLT-01,Banana Chips 1kg,Snacks,Local Kerala,70,17,LOW,81,2026-10-02
LULU-ORD-5474,LULU-CLT-02,Paneer 200g,Dairy,Milma,508,18,LOW,197,2026-10-03
LULU-ORD-5475,LULU-CLT-01,Banana Chips 1kg,Snacks,Local Kerala,547,8,MEDIUM,117,2026-09-23
LULU-ORD-5476,LULU-CLT-01,Bread Loaf,Bakery,Modern,210,45,LOW,182,2026-10-30
LULU-ORD-5477,LULU-CLT-01,Banana Chips 1kg,Snacks,Local Kerala,23,9,LOW,172,2026-09-24
LULU-ORD-5478,LULU-CLT-02,Basmati Rice 5kg,Grocery,India Gate,61,18,LOW,66,2026-10-03
LULU-ORD-5479,LULU-KOCHI-02,Banana Chips 1kg,Snacks,Local Kerala,143,29,LOW,101,2026-10-14
LULU-ORD-5480,LULU-KOCHI-01,Banana Chips 1kg,Snacks,Local Kerala,115,16,LOW,193,2026-10-01
LULU-ORD-5481,LULU-TVM-01,Basmati Rice 5kg,Grocery,India Gate,52,9,MEDIUM,33,2026-09-24
LULU-ORD-5482,LULU-KOCHI-02,Dates 500g,Dry Fruits,Lulu Import,353,4,HIGH,74,2026-09-19
LULU-ORD-5483,LULU-CLT-01,Dates 500g,Dry Fruits,Lulu Import,211,1,HIGH,98,2026-09-16
LULU-ORD-5484,LULU-KOCHI-02,Mango 1kg,Fruits,Local Farm,246,29,LOW,127,2026-10-14
LULU-ORD-5485,LULU-CLT-01,Bread Loaf,Bakery,Modern,417,38,LOW,166,2026-10-23
LULU-ORD-5486,LULU-CLT-01,Atta 10kg,Grocery,Aashirvaad,239,9,MEDIUM,185,2026-09-24
LULU-ORD-5487,LULU-CLT-01,Milma Curd 500g,Dairy,Milma,175,39,LOW,116,2026-10-24
LULU-ORD-5488,LULU-KOCHI-02,Chicken 1kg,Meat,Suguna,490,20,LOW,165,2026-10-05
LULU-ORD-5489,LULU-TVM-01,Milma Curd 500g,Dairy,Milma,172,38,LOW,65,2026-10-23
LULU-ORD-5490,LULU-CLT-02,Chicken 1kg,Meat,Suguna,39,17,LOW,199,2026-10-02
LULU-ORD-5491,LULU-TVM-01,Atta 10kg,Grocery,Aashirvaad,292,5,HIGH,109,2026-09-20
LULU-ORD-5492,LULU-TVM-01,Dates 500g,Dry Fruits,Lulu Import,176,10,MEDIUM,30,2026-09-25
LULU-ORD-5493,LULU-KOCHI-02,Basmati Rice 5kg,Grocery,India Gate,131,27,LOW,13,2026-10-12
LULU-ORD-5494,LULU-KOCHI-02,Atta 10kg,Grocery,Aashirvaad,67,24,LOW,152,2026-10-09
LULU-ORD-5495,LULU-KOCHI-02,Bread Loaf,Bakery,Modern,437,26,LOW,20,2026-10-11
LULU-ORD-5496,LULU-KOCHI-02,Dates 500g,Dry Fruits,Lulu Import,249,45,LOW,49,2026-10-30
LULU-ORD-5497,LULU-KOCHI-02,Chicken 1kg,Meat,Suguna,594,33,LOW,102,2026-10-18
LULU-ORD-5498,LULU-TVM-01,Bread Loaf,Bakery,Modern,71,20,LOW,83,2026-10-05
LULU-ORD-5499,LULU-CLT-01,Paneer 200g,Dairy,Milma,317,42,LOW,122,2026-10-27
LULU-ORD-5500,LULU-KOCHI-01,Dates 500g,Dry Fruits,Lulu Import,410,13,MEDIUM,164,2026-09-28
LULU-ORD-5501,LULU-KOCHI-02,Basmati Rice 5kg,Grocery,India Gate,240,37,LOW,98,2026-10-22
LULU-ORD-5502,LULU-TVM-01,Milma Curd 500g,Dairy,Milma,319,42,LOW,106,2026-10-27
LULU-ORD-5503,LULU-CLT-02,Banana Chips 1kg,Snacks,Local Kerala,474,13,MEDIUM,53,2026-09-28
LULU-ORD-5504,LULU-CLT-01,Dates 500g,Dry Fruits,Lulu Import,147,28,LOW,32,2026-10-13
LULU-ORD-5505,LULU-CLT-02,Paneer 200g,Dairy,Milma,160,17,LOW,115,2026-10-02
LULU-ORD-5506,LULU-TVM-01,Banana Chips 1kg,Snacks,Local Kerala,361,42,LOW,188,2026-10-27
LULU-ORD-5507,LULU-CLT-02,Bread Loaf,Bakery,Modern,282,44,LOW,35,2026-10-29
LULU-ORD-5508,LULU-CLT-01,Atta 10kg,Grocery,Aashirvaad,535,41,LOW,146,2026-10-26
LULU-ORD-5509,LULU-KOCHI-02,Lulu Gold Coin,Jewellery,Lulu Gold,110,40,LOW,47,2026-10-25
LULU-ORD-5510,LULU-TVM-01,Basmati Rice 5kg,Grocery,India Gate,328,6,MEDIUM,156,2026-09-21
LULU-ORD-5511,LULU-CLT-02,Dates 500g,Dry Fruits,Lulu Import,279,15,MEDIUM,153,2026-09-30
LULU-ORD-5512,LULU-KOCHI-01,Bread Loaf,Bakery,Modern,255,9,MEDIUM,127,2026-09-24
LULU-ORD-5513,LULU-CLT-01,Banana Chips 1kg,Snacks,Local Kerala,384,43,LOW,103,2026-10-28
LULU-ORD-5514,LULU-CLT-02,Atta 10kg,Grocery,Aashirvaad,251,15,MEDIUM,76,2026-09-30
LULU-ORD-5515,LULU-CLT-02,Basmati Rice 5kg,Grocery,India Gate,45,45,LOW,29,2026-10-30
LULU-ORD-5516,LULU-TVM-01,Chicken 1kg,Meat,Suguna,384,43,LOW,137,2026-10-28
LULU-ORD-5517,LULU-KOCHI-01,Dates 500g,Dry Fruits,Lulu Import,38,24,LOW,104,2026-10-09
LULU-ORD-5518,LULU-TVM-01,Lulu Gold Coin,Jewellery,Lulu Gold,409,45,LOW,182,2026-10-30
LULU-ORD-5519,LULU-KOCHI-02,Paneer 200g,Dairy,Milma,521,22,LOW,112,2026-10-07
LULU-ORD-5520,LULU-KOCHI-01,Mango 1kg,Fruits,Local Farm,284,41,LOW,61,2026-10-26
LULU-ORD-5521,LULU-KOCHI-01,Bread Loaf,Bakery,Modern,255,28,LOW,154,2026-10-13
LULU-ORD-5522,LULU-KOCHI-02,Lulu Gold Coin,Jewellery,Lulu Gold,287,26,LOW,196,2026-10-11
LULU-ORD-5523,LULU-CLT-01,Mango 1kg,Fruits,Local Farm,524,25,LOW,120,2026-10-10
LULU-ORD-5524,LULU-CLT-01,Basmati Rice 5kg,Grocery,India Gate,297,9,MEDIUM,55,2026-09-24
LULU-ORD-5525,LULU-CLT-01,Bread Loaf,Bakery,Modern,302,24,LOW,147,2026-10-09
LULU-ORD-5526,LULU-TVM-01,Milma Curd 500g,Dairy,Milma,596,22,LOW,88,2026-10-07
LULU-ORD-5527,LULU-CLT-02,Atta 10kg,Grocery,Aashirvaad,99,22,LOW,112,2026-10-07
LULU-ORD-5528,LULU-KOCHI-01,Mango 1kg,Fruits,Local Farm,156,21,LOW,157,2026-10-06
LULU-ORD-5529,LULU-KOCHI-02,Dates 500g,Dry Fruits,Lulu Import,416,20,LOW,56,2026-10-05
LULU-ORD-5530,LULU-KOCHI-02,Chicken 1kg,Meat,Suguna,255,1,HIGH,80,2026-09-16
LULU-ORD-5531,LULU-TVM-01,Banana Chips 1kg,Snacks,Local Kerala,255,24,LOW,40,2026-10-09
LULU-ORD-5532,LULU-CLT-01,Paneer 200g,Dairy,Milma,195,25,LOW,83,2026-10-10
LULU-ORD-5533,LULU-TVM-01,Milma Curd 500g,Dairy,Milma,281,42,LOW,159,2026-10-27
LULU-ORD-5534,LULU-KOCHI-02,Basmati Rice 5kg,Grocery,India Gate,263,11,MEDIUM,39,2026-09-26
LULU-ORD-5535,LULU-CLT-02,Paneer 200g,Dairy,Milma,334,20,LOW,193,2026-10-05
LULU-ORD-5536,LULU-KOCHI-02,Milma Curd 500g,Dairy,Milma,473,37,LOW,66,2026-10-22
LULU-ORD-5537,LULU-CLT-01,Lulu Gold Coin,Jewellery,Lulu Gold,241,7,MEDIUM,17,2026-09-22
LULU-ORD-5538,LULU-TVM-01,Atta 10kg,Grocery,Aashirvaad,134,32,LOW,101,2026-10-17
LULU-ORD-5539,LULU-CLT-01,Banana Chips 1kg,Snacks,Local Kerala,155,8,MEDIUM,104,2026-09-23
LULU-ORD-5540,LULU-TVM-01,Atta 10kg,Grocery,Aashirvaad,467,6,MEDIUM,81,2026-09-21
LULU-ORD-5541,LULU-KOCHI-01,Bread Loaf,Bakery,Modern,170,14,MEDIUM,178,2026-09-29
LULU-ORD-5542,LULU-TVM-01,Paneer 200g,Dairy,Milma,190,28,LOW,127,2026-10-13
LULU-ORD-5543,LULU-KOCHI-02,Paneer 200g,Dairy,Milma,283,44,LOW,22,2026-10-29
LULU-ORD-5544,LULU-CLT-02,Chicken 1kg,Meat,Suguna,519,13,MEDIUM,175,2026-09-28
LULU-ORD-5545,LULU-KOCHI-01,Milma Curd 500g,Dairy,Milma,551,27,LOW,199,2026-10-12
LULU-ORD-5546,LULU-KOCHI-02,Banana Chips 1kg,Snacks,Local Kerala,237,29,LOW,125,2026-10-14
LULU-ORD-5547,LULU-KOCHI-01,Banana Chips 1kg,Snacks,Local Kerala,450,26,LOW,114,2026-10-11
LULU-ORD-5548,LULU-CLT-01,Basmati Rice 5kg,Grocery,India Gate,209,30,LOW,38,2026-10-15
LULU-ORD-5549,LULU-CLT-01,Paneer 200g,Dairy,Milma,73,42,LOW,171,2026-10-27
LULU-ORD-5550,LULU-TVM-01,Bread Loaf,Bakery,Modern,166,29,LOW,26,2026-10-14
LULU-ORD-5551,LULU-TVM-01,Milma Curd 500g,Dairy,Milma,386,21,LOW,178,2026-10-06
LULU-ORD-5552,LULU-CLT-02,Milma Curd 500g,Dairy,Milma,47,2,LOW,133,2026-09-17
LULU-ORD-5553,LULU-KOCHI-01,Banana Chips 1kg,Snacks,Local Kerala,141,5,HIGH,57,2026-09-20
LULU-ORD-5554,LULU-CLT-02,Bread Loaf,Bakery,Modern,484,43,LOW,40,2026-10-28
LULU-ORD-5555,LULU-KOCHI-01,Dates 500g,Dry Fruits,Lulu Import,37,39,LOW,68,2026-10-24
LULU-ORD-5556,LULU-KOCHI-02,Mango 1kg,Fruits,Local Farm,136,14,MEDIUM,145,2026-09-29
LULU-ORD-5557,LULU-CLT-01,Chicken 1kg,Meat,Suguna,516,11,MEDIUM,60,2026-09-26
LULU-ORD-5558,LULU-TVM-01,Chicken 1kg,Meat,Suguna,212,25,LOW,98,2026-10-10
LULU-ORD-5559,LULU-KOCHI-02,Bread Loaf,Bakery,Modern,167,34,LOW,55,2026-10-19
LULU-ORD-5560,LULU-KOCHI-02,Milma Curd 500g,Dairy,Milma,200,37,LOW,73,2026-10-22
LULU-ORD-5561,LULU-TVM-01,Bread Loaf,Bakery,Modern,140,24,LOW,100,2026-10-09
LULU-ORD-5562,LULU-CLT-02,Basmati Rice 5kg,Grocery,India Gate,250,10,MEDIUM,48,2026-09-25
LULU-ORD-5563,LULU-TVM-01,Lulu Gold Coin,Jewellery,Lulu Gold,242,45,LOW,58,2026-10-30
LULU-ORD-5564,LULU-KOCHI-01,Atta 10kg,Grocery,Aashirvaad,188,1,HIGH,103,2026-09-16
LULU-ORD-5565,LULU-CLT-02,Lulu Gold Coin,Jewellery,Lulu Gold,237,23,LOW,43,2026-10-08
LULU-ORD-5566,LULU-CLT-01,Basmati Rice 5kg,Grocery,India Gate,443,28,LOW,139,2026-10-13
LULU-ORD-5567,LULU-KOCHI-02,Bread Loaf,Bakery,Modern,45,31,LOW,33,2026-10-16
LULU-ORD-5568,LULU-CLT-01,Milma Curd 500g,Dairy,Milma,574,30,LOW,140,2026-10-15
LULU-ORD-5569,LULU-KOCHI-02,Banana Chips 1kg,Snacks,Local Kerala,408,39,LOW,40,2026-10-24
LULU-ORD-5570,LULU-KOCHI-02,Atta 10kg,Grocery,Aashirvaad,172,13,MEDIUM,19,2026-09-28
LULU-ORD-5571,LULU-CLT-01,Chicken 1kg,Meat,Suguna,24,32,LOW,49,2026-10-17
LULU-ORD-5572,LULU-TVM-01,Dates 500g,Dry Fruits,Lulu Import,112,23,LOW,66,2026-10-08
LULU-ORD-5573,LULU-CLT-02,Atta 10kg,Grocery,Aashirvaad,583,41,LOW,190,2026-10-26
LULU-ORD-5574,LULU-KOCHI-02,Chicken 1kg,Meat,Suguna,514,43,LOW,191,2026-10-28
LULU-ORD-5575,LULU-KOCHI-02,Paneer 200g,Dairy,Milma,556,17,LOW,132,2026-10-02
LULU-ORD-5576,LULU-KOCHI-01,Basmati Rice 5kg,Grocery,India Gate,342,29,LOW,43,2026-10-14
LULU-ORD-5577,LULU-CLT-02,Banana Chips 1kg,Snacks,Local Kerala,224,14,MEDIUM,46,2026-09-29
LULU-ORD-5578,LULU-CLT-01,Banana Chips 1kg,Snacks,Local Kerala,530,2,HIGH,165,2026-09-17
LULU-ORD-5579,LULU-KOCHI-01,Paneer 200g,Dairy,Milma,269,10,MEDIUM,153,2026-09-25
LULU-ORD-5580,LULU-CLT-02,Mango 1kg,Fruits,Local Farm,167,43,LOW,55,2026-10-28
LULU-ORD-5581,LULU-KOCHI-02,Bread Loaf,Bakery,Modern,424,4,HIGH,56,2026-09-19
LULU-ORD-5582,LULU-KOCHI-01,Mango 1kg,Fruits,Local Farm,355,14,MEDIUM,177,2026-09-29
LULU-ORD-5583,LULU-KOCHI-02,Milma Curd 500g,Dairy,Milma,408,16,LOW,72,2026-10-01
LULU-ORD-5584,LULU-CLT-01,Chicken 1kg,Meat,Suguna,127,35,LOW,79,2026-10-20
LULU-ORD-5585,LULU-CLT-01,Dates 500g,Dry Fruits,Lulu Import,513,18,LOW,70,2026-10-03
LULU-ORD-5586,LULU-KOCHI-01,Milma Curd 500g,Dairy,Milma,507,43,LOW,68,2026-10-28
LULU-ORD-5587,LULU-TVM-01,Atta 10kg,Grocery,Aashirvaad,322,8,MEDIUM,92,2026-09-23
LULU-ORD-5588,LULU-CLT-01,Banana Chips 1kg,Snacks,Local Kerala,23,43,LOW,66,2026-10-28
LULU-ORD-5589,LULU-CLT-01,Dates 500g,Dry Fruits,Lulu Import,188,26,LOW,140,2026-10-11
LULU-ORD-5590,LULU-TVM-01,Paneer 200g,Dairy,Milma,418,15,MEDIUM,194,2026-09-30
LULU-ORD-5591,LULU-CLT-01,Lulu Gold Coin,Jewellery,Lulu Gold,384,25,LOW,90,2026-10-10
LULU-ORD-5592,LULU-KOCHI-01,Paneer 200g,Dairy,Milma,497,3,HIGH,91,2026-09-18
LULU-ORD-5593,LULU-CLT-02,Paneer 200g,Dairy,Milma,592,5,HIGH,170,2026-09-20
LULU-ORD-5594,LULU-KOCHI-02,Chicken 1kg,Meat,Suguna,387,6,MEDIUM,194,2026-09-21
LULU-ORD-5595,LULU-TVM-01,Paneer 200g,Dairy,Milma,83,5,MEDIUM,182,2026-09-20
LULU-ORD-5596,LULU-KOCHI-01,Bread Loaf,Bakery,Modern,347,28,LOW,14,2026-10-13
LULU-ORD-5597,LULU-KOCHI-02,Mango 1kg,Fruits,Local Farm,103,37,LOW,161,2026-10-22
LULU-ORD-5598,LULU-TVM-01,Basmati Rice 5kg,Grocery,India Gate,338,29,LOW,137,2026-10-14
LULU-ORD-5599,LULU-KOCHI-02,Bread Loaf,Bakery,Modern,199,4,HIGH,10,2026-09-19
LULU-ORD-5600,LULU-CLT-02,Banana Chips 1kg,Snacks,Local Kerala,28,17,LOW,121,2026-10-02
LULU-ORD-5601,LULU-TVM-01,Banana Chips 1kg,Snacks,Local Kerala,25,5,LOW,176,2026-09-20
LULU-ORD-5602,LULU-CLT-01,Lulu Gold Coin,Jewellery,Lulu Gold,108,9,MEDIUM,48,2026-09-24
LULU-ORD-5603,LULU-TVM-01,Paneer 200g,Dairy,Milma,85,13,MEDIUM,72,2026-09-28
LULU-ORD-5604,LULU-TVM-01,Dates 500g,Dry Fruits,Lulu Import,423,30,LOW,155,2026-10-15
LULU-ORD-5605,LULU-TVM-01,Lulu Gold Coin,Jewellery,Lulu Gold,425,3,HIGH,143,2026-09-18
LULU-ORD-5606,LULU-CLT-02,Lulu Gold Coin,Jewellery,Lulu Gold,230,5,HIGH,119,2026-09-20
LULU-ORD-5607,LULU-CLT-01,Lulu Gold Coin,Jewellery,Lulu Gold,505,15,MEDIUM,164,2026-09-30
LULU-ORD-5608,LULU-KOCHI-02,Banana Chips 1kg,Snacks,Local Kerala,145,29,LOW,182,2026-10-14
LULU-ORD-5609,LULU-TVM-01,Milma Curd 500g,Dairy,Milma,481,22,LOW,145,2026-10-07
LULU-ORD-5610,LULU-TVM-01,Atta 10kg,Grocery,Aashirvaad,496,42,LOW,117,2026-10-27
LULU-ORD-5611,LULU-CLT-02,Bread Loaf,Bakery,Modern,252,41,LOW,171,2026-10-26
LULU-ORD-5612,LULU-CLT-01,Mango 1kg,Fruits,Local Farm,326,13,MEDIUM,164,2026-09-28
LULU-ORD-5613,LULU-KOCHI-01,Chicken 1kg,Meat,Suguna,401,22,LOW,58,2026-10-07
LULU-ORD-5614,LULU-TVM-01,Milma Curd 500g,Dairy,Milma,534,44,LOW,173,2026-10-29
LULU-ORD-5615,LULU-CLT-01,Bread Loaf,Bakery,Modern,196,15,MEDIUM,47,2026-09-30
LULU-ORD-5616,LULU-TVM-01,Milma Curd 500g,Dairy,Milma,172,8,MEDIUM,27,2026-09-23
LULU-ORD-5617,LULU-KOCHI-02,Bread Loaf,Bakery,Modern,34,23,LOW,106,2026-10-08
LULU-ORD-5618,LULU-KOCHI-02,Paneer 200g,Dairy,Milma,299,37,LOW,82,2026-10-22
LULU-ORD-5619,LULU-CLT-01,Lulu Gold Coin,Jewellery,Lulu Gold,17,4,LOW,45,2026-09-19
LULU-ORD-5620,LULU-KOCHI-02,Dates 500g,Dry Fruits,Lulu Import,584,30,LOW,88,2026-10-15
LULU-ORD-5621,LULU-KOCHI-02,Paneer 200g,Dairy,Milma,567,43,LOW,137,2026-10-28
LULU-ORD-5622,LULU-KOCHI-02,Dates 500g,Dry Fruits,Lulu Import,314,37,LOW,161,2026-10-22
LULU-ORD-5623,LULU-KOCHI-02,Lulu Gold Coin,Jewellery,Lulu Gold,326,6,MEDIUM,61,2026-09-21
LULU-ORD-5624,LULU-CLT-01,Dates 500g,Dry Fruits,Lulu Import,365,28,LOW,75,2026-10-13
LULU-ORD-5625,LULU-KOCHI-02,Bread Loaf,Bakery,Modern,43,2,LOW,72,2026-09-17
LULU-ORD-5626,LULU-CLT-02,Bread Loaf,Bakery,Modern,332,45,LOW,130,2026-10-30
LULU-ORD-5627,LULU-KOCHI-02,Basmati Rice 5kg,Grocery,India Gate,48,38,LOW,79,2026-10-23
LULU-ORD-5628,LULU-CLT-02,Mango 1kg,Fruits,Local Farm,446,40,LOW,128,2026-10-25
LULU-ORD-5629,LULU-TVM-01,Lulu Gold Coin,Jewellery,Lulu Gold,90,8,MEDIUM,176,2026-09-23
LULU-ORD-5630,LULU-KOCHI-02,Bread Loaf,Bakery,Modern,150,37,LOW,67,2026-10-22
LULU-ORD-5631,LULU-KOCHI-01,Bread Loaf,Bakery,Modern,220,4,HIGH,161,2026-09-19
LULU-ORD-5632,LULU-KOCHI-01,Lulu Gold Coin,Jewellery,Lulu Gold,18,12,LOW,99,2026-09-27
LULU-ORD-5633,LULU-CLT-02,Chicken 1kg,Meat,Suguna,175,34,LOW,128,2026-10-19
LULU-ORD-5634,LULU-KOCHI-01,Dates 500g,Dry Fruits,Lulu Import,221,28,LOW,70,2026-10-13
LULU-ORD-5635,LULU-KOCHI-01,Chicken 1kg,Meat,Suguna,331,40,LOW,144,2026-10-25
LULU-ORD-5636,LULU-KOCHI-01,Mango 1kg,Fruits,Local Farm,583,37,LOW,166,2026-10-22
LULU-ORD-5637,LULU-KOCHI-02,Dates 500g,Dry Fruits,Lulu Import,367,19,LOW,178,2026-10-04
LULU-ORD-5638,LULU-KOCHI-01,Dates 500g,Dry Fruits,Lulu Import,263,20,LOW,77,2026-10-05
LULU-ORD-5639,LULU-KOCHI-01,Paneer 200g,Dairy,Milma,236,20,LOW,28,2026-10-05
LULU-ORD-5640,LULU-TVM-01,Paneer 200g,Dairy,Milma,134,26,LOW,164,2026-10-11
LULU-ORD-5641,LULU-CLT-02,Mango 1kg,Fruits,Local Farm,260,39,LOW,190,2026-10-24
LULU-ORD-5642,LULU-KOCHI-02,Paneer 200g,Dairy,Milma,292,38,LOW,82,2026-10-23
LULU-ORD-5643,LULU-KOCHI-02,Basmati Rice 5kg,Grocery,India Gate,598,18,LOW,77,2026-10-03
LULU-ORD-5644,LULU-TVM-01,Milma Curd 500g,Dairy,Milma,548,44,LOW,53,2026-10-29
LULU-ORD-5645,LULU-TVM-01,Banana Chips 1kg,Snacks,Local Kerala,239,4,HIGH,94,2026-09-19
LULU-ORD-5646,LULU-TVM-01,Atta 10kg,Grocery,Aashirvaad,440,9,MEDIUM,195,2026-09-24
LULU-ORD-5647,LULU-TVM-01,Lulu Gold Coin,Jewellery,Lulu Gold,233,37,LOW,174,2026-10-22
LULU-ORD-5648,LULU-CLT-02,Atta 10kg,Grocery,Aashirvaad,286,7,MEDIUM,50,2026-09-22
LULU-ORD-5649,LULU-KOCHI-02,Chicken 1kg,Meat,Suguna,18,37,LOW,43,2026-10-22
LULU-ORD-5650,LULU-KOCHI-02,Milma Curd 500g,Dairy,Milma,187,8,MEDIUM,21,2026-09-23
LULU-ORD-5651,LULU-TVM-01,Lulu Gold Coin,Jewellery,Lulu Gold,344,20,LOW,99,2026-10-05
LULU-ORD-5652,LULU-KOCHI-02,Basmati Rice 5kg,Grocery,India Gate,303,41,LOW,104,2026-10-26
LULU-ORD-5653,LULU-CLT-02,Bread Loaf,Bakery,Modern,493,38,LOW,42,2026-10-23
LULU-ORD-5654,LULU-CLT-01,Milma Curd 500g,Dairy,Milma,260,1,HIGH,87,2026-09-16
LULU-ORD-5655,LULU-KOCHI-01,Paneer 200g,Dairy,Milma,590,28,LOW,107,2026-10-13
LULU-ORD-5656,LULU-CLT-02,Chicken 1kg,Meat,Suguna,161,40,LOW,155,2026-10-25
LULU-ORD-5657,LULU-KOCHI-01,Milma Curd 500g,Dairy,Milma,38,10,LOW,37,2026-09-25
LULU-ORD-5658,LULU-KOCHI-02,Banana Chips 1kg,Snacks,Local Kerala,127,14,MEDIUM,95,2026-09-29
LULU-ORD-5659,LULU-TVM-01,Dates 500g,Dry Fruits,Lulu Import,374,34,LOW,110,2026-10-19
LULU-ORD-5660,LULU-KOCHI-01,Basmati Rice 5kg,Grocery,India Gate,348,38,LOW,170,2026-10-23
LULU-ORD-5661,LULU-KOCHI-02,Lulu Gold Coin,Jewellery,Lulu Gold,12,36,LOW,30,2026-10-21
LULU-ORD-5662,LULU-KOCHI-01,Mango 1kg,Fruits,Local Farm,233,5,HIGH,190,2026-09-20
LULU-ORD-5663,LULU-CLT-02,Bread Loaf,Bakery,Modern,575,20,LOW,76,2026-10-05
LULU-ORD-5664,LULU-CLT-02,Bread Loaf,Bakery,Modern,416,25,LOW,31,2026-10-10
LULU-ORD-5665,LULU-TVM-01,Chicken 1kg,Meat,Suguna,238,35,LOW,104,2026-10-20
LULU-ORD-5666,LULU-CLT-02,Milma Curd 500g,Dairy,Milma,219,19,LOW,58,2026-10-04
LULU-ORD-5667,LULU-CLT-02,Dates 500g,Dry Fruits,Lulu Import,171,43,LOW,18,2026-10-28
LULU-ORD-5668,LULU-KOCHI-02,Basmati Rice 5kg,Grocery,India Gate,209,20,LOW,84,2026-10-05
LULU-ORD-5669,LULU-CLT-02,Banana Chips 1kg,Snacks,Local Kerala,281,27,LOW,177,2026-10-12
LULU-ORD-5670,LULU-CLT-02,Chicken 1kg,Meat,Suguna,29,20,LOW,179,2026-10-05
LULU-ORD-5671,LULU-KOCHI-02,Lulu Gold Coin,Jewellery,Lulu Gold,435,33,LOW,148,2026-10-18
LULU-ORD-5672,LULU-KOCHI-01,Milma Curd 500g,Dairy,Milma,43,36,LOW,191,2026-10-21
LULU-ORD-5673,LULU-KOCHI-02,Banana Chips 1kg,Snacks,Local Kerala,592,18,LOW,159,2026-10-03
LULU-ORD-5674,LULU-CLT-01,Milma Curd 500g,Dairy,Milma,166,42,LOW,175,2026-10-27
LULU-ORD-5675,LULU-CLT-01,Lulu Gold Coin,Jewellery,Lulu Gold,458,19,LOW,129,2026-10-04
LULU-ORD-5676,LULU-KOCHI-01,Paneer 200g,Dairy,Milma,202,3,HIGH,63,2026-09-18
LULU-ORD-5677,LULU-CLT-02,Bread Loaf,Bakery,Modern,69,10,MEDIUM,147,2026-09-25
LULU-ORD-5678,LULU-CLT-02,Bread Loaf,Bakery,Modern,58,11,MEDIUM,153,2026-09-26
LULU-ORD-5679,LULU-KOCHI-02,Mango 1kg,Fruits,Local Farm,297,28,LOW,96,2026-10-13
LULU-ORD-5680,LULU-CLT-02,Banana Chips 1kg,Snacks,Local Kerala,469,22,LOW,60,2026-10-07
LULU-ORD-5681,LULU-CLT-02,Basmati Rice 5kg,Grocery,India Gate,146,34,LOW,169,2026-10-19
LULU-ORD-5682,LULU-CLT-01,Basmati Rice 5kg,Grocery,India Gate,19,9,LOW,44,2026-09-24
LULU-ORD-5683,LULU-CLT-01,Bread Loaf,Bakery,Modern,420,37,LOW,65,2026-10-22
LULU-ORD-5684,LULU-CLT-01,Basmati Rice 5kg,Grocery,India Gate,20,15,LOW,66,2026-09-30
LULU-ORD-5685,LULU-KOCHI-02,Basmati Rice 5kg,Grocery,India Gate,269,27,LOW,122,2026-10-12
LULU-ORD-5686,LULU-KOCHI-02,Chicken 1kg,Meat,Suguna,135,43,LOW,126,2026-10-28
LULU-ORD-5687,LULU-KOCHI-02,Bread Loaf,Bakery,Modern,20,29,LOW,46,2026-10-14
LULU-ORD-5688,LULU-CLT-02,Lulu Gold Coin,Jewellery,Lulu Gold,365,21,LOW,24,2026-10-06
LULU-ORD-5689,LULU-KOCHI-01,Banana Chips 1kg,Snacks,Local Kerala,294,42,LOW,63,2026-10-27
LULU-ORD-5690,LULU-CLT-02,Milma Curd 500g,Dairy,Milma,90,12,MEDIUM,198,2026-09-27
LULU-ORD-5691,LULU-KOCHI-02,Mango 1kg,Fruits,Local Farm,579,17,LOW,53,2026-10-02
LULU-ORD-5692,LULU-KOCHI-01,Basmati Rice 5kg,Grocery,India Gate,39,14,LOW,193,2026-09-29
LULU-ORD-5693,LULU-TVM-01,Banana Chips 1kg,Snacks,Local Kerala,57,9,MEDIUM,85,2026-09-24
LULU-ORD-5694,LULU-CLT-01,Lulu Gold Coin,Jewellery,Lulu Gold,79,38,LOW,33,2026-10-23
LULU-ORD-5695,LULU-CLT-02,Lulu Gold Coin,Jewellery,Lulu Gold,176,11,MEDIUM,84,2026-09-26
LULU-ORD-5696,LULU-KOCHI-02,Milma Curd 500g,Dairy,Milma,392,4,HIGH,194,2026-09-19
LULU-ORD-5697,LULU-TVM-01,Dates 500g,Dry Fruits,Lulu Import,275,43,LOW,128,2026-10-28
LULU-ORD-5698,LULU-KOCHI-02,Chicken 1kg,Meat,Suguna,497,42,LOW,92,2026-10-27
LULU-ORD-5699,LULU-TVM-01,Paneer 200g,Dairy,Milma,433,7,MEDIUM,163,2026-09-22
LULU-ORD-5700,LULU-KOCHI-02,Banana Chips 1kg,Snacks,Local Kerala,280,4,HIGH,102,2026-09-19
LULU-ORD-5701,LULU-KOCHI-02,Atta 10kg,Grocery,Aashirvaad,242,35,LOW,49,2026-10-20
LULU-ORD-5702,LULU-TVM-01,Lulu Gold Coin,Jewellery,Lulu Gold,161,22,LOW,26,2026-10-07
LULU-ORD-5703,LULU-TVM-01,Banana Chips 1kg,Snacks,Local Kerala,169,21,LOW,20,2026-10-06
LULU-ORD-5704,LULU-KOCHI-02,Mango 1kg,Fruits,Local Farm,361,25,LOW,146,2026-10-10
LULU-ORD-5705,LULU-CLT-02,Paneer 200g,Dairy,Milma,270,33,LOW,73,2026-10-18
LULU-ORD-5706,LULU-CLT-02,Lulu Gold Coin,Jewellery,Lulu Gold,265,41,LOW,125,2026-10-26
LULU-ORD-5707,LULU-CLT-01,Mango 1kg,Fruits,Local Farm,88,12,MEDIUM,43,2026-09-27
LULU-ORD-5708,LULU-CLT-01,Chicken 1kg,Meat,Suguna,98,4,MEDIUM,145,2026-09-19
LULU-ORD-5709,LULU-CLT-02,Lulu Gold Coin,Jewellery,Lulu Gold,535,3,HIGH,188,2026-09-18
LULU-ORD-5710,LULU-TVM-01,Bread Loaf,Bakery,Modern,576,27,LOW,22,2026-10-12
LULU-ORD-5711,LULU-KOCHI-02,Chicken 1kg,Meat,Suguna,475,4,HIGH,84,2026-09-19
LULU-ORD-5712,LULU-CLT-02,Milma Curd 500g,Dairy,Milma,240,39,LOW,100,2026-10-24
LULU-ORD-5713,LULU-KOCHI-01,Chicken 1kg,Meat,Suguna,267,45,LOW,55,2026-10-30
LULU-ORD-5714,LULU-KOCHI-02,Mango 1kg,Fruits,Local Farm,335,8,MEDIUM,36,2026-09-23
LULU-ORD-5715,LULU-KOCHI-02,Banana Chips 1kg,Snacks,Local Kerala,189,10,MEDIUM,109,2026-09-25
LULU-ORD-5716,LULU-TVM-01,Paneer 200g,Dairy,Milma,265,15,MEDIUM,126,2026-09-30
LULU-ORD-5717,LULU-KOCHI-01,Banana Chips 1kg,Snacks,Local Kerala,177,2,HIGH,84,2026-09-17
LULU-ORD-5718,LULU-KOCHI-02,Banana Chips 1kg,Snacks,Local Kerala,157,8,MEDIUM,55,2026-09-23
LULU-ORD-5719,LULU-KOCHI-01,Dates 500g,Dry Fruits,Lulu Import,338,44,LOW,161,2026-10-29
LULU-ORD-5720,LULU-CLT-01,Dates 500g,Dry Fruits,Lulu Import,206,13,MEDIUM,187,2026-09-28
LULU-ORD-5721,LULU-KOCHI-01,Atta 10kg,Grocery,Aashirvaad,210,13,MEDIUM,85,2026-09-28
LULU-ORD-5722,LULU-KOCHI-01,Paneer 200g,Dairy,Milma,463,2,HIGH,138,2026-09-17
LULU-ORD-5723,LULU-TVM-01,Atta 10kg,Grocery,Aashirvaad,521,33,LOW,158,2026-10-18
LULU-ORD-5724,LULU-KOCHI-02,Bread Loaf,Bakery,Modern,22,18,LOW,15,2026-10-03
LULU-ORD-5725,LULU-TVM-01,Banana Chips 1kg,Snacks,Local Kerala,20,24,LOW,184,2026-10-09
LULU-ORD-5726,LULU-KOCHI-01,Dates 500g,Dry Fruits,Lulu Import,529,44,LOW,28,2026-10-29
LULU-ORD-5727,LULU-KOCHI-02,Mango 1kg,Fruits,Local Farm,330,13,MEDIUM,137,2026-09-28
LULU-ORD-5728,LULU-KOCHI-02,Paneer 200g,Dairy,Milma,196,26,LOW,172,2026-10-11
LULU-ORD-5729,LULU-KOCHI-01,Basmati Rice 5kg,Grocery,India Gate,173,39,LOW,116,2026-10-24
LULU-ORD-5730,LULU-KOCHI-02,Basmati Rice 5kg,Grocery,India Gate,284,12,MEDIUM,137,2026-09-27
LULU-ORD-5731,LULU-CLT-02,Lulu Gold Coin,Jewellery,Lulu Gold,336,11,MEDIUM,101,2026-09-26
LULU-ORD-5732,LULU-KOCHI-02,Mango 1kg,Fruits,Local Farm,167,2,HIGH,30,2026-09-17
LULU-ORD-5733,LULU-CLT-01,Dates 500g,Dry Fruits,Lulu Import,367,35,LOW,46,2026-10-20
LULU-ORD-5734,LULU-KOCHI-01,Mango 1kg,Fruits,Local Farm,147,2,HIGH,156,2026-09-17
LULU-ORD-5735,LULU-KOCHI-01,Banana Chips 1kg,Snacks,Local Kerala,164,38,LOW,39,2026-10-23
LULU-ORD-5736,LULU-CLT-02,Chicken 1kg,Meat,Suguna,340,27,LOW,20,2026-10-12
LULU-ORD-5737,LULU-TVM-01,Banana Chips 1kg,Snacks,Local Kerala,335,21,LOW,112,2026-10-06
LULU-ORD-5738,LULU-KOCHI-02,Basmati Rice 5kg,Grocery,India Gate,456,16,LOW,181,2026-10-01
LULU-ORD-5739,LULU-TVM-01,Banana Chips 1kg,Snacks,Local Kerala,428,12,MEDIUM,195,2026-09-27
LULU-ORD-5740,LULU-KOCHI-02,Paneer 200g,Dairy,Milma,194,3,HIGH,106,2026-09-18
LULU-ORD-5741,LULU-KOCHI-01,Chicken 1kg,Meat,Suguna,353,43,LOW,169,2026-10-28
LULU-ORD-5742,LULU-TVM-01,Atta 10kg,Grocery,Aashirvaad,37,42,LOW,96,2026-10-27
LULU-ORD-5743,LULU-CLT-01,Chicken 1kg,Meat,Suguna,209,14,MEDIUM,67,2026-09-29
LULU-ORD-5744,LULU-KOCHI-01,Atta 10kg,Grocery,Aashirvaad,51,3,MEDIUM,156,2026-09-18
LULU-ORD-5745,LULU-CLT-01,Atta 10kg,Grocery,Aashirvaad,239,11,MEDIUM,174,2026-09-26
LULU-ORD-5746,LULU-CLT-01,Chicken 1kg,Meat,Suguna,191,10,MEDIUM,54,2026-09-25
LULU-ORD-5747,LULU-TVM-01,Chicken 1kg,Meat,Suguna,391,19,LOW,179,2026-10-04
LULU-ORD-5748,LULU-CLT-02,Chicken 1kg,Meat,Suguna,391,35,LOW,121,2026-10-20
LULU-ORD-5749,LULU-KOCHI-02,Atta 10kg,Grocery,Aashirvaad,437,35,LOW,112,2026-10-20
LULU-ORD-5750,LULU-TVM-01,Paneer 200g,Dairy,Milma,18,7,LOW,38,2026-09-22
LULU-ORD-5751,LULU-TVM-01,Atta 10kg,Grocery,Aashirvaad,344,17,LOW,147,2026-10-02
LULU-ORD-5752,LULU-KOCHI-01,Milma Curd 500g,Dairy,Milma,408,20,LOW,44,2026-10-05
LULU-ORD-5753,LULU-CLT-02,Milma Curd 500g,Dairy,Milma,53,25,LOW,155,2026-10-10
LULU-ORD-5754,LULU-TVM-01,Atta 10kg,Grocery,Aashirvaad,519,29,LOW,132,2026-10-14
LULU-ORD-5755,LULU-KOCHI-01,Basmati Rice 5kg,Grocery,India Gate,331,34,LOW,198,2026-10-19
LULU-ORD-5756,LULU-KOCHI-02,Dates 500g,Dry Fruits,Lulu Import,421,19,LOW,89,2026-10-04
LULU-ORD-5757,LULU-CLT-02,Chicken 1kg,Meat,Suguna,455,9,MEDIUM,85,2026-09-24
LULU-ORD-5758,LULU-CLT-02,Banana Chips 1kg,Snacks,Local Kerala,124,40,LOW,193,2026-10-25
LULU-ORD-5759,LULU-CLT-01,Dates 500g,Dry Fruits,Lulu Import,158,12,MEDIUM,59,2026-09-27
LULU-ORD-5760,LULU-CLT-01,Banana Chips 1kg,Snacks,Local Kerala,27,20,LOW,21,2026-10-05
LULU-ORD-5761,LULU-KOCHI-01,Paneer 200g,Dairy,Milma,177,40,LOW,146,2026-10-25
LULU-ORD-5762,LULU-KOCHI-02,Basmati Rice 5kg,Grocery,India Gate,125,19,LOW,140,2026-10-04
LULU-ORD-5763,LULU-KOCHI-02,Mango 1kg,Fruits,Local Farm,124,6,MEDIUM,167,2026-09-21
LULU-ORD-5764,LULU-TVM-01,Lulu Gold Coin,Jewellery,Lulu Gold,167,27,LOW,166,2026-10-12
LULU-ORD-5765,LULU-TVM-01,Mango 1kg,Fruits,Local Farm,294,37,LOW,34,2026-10-22
LULU-ORD-5766,LULU-CLT-02,Banana Chips 1kg,Snacks,Local Kerala,536,45,LOW,38,2026-10-30
LULU-ORD-5767,LULU-CLT-02,Atta 10kg,Grocery,Aashirvaad,30,4,LOW,120,2026-09-19
LULU-ORD-5768,LULU-CLT-02,Dates 500g,Dry Fruits,Lulu Import,429,2,HIGH,190,2026-09-17
LULU-ORD-5769,LULU-KOCHI-01,Milma Curd 500g,Dairy,Milma,73,1,MEDIUM,60,2026-09-16
LULU-ORD-5770,LULU-CLT-02,Banana Chips 1kg,Snacks,Local Kerala,562,22,LOW,149,2026-10-07
LULU-ORD-5771,LULU-CLT-01,Dates 500g,Dry Fruits,Lulu Import,203,7,MEDIUM,92,2026-09-22
LULU-ORD-5772,LULU-KOCHI-01,Milma Curd 500g,Dairy,Milma,344,12,MEDIUM,72,2026-09-27
LULU-ORD-5773,LULU-CLT-01,Atta 10kg,Grocery,Aashirvaad,250,36,LOW,100,2026-10-21
LULU-ORD-5774,LULU-TVM-01,Atta 10kg,Grocery,Aashirvaad,175,27,LOW,53,2026-10-12
LULU-ORD-5775,LULU-KOCHI-02,Mango 1kg,Fruits,Local Farm,73,4,MEDIUM,111,2026-09-19
LULU-ORD-5776,LULU-KOCHI-02,Atta 10kg,Grocery,Aashirvaad,452,11,MEDIUM,121,2026-09-26
LULU-ORD-5777,LULU-TVM-01,Basmati Rice 5kg,Grocery,India Gate,242,12,MEDIUM,62,2026-09-27
LULU-ORD-5778,LULU-CLT-02,Atta 10kg,Grocery,Aashirvaad,404,44,LOW,64,2026-10-29
LULU-ORD-5779,LULU-TVM-01,Lulu Gold Coin,Jewellery,Lulu Gold,427,6,MEDIUM,96,2026-09-21
LULU-ORD-5780,LULU-CLT-02,Chicken 1kg,Meat,Suguna,565,26,LOW,111,2026-10-11
LULU-ORD-5781,LULU-KOCHI-02,Lulu Gold Coin,Jewellery,Lulu Gold,117,16,LOW,151,2026-10-01
LULU-ORD-5782,LULU-CLT-01,Paneer 200g,Dairy,Milma,121,1,HIGH,58,2026-09-16
LULU-ORD-5783,LULU-CLT-02,Banana Chips 1kg,Snacks,Local Kerala,527,11,MEDIUM,67,2026-09-26
LULU-ORD-5784,LULU-TVM-01,Mango 1kg,Fruits,Local Farm,166,7,MEDIUM,140,2026-09-22
LULU-ORD-5785,LULU-KOCHI-02,Basmati Rice 5kg,Grocery,India Gate,367,12,MEDIUM,198,2026-09-27
LULU-ORD-5786,LULU-KOCHI-02,Mango 1kg,Fruits,Local Farm,74,34,LOW,93,2026-10-19
LULU-ORD-5787,LULU-KOCHI-02,Milma Curd 500g,Dairy,Milma,425,31,LOW,108,2026-10-16
LULU-ORD-5788,LULU-KOCHI-01,Chicken 1kg,Meat,Suguna,54,28,LOW,158,2026-10-13
LULU-ORD-5789,LULU-TVM-01,Banana Chips 1kg,Snacks,Local Kerala,16,41,LOW,143,2026-10-26
LULU-ORD-5790,LULU-CLT-01,Chicken 1kg,Meat,Suguna,282,16,LOW,169,2026-10-01
LULU-ORD-5791,LULU-KOCHI-02,Banana Chips 1kg,Snacks,Local Kerala,488,39,LOW,114,2026-10-24
LULU-ORD-5792,LULU-CLT-01,Chicken 1kg,Meat,Suguna,481,33,LOW,100,2026-10-18
LULU-ORD-5793,LULU-TVM-01,Mango 1kg,Fruits,Local Farm,439,38,LOW,174,2026-10-23
LULU-ORD-5794,LULU-KOCHI-01,Basmati Rice 5kg,Grocery,India Gate,564,45,LOW,99,2026-10-30
LULU-ORD-5795,LULU-CLT-01,Lulu Gold Coin,Jewellery,Lulu Gold,192,44,LOW,193,2026-10-29
LULU-ORD-5796,LULU-KOCHI-01,Banana Chips 1kg,Snacks,Local Kerala,410,25,LOW,188,2026-10-10
LULU-ORD-5797,LULU-CLT-02,Dates 500g,Dry Fruits,Lulu Import,556,25,LOW,166,2026-10-10
LULU-ORD-5798,LULU-CLT-02,Bread Loaf,Bakery,Modern,598,7,MEDIUM,92,2026-09-22
LULU-ORD-5799,LULU-TVM-01,Lulu Gold Coin,Jewellery,Lulu Gold,219,20,LOW,139,2026-10-05
LULU-ORD-5800,LULU-KOCHI-01,Mango 1kg,Fruits,Local Farm,589,11,MEDIUM,93,2026-09-26
LULU-ORD-5801,LULU-KOCHI-02,Basmati Rice 5kg,Grocery,India Gate,289,43,LOW,170,2026-10-28
LULU-ORD-5802,LULU-CLT-02,Milma Curd 500g,Dairy,Milma,465,20,LOW,158,2026-10-05
LULU-ORD-5803,LULU-KOCHI-01,Mango 1kg,Fruits,Local Farm,33,29,LOW,170,2026-10-14
LULU-ORD-5804,LULU-KOCHI-02,Lulu Gold Coin,Jewellery,Lulu Gold,156,40,LOW,118,2026-10-25
LULU-ORD-5805,LULU-KOCHI-02,Mango 1kg,Fruits,Local Farm,321,5,HIGH,156,2026-09-20
LULU-ORD-5806,LULU-CLT-01,Mango 1kg,Fruits,Local Farm,415,32,LOW,153,2026-10-17
LULU-ORD-5807,LULU-KOCHI-02,Milma Curd 500g,Dairy,Milma,576,39,LOW,88,2026-10-24
LULU-ORD-5808,LULU-KOCHI-01,Lulu Gold Coin,Jewellery,Lulu Gold,271,36,LOW,185,2026-10-21
LULU-ORD-5809,LULU-KOCHI-02,Mango 1kg,Fruits,Local Farm,594,19,LOW,80,2026-10-04
LULU-ORD-5810,LULU-TVM-01,Chicken 1kg,Meat,Suguna,531,13,MEDIUM,139,2026-09-28
LULU-ORD-5811,LULU-KOCHI-02,Paneer 200g,Dairy,Milma,125,27,LOW,72,2026-10-12
LULU-ORD-5812,LULU-KOCHI-01,Paneer 200g,Dairy,Milma,479,34,LOW,62,2026-10-19
LULU-ORD-5813,LULU-CLT-01,Dates 500g,Dry Fruits,Lulu Import,559,35,LOW,107,2026-10-20
LULU-ORD-5814,LULU-KOCHI-01,Paneer 200g,Dairy,Milma,556,2,HIGH,84,2026-09-17
LULU-ORD-5815,LULU-CLT-02,Bread Loaf,Bakery,Modern,20,39,LOW,179,2026-10-24
LULU-ORD-5816,LULU-KOCHI-01,Atta 10kg,Grocery,Aashirvaad,413,1,HIGH,53,2026-09-16
LULU-ORD-5817,LULU-KOCHI-02,Chicken 1kg,Meat,Suguna,42,11,LOW,45,2026-09-26
LULU-ORD-5818,LULU-KOCHI-02,Lulu Gold Coin,Jewellery,Lulu Gold,50,26,LOW,84,2026-10-11
LULU-ORD-5819,LULU-TVM-01,Atta 10kg,Grocery,Aashirvaad,72,2,MEDIUM,55,2026-09-17
LULU-ORD-5820,LULU-KOCHI-01,Paneer 200g,Dairy,Milma,557,17,LOW,143,2026-10-02
LULU-ORD-5821,LULU-TVM-01,Chicken 1kg,Meat,Suguna,236,1,HIGH,148,2026-09-16
LULU-ORD-5822,LULU-CLT-01,Mango 1kg,Fruits,Local Farm,578,13,MEDIUM,94,2026-09-28
LULU-ORD-5823,LULU-TVM-01,Lulu Gold Coin,Jewellery,Lulu Gold,322,43,LOW,151,2026-10-28
LULU-ORD-5824,LULU-CLT-01,Basmati Rice 5kg,Grocery,India Gate,495,17,LOW,151,2026-10-02
LULU-ORD-5825,LULU-CLT-01,Bread Loaf,Bakery,Modern,435,16,LOW,48,2026-10-01
LULU-ORD-5826,LULU-CLT-01,Lulu Gold Coin,Jewellery,Lulu Gold,389,1,HIGH,10,2026-09-16
LULU-ORD-5827,LULU-KOCHI-01,Basmati Rice 5kg,Grocery,India Gate,57,44,LOW,194,2026-10-29
LULU-ORD-5828,LULU-TVM-01,Dates 500g,Dry Fruits,Lulu Import,422,7,MEDIUM,162,2026-09-22
LULU-ORD-5829,LULU-KOCHI-01,Bread Loaf,Bakery,Modern,218,2,HIGH,109,2026-09-17
LULU-ORD-5830,LULU-KOCHI-01,Paneer 200g,Dairy,Milma,109,36,LOW,154,2026-10-21
LULU-ORD-5831,LULU-KOCHI-01,Basmati Rice 5kg,Grocery,India Gate,458,35,LOW,120,2026-10-20
LULU-ORD-5832,LULU-TVM-01,Lulu Gold Coin,Jewellery,Lulu Gold,593,4,HIGH,132,2026-09-19
LULU-ORD-5833,LULU-KOCHI-02,Milma Curd 500g,Dairy,Milma,131,34,LOW,51,2026-10-19
LULU-ORD-5834,LULU-CLT-01,Dates 500g,Dry Fruits,Lulu Import,45,2,LOW,171,2026-09-17
LULU-ORD-5835,LULU-CLT-01,Basmati Rice 5kg,Grocery,India Gate,447,24,LOW,22,2026-10-09
LULU-ORD-5836,LULU-KOCHI-01,Basmati Rice 5kg,Grocery,India Gate,287,19,LOW,74,2026-10-04
LULU-ORD-5837,LULU-KOCHI-02,Banana Chips 1kg,Snacks,Local Kerala,54,26,LOW,80,2026-10-11
LULU-ORD-5838,LULU-KOCHI-02,Bread Loaf,Bakery,Modern,442,36,LOW,105,2026-10-21
LULU-ORD-5839,LULU-KOCHI-02,Banana Chips 1kg,Snacks,Local Kerala,318,3,HIGH,46,2026-09-18
LULU-ORD-5840,LULU-KOCHI-01,Banana Chips 1kg,Snacks,Local Kerala,129,21,LOW,166,2026-10-06
LULU-ORD-5841,LULU-CLT-02,Mango 1kg,Fruits,Local Farm,456,31,LOW,90,2026-10-16
LULU-ORD-5842,LULU-CLT-02,Dates 500g,Dry Fruits,Lulu Import,192,12,MEDIUM,41,2026-09-27
LULU-ORD-5843,LULU-CLT-02,Mango 1kg,Fruits,Local Farm,18,22,LOW,65,2026-10-07
LULU-ORD-5844,LULU-KOCHI-01,Paneer 200g,Dairy,Milma,460,2,HIGH,137,2026-09-17
LULU-ORD-5845,LULU-KOCHI-01,Paneer 200g,Dairy,Milma,501,25,LOW,148,2026-10-10
LULU-ORD-5846,LULU-TVM-01,Paneer 200g,Dairy,Milma,343,24,LOW,67,2026-10-09
LULU-ORD-5847,LULU-CLT-02,Mango 1kg,Fruits,Local Farm,457,21,LOW,34,2026-10-06
LULU-ORD-5848,LULU-KOCHI-01,Basmati Rice 5kg,Grocery,India Gate,557,15,MEDIUM,11,2026-09-30
LULU-ORD-5849,LULU-KOCHI-01,Lulu Gold Coin,Jewellery,Lulu Gold,93,9,MEDIUM,95,2026-09-24
LULU-ORD-5850,LULU-CLT-02,Bread Loaf,Bakery,Modern,233,7,MEDIUM,189,2026-09-22
LULU-ORD-5851,LULU-CLT-02,Mango 1kg,Fruits,Local Farm,67,1,MEDIUM,110,2026-09-16
LULU-ORD-5852,LULU-CLT-01,Banana Chips 1kg,Snacks,Local Kerala,199,6,MEDIUM,193,2026-09-21
LULU-ORD-5853,LULU-CLT-02,Lulu Gold Coin,Jewellery,Lulu Gold,252,41,LOW,172,2026-10-26
LULU-ORD-5854,LULU-KOCHI-02,Lulu Gold Coin,Jewellery,Lulu Gold,516,11,MEDIUM,79,2026-09-26
LULU-ORD-5855,LULU-TVM-01,Atta 10kg,Grocery,Aashirvaad,568,16,LOW,98,2026-10-01
LULU-ORD-5856,LULU-KOCHI-01,Atta 10kg,Grocery,Aashirvaad,338,44,LOW,151,2026-10-29
LULU-ORD-5857,LULU-TVM-01,Bread Loaf,Bakery,Modern,185,12,MEDIUM,181,2026-09-27
LULU-ORD-5858,LULU-KOCHI-01,Paneer 200g,Dairy,Milma,184,44,LOW,45,2026-10-29
LULU-ORD-5859,LULU-CLT-01,Bread Loaf,Bakery,Modern,113,26,LOW,138,2026-10-11
LULU-ORD-5860,LULU-TVM-01,Bread Loaf,Bakery,Modern,510,24,LOW,31,2026-10-09
LULU-ORD-5861,LULU-KOCHI-01,Lulu Gold Coin,Jewellery,Lulu Gold,78,4,MEDIUM,23,2026-09-19
LULU-ORD-5862,LULU-KOCHI-01,Atta 10kg,Grocery,Aashirvaad,58,24,LOW,163,2026-10-09
LULU-ORD-5863,LULU-KOCHI-02,Chicken 1kg,Meat,Suguna,274,29,LOW,88,2026-10-14
LULU-ORD-5864,LULU-KOCHI-01,Paneer 200g,Dairy,Milma,492,15,MEDIUM,173,2026-09-30
LULU-ORD-5865,LULU-KOCHI-01,Basmati Rice 5kg,Grocery,India Gate,375,10,MEDIUM,122,2026-09-25
LULU-ORD-5866,LULU-KOCHI-02,Atta 10kg,Grocery,Aashirvaad,312,8,MEDIUM,40,2026-09-23
LULU-ORD-5867,LULU-TVM-01,Bread Loaf,Bakery,Modern,317,45,LOW,127,2026-10-30
LULU-ORD-5868,LULU-TVM-01,Basmati Rice 5kg,Grocery,India Gate,276,19,LOW,62,2026-10-04
LULU-ORD-5869,LULU-KOCHI-02,Milma Curd 500g,Dairy,Milma,351,15,MEDIUM,140,2026-09-30
LULU-ORD-5870,LULU-CLT-02,Atta 10kg,Grocery,Aashirvaad,41,15,LOW,41,2026-09-30
LULU-ORD-5871,LULU-CLT-01,Atta 10kg,Grocery,Aashirvaad,232,27,LOW,27,2026-10-12
LULU-ORD-5872,LULU-TVM-01,Basmati Rice 5kg,Grocery,India Gate,255,42,LOW,163,2026-10-27
LULU-ORD-5873,LULU-TVM-01,Banana Chips 1kg,Snacks,Local Kerala,447,3,HIGH,131,2026-09-18
LULU-ORD-5874,LULU-TVM-01,Atta 10kg,Grocery,Aashirvaad,557,12,MEDIUM,27,2026-09-27
LULU-ORD-5875,LULU-TVM-01,Bread Loaf,Bakery,Modern,188,31,LOW,131,2026-10-16
LULU-ORD-5876,LULU-TVM-01,Basmati Rice 5kg,Grocery,India Gate,19,19,LOW,121,2026-10-04
LULU-ORD-5877,LULU-CLT-01,Banana Chips 1kg,Snacks,Local Kerala,333,44,LOW,90,2026-10-29
LULU-ORD-5878,LULU-KOCHI-01,Banana Chips 1kg,Snacks,Local Kerala,135,29,LOW,114,2026-10-14
LULU-ORD-5879,LULU-CLT-02,Bread Loaf,Bakery,Modern,227,21,LOW,133,2026-10-06
LULU-ORD-5880,LULU-TVM-01,Atta 10kg,Grocery,Aashirvaad,61,7,MEDIUM,154,2026-09-22
LULU-ORD-5881,LULU-KOCHI-02,Chicken 1kg,Meat,Suguna,374,28,LOW,58,2026-10-13
LULU-ORD-5882,LULU-KOCHI-02,Paneer 200g,Dairy,Milma,295,25,LOW,32,2026-10-10
LULU-ORD-5883,LULU-CLT-02,Lulu Gold Coin,Jewellery,Lulu Gold,463,25,LOW,161,2026-10-10
LULU-ORD-5884,LULU-CLT-02,Dates 500g,Dry Fruits,Lulu Import,76,20,LOW,63,2026-10-05
LULU-ORD-5885,LULU-TVM-01,Dates 500g,Dry Fruits,Lulu Import,149,38,LOW,157,2026-10-23
LULU-ORD-5886,LULU-KOCHI-02,Paneer 200g,Dairy,Milma,395,41,LOW,77,2026-10-26
LULU-ORD-5887,LULU-TVM-01,Bread Loaf,Bakery,Modern,63,40,LOW,157,2026-10-25
LULU-ORD-5888,LULU-CLT-01,Mango 1kg,Fruits,Local Farm,39,45,LOW,38,2026-10-30
LULU-ORD-5889,LULU-TVM-01,Milma Curd 500g,Dairy,Milma,555,39,LOW,97,2026-10-24
LULU-ORD-5890,LULU-CLT-01,Lulu Gold Coin,Jewellery,Lulu Gold,243,37,LOW,146,2026-10-22
LULU-ORD-5891,LULU-CLT-01,Basmati Rice 5kg,Grocery,India Gate,358,11,MEDIUM,190,2026-09-26
LULU-ORD-5892,LULU-KOCHI-02,Chicken 1kg,Meat,Suguna,563,39,LOW,179,2026-10-24
LULU-ORD-5893,LULU-CLT-02,Atta 10kg,Grocery,Aashirvaad,307,19,LOW,176,2026-10-04
LULU-ORD-5894,LULU-TVM-01,Paneer 200g,Dairy,Milma,409,18,LOW,142,2026-10-03
LULU-ORD-5895,LULU-KOCHI-01,Paneer 200g,Dairy,Milma,478,38,LOW,122,2026-10-23
LULU-ORD-5896,LULU-KOCHI-02,Banana Chips 1kg,Snacks,Local Kerala,584,24,LOW,94,2026-10-09
LULU-ORD-5897,LULU-CLT-02,Mango 1kg,Fruits,Local Farm,366,34,LOW,142,2026-10-19
LULU-ORD-5898,LULU-CLT-02,Chicken 1kg,Meat,Suguna,62,12,MEDIUM,28,2026-09-27
LULU-ORD-5899,LULU-TVM-01,Lulu Gold Coin,Jewellery,Lulu Gold,483,35,LOW,179,2026-10-20
LULU-ORD-5900,LULU-TVM-01,Chicken 1kg,Meat,Suguna,150,20,LOW,148,2026-10-05
LULU-ORD-5901,LULU-KOCHI-02,Basmati Rice 5kg,Grocery,India Gate,472,6,MEDIUM,13,2026-09-21
LULU-ORD-5902,LULU-KOCHI-01,Bread Loaf,Bakery,Modern,551,20,LOW,94,2026-10-05
LULU-ORD-5903,LULU-KOCHI-02,Chicken 1kg,Meat,Suguna,282,14,MEDIUM,137,2026-09-29
LULU-ORD-5904,LULU-TVM-01,Banana Chips 1kg,Snacks,Local Kerala,545,26,LOW,36,2026-10-11
LULU-ORD-5905,LULU-CLT-01,Chicken 1kg,Meat,Suguna,196,14,MEDIUM,63,2026-09-29
LULU-ORD-5906,LULU-KOCHI-02,Atta 10kg,Grocery,Aashirvaad,524,22,LOW,147,2026-10-07
LULU-ORD-5907,LULU-CLT-02,Chicken 1kg,Meat,Suguna,93,37,LOW,166,2026-10-22
LULU-ORD-5908,LULU-KOCHI-01,Lulu Gold Coin,Jewellery,Lulu Gold,561,6,MEDIUM,96,2026-09-21
LULU-ORD-5909,LULU-TVM-01,Mango 1kg,Fruits,Local Farm,21,2,LOW,178,2026-09-17
LULU-ORD-5910,LULU-KOCHI-02,Mango 1kg,Fruits,Local Farm,180,7,MEDIUM,129,2026-09-22
LULU-ORD-5911,LULU-KOCHI-01,Mango 1kg,Fruits,Local Farm,58,24,LOW,47,2026-10-09
LULU-ORD-5912,LULU-TVM-01,Atta 10kg,Grocery,Aashirvaad,445,28,LOW,63,2026-10-13
LULU-ORD-5913,LULU-KOCHI-01,Basmati Rice 5kg,Grocery,India Gate,392,6,MEDIUM,200,2026-09-21
LULU-ORD-5914,LULU-KOCHI-02,Atta 10kg,Grocery,Aashirvaad,561,2,HIGH,13,2026-09-17
LULU-ORD-5915,LULU-KOCHI-02,Bread Loaf,Bakery,Modern,209,9,MEDIUM,15,2026-09-24
LULU-ORD-5916,LULU-CLT-02,Chicken 1kg,Meat,Suguna,134,37,LOW,159,2026-10-22
LULU-ORD-5917,LULU-TVM-01,Chicken 1kg,Meat,Suguna,20,16,LOW,42,2026-10-01
LULU-ORD-5918,LULU-CLT-02,Mango 1kg,Fruits,Local Farm,495,20,LOW,175,2026-10-05
LULU-ORD-5919,LULU-CLT-02,Bread Loaf,Bakery,Modern,367,8,MEDIUM,195,2026-09-23
LULU-ORD-5920,LULU-CLT-01,Dates 500g,Dry Fruits,Lulu Import,53,37,LOW,186,2026-10-22
LULU-ORD-5921,LULU-CLT-01,Atta 10kg,Grocery,Aashirvaad,345,35,LOW,138,2026-10-20
LULU-ORD-5922,LULU-KOCHI-01,Chicken 1kg,Meat,Suguna,53,19,LOW,25,2026-10-04
LULU-ORD-5923,LULU-KOCHI-02,Banana Chips 1kg,Snacks,Local Kerala,316,14,MEDIUM,62,2026-09-29
LULU-ORD-5924,LULU-TVM-01,Dates 500g,Dry Fruits,Lulu Import,81,22,LOW,137,2026-10-07
LULU-ORD-5925,LULU-CLT-02,Basmati Rice 5kg,Grocery,India Gate,398,26,LOW,122,2026-10-11
LULU-ORD-5926,LULU-KOCHI-01,Chicken 1kg,Meat,Suguna,232,45,LOW,140,2026-10-30
LULU-ORD-5927,LULU-CLT-02,Mango 1kg,Fruits,Local Farm,420,37,LOW,63,2026-10-22
LULU-ORD-5928,LULU-CLT-01,Bread Loaf,Bakery,Modern,257,40,LOW,190,2026-10-25
LULU-ORD-5929,LULU-KOCHI-01,Milma Curd 500g,Dairy,Milma,351,35,LOW,120,2026-10-20
LULU-ORD-5930,LULU-KOCHI-01,Chicken 1kg,Meat,Suguna,385,41,LOW,125,2026-10-26
LULU-ORD-5931,LULU-KOCHI-01,Basmati Rice 5kg,Grocery,India Gate,98,42,LOW,108,2026-10-27
LULU-ORD-5932,LULU-KOCHI-02,Dates 500g,Dry Fruits,Lulu Import,255,38,LOW,155,2026-10-23
LULU-ORD-5933,LULU-CLT-01,Banana Chips 1kg,Snacks,Local Kerala,375,23,LOW,35,2026-10-08
LULU-ORD-5934,LULU-KOCHI-02,Dates 500g,Dry Fruits,Lulu Import,307,16,LOW,183,2026-10-01
LULU-ORD-5935,LULU-CLT-02,Mango 1kg,Fruits,Local Farm,53,43,LOW,140,2026-10-28
LULU-ORD-5936,LULU-CLT-02,Basmati Rice 5kg,Grocery,India Gate,492,32,LOW,126,2026-10-17
LULU-ORD-5937,LULU-TVM-01,Milma Curd 500g,Dairy,Milma,172,35,LOW,117,2026-10-20
LULU-ORD-5938,LULU-KOCHI-01,Dates 500g,Dry Fruits,Lulu Import,429,1,HIGH,73,2026-09-16
LULU-ORD-5939,LULU-CLT-01,Paneer 200g,Dairy,Milma,191,34,LOW,106,2026-10-19
LULU-ORD-5940,LULU-KOCHI-02,Paneer 200g,Dairy,Milma,272,5,HIGH,29,2026-09-20
LULU-ORD-5941,LULU-KOCHI-02,Milma Curd 500g,Dairy,Milma,117,40,LOW,92,2026-10-25
LULU-ORD-5942,LULU-KOCHI-01,Basmati Rice 5kg,Grocery,India Gate,352,35,LOW,114,2026-10-20
LULU-ORD-5943,LULU-CLT-01,Paneer 200g,Dairy,Milma,53,24,LOW,19,2026-10-09
LULU-ORD-5944,LULU-CLT-01,Basmati Rice 5kg,Grocery,India Gate,583,35,LOW,44,2026-10-20
LULU-ORD-5945,LULU-KOCHI-01,Lulu Gold Coin,Jewellery,Lulu Gold,229,1,HIGH,46,2026-09-16
LULU-ORD-5946,LULU-KOCHI-02,Lulu Gold Coin,Jewellery,Lulu Gold,439,14,MEDIUM,44,2026-09-29
LULU-ORD-5947,LULU-KOCHI-01,Atta 10kg,Grocery,Aashirvaad,114,17,LOW,183,2026-10-02
LULU-ORD-5948,LULU-TVM-01,Paneer 200g,Dairy,Milma,474,8,MEDIUM,158,2026-09-23
LULU-ORD-5949,LULU-CLT-01,Basmati Rice 5kg,Grocery,India Gate,334,14,MEDIUM,157,2026-09-29
LULU-ORD-5950,LULU-KOCHI-02,Dates 500g,Dry Fruits,Lulu Import,598,3,HIGH,136,2026-09-18
LULU-ORD-5951,LULU-TVM-01,Dates 500g,Dry Fruits,Lulu Import,276,45,LOW,170,2026-10-30
LULU-ORD-5952,LULU-CLT-02,Milma Curd 500g,Dairy,Milma,593,12,MEDIUM,139,2026-09-27
LULU-ORD-5953,LULU-TVM-01,Atta 10kg,Grocery,Aashirvaad,294,40,LOW,126,2026-10-25
LULU-ORD-5954,LULU-CLT-01,Paneer 200g,Dairy,Milma,337,23,LOW,190,2026-10-08
LULU-ORD-5955,LULU-KOCHI-02,Basmati Rice 5kg,Grocery,India Gate,346,35,LOW,44,2026-10-20
LULU-ORD-5956,LULU-KOCHI-01,Lulu Gold Coin,Jewellery,Lulu Gold,136,30,LOW,60,2026-10-15
LULU-ORD-5957,LULU-TVM-01,Milma Curd 500g,Dairy,Milma,445,36,LOW,40,2026-10-21
LULU-ORD-5958,LULU-CLT-01,Chicken 1kg,Meat,Suguna,402,18,LOW,61,2026-10-03
LULU-ORD-5959,LULU-TVM-01,Paneer 200g,Dairy,Milma,223,38,LOW,143,2026-10-23
LULU-ORD-5960,LULU-CLT-02,Chicken 1kg,Meat,Suguna,529,32,LOW,150,2026-10-17
LULU-ORD-5961,LULU-KOCHI-01,Lulu Gold Coin,Jewellery,Lulu Gold,463,42,LOW,141,2026-10-27
LULU-ORD-5962,LULU-KOCHI-02,Basmati Rice 5kg,Grocery,India Gate,249,14,MEDIUM,82,2026-09-29
LULU-ORD-5963,LULU-KOCHI-01,Lulu Gold Coin,Jewellery,Lulu Gold,470,1,HIGH,34,2026-09-16
LULU-ORD-5964,LULU-CLT-01,Basmati Rice 5kg,Grocery,India Gate,18,39,LOW,169,2026-10-24
LULU-ORD-5965,LULU-TVM-01,Chicken 1kg,Meat,Suguna,367,13,MEDIUM,173,2026-09-28
LULU-ORD-5966,LULU-TVM-01,Dates 500g,Dry Fruits,Lulu Import,33,12,LOW,42,2026-09-27
LULU-ORD-5967,LULU-KOCHI-01,Dates 500g,Dry Fruits,Lulu Import,146,23,LOW,52,2026-10-08
LULU-ORD-5968,LULU-CLT-02,Milma Curd 500g,Dairy,Milma,278,5,HIGH,69,2026-09-20
LULU-ORD-5969,LULU-KOCHI-01,Chicken 1kg,Meat,Suguna,45,42,LOW,125,2026-10-27
LULU-ORD-5970,LULU-KOCHI-01,Lulu Gold Coin,Jewellery,Lulu Gold,147,1,HIGH,81,2026-09-16
LULU-ORD-5971,LULU-KOCHI-02,Chicken 1kg,Meat,Suguna,30,4,LOW,186,2026-09-19
LULU-ORD-5972,LULU-TVM-01,Mango 1kg,Fruits,Local Farm,288,7,MEDIUM,65,2026-09-22
LULU-ORD-5973,LULU-CLT-02,Banana Chips 1kg,Snacks,Local Kerala,287,24,LOW,151,2026-10-09
LULU-ORD-5974,LULU-KOCHI-02,Chicken 1kg,Meat,Suguna,70,40,LOW,192,2026-10-25
LULU-ORD-5975,LULU-CLT-02,Mango 1kg,Fruits,Local Farm,326,7,MEDIUM,46,2026-09-22
LULU-ORD-5976,LULU-CLT-01,Paneer 200g,Dairy,Milma,567,30,LOW,160,2026-10-15
LULU-ORD-5977,LULU-KOCHI-02,Atta 10kg,Grocery,Aashirvaad,496,10,MEDIUM,75,2026-09-25
LULU-ORD-5978,LULU-CLT-02,Mango 1kg,Fruits,Local Farm,426,14,MEDIUM,55,2026-09-29
LULU-ORD-5979,LULU-KOCHI-01,Bread Loaf,Bakery,Modern,90,32,LOW,46,2026-10-17
LULU-ORD-5980,LULU-KOCHI-01,Banana Chips 1kg,Snacks,Local Kerala,306,1,HIGH,187,2026-09-16
LULU-ORD-5981,LULU-CLT-01,Basmati Rice 5kg,Grocery,India Gate,186,27,LOW,37,2026-10-12
LULU-ORD-5982,LULU-CLT-02,Atta 10kg,Grocery,Aashirvaad,62,3,MEDIUM,88,2026-09-18
LULU-ORD-5983,LULU-CLT-01,Dates 500g,Dry Fruits,Lulu Import,548,28,LOW,186,2026-10-13
LULU-ORD-5984,LULU-KOCHI-02,Dates 500g,Dry Fruits,Lulu Import,230,4,HIGH,13,2026-09-19
LULU-ORD-5985,LULU-KOCHI-02,Banana Chips 1kg,Snacks,Local Kerala,569,26,LOW,187,2026-10-11
LULU-ORD-5986,LULU-CLT-01,Banana Chips 1kg,Snacks,Local Kerala,67,10,MEDIUM,18,2026-09-25
LULU-ORD-5987,LULU-KOCHI-02,Mango 1kg,Fruits,Local Farm,353,16,LOW,116,2026-10-01
LULU-ORD-5988,LULU-KOCHI-01,Banana Chips 1kg,Snacks,Local Kerala,81,37,LOW,60,2026-10-22
LULU-ORD-5989,LULU-CLT-01,Dates 500g,Dry Fruits,Lulu Import,566,38,LOW,12,2026-10-23
LULU-ORD-5990,LULU-TVM-01,Bread Loaf,Bakery,Modern,486,31,LOW,90,2026-10-16
LULU-ORD-5991,LULU-KOCHI-02,Milma Curd 500g,Dairy,Milma,71,7,MEDIUM,72,2026-09-22
LULU-ORD-5992,LULU-CLT-01,Banana Chips 1kg,Snacks,Local Kerala,351,37,LOW,16,2026-10-22
LULU-ORD-5993,LULU-KOCHI-02,Lulu Gold Coin,Jewellery,Lulu Gold,231,40,LOW,32,2026-10-25
LULU-ORD-5994,LULU-KOCHI-02,Basmati Rice 5kg,Grocery,India Gate,45,42,LOW,53,2026-10-27
LULU-ORD-5995,LULU-CLT-02,Banana Chips 1kg,Snacks,Local Kerala,105,7,MEDIUM,148,2026-09-22
LULU-ORD-5996,LULU-TVM-01,Dates 500g,Dry Fruits,Lulu Import,589,3,HIGH,130,2026-09-18
LULU-ORD-5997,LULU-CLT-02,Chicken 1kg,Meat,Suguna,409,32,LOW,57,2026-10-17
LULU-ORD-5998,LULU-KOCHI-01,Chicken 1kg,Meat,Suguna,35,17,LOW,191,2026-10-02
LULU-ORD-5999,LULU-KOCHI-02,Paneer 200g,Dairy,Milma,427,8,MEDIUM,38,2026-09-23
LULU-ORD-6000,LULU-CLT-01,Mango 1kg,Fruits,Local Farm,181,36,LOW,131,2026-10-21
LULU-ORD-6001,LULU-KOCHI-01,Milma Curd 500g,Dairy,Milma,475,17,LOW,72,2026-10-02
LULU-ORD-6002,LULU-CLT-02,Dates 500g,Dry Fruits,Lulu Import,65,10,MEDIUM,87,2026-09-25
LULU-ORD-6003,LULU-KOCHI-01,Paneer 200g,Dairy,Milma,144,12,MEDIUM,46,2026-09-27
LULU-ORD-6004,LULU-CLT-02,Chicken 1kg,Meat,Suguna,416,1,HIGH,97,2026-09-16
LULU-ORD-6005,LULU-KOCHI-01,Banana Chips 1kg,Snacks,Local Kerala,229,38,LOW,31,2026-10-23
LULU-ORD-6006,LULU-KOCHI-01,Banana Chips 1kg,Snacks,Local Kerala,27,38,LOW,88,2026-10-23
LULU-ORD-6007,LULU-KOCHI-02,Lulu Gold Coin,Jewellery,Lulu Gold,495,12,MEDIUM,167,2026-09-27
LULU-ORD-6008,LULU-CLT-02,Milma Curd 500g,Dairy,Milma,223,44,LOW,117,2026-10-29
LULU-ORD-6009,LULU-CLT-02,Bread Loaf,Bakery,Modern,333,7,MEDIUM,43,2026-09-22
LULU-ORD-6010,LULU-KOCHI-02,Lulu Gold Coin,Jewellery,Lulu Gold,428,6,MEDIUM,164,2026-09-21
LULU-ORD-6011,LULU-CLT-02,Paneer 200g,Dairy,Milma,580,2,HIGH,79,2026-09-17
LULU-ORD-6012,LULU-TVM-01,Bread Loaf,Bakery,Modern,377,38,LOW,99,2026-10-23
LULU-ORD-6013,LULU-CLT-02,Chicken 1kg,Meat,Suguna,401,3,HIGH,37,2026-09-18
LULU-ORD-6014,LULU-CLT-01,Chicken 1kg,Meat,Suguna,598,43,LOW,91,2026-10-28
LULU-ORD-6015,LULU-KOCHI-02,Atta 10kg,Grocery,Aashirvaad,103,11,MEDIUM,148,2026-09-26
LULU-ORD-6016,LULU-TVM-01,Dates 500g,Dry Fruits,Lulu Import,302,39,LOW,115,2026-10-24
LULU-ORD-6017,LULU-KOCHI-02,Paneer 200g,Dairy,Milma,500,36,LOW,141,2026-10-21
LULU-ORD-6018,LULU-KOCHI-02,Dates 500g,Dry Fruits,Lulu Import,139,14,MEDIUM,107,2026-09-29
LULU-ORD-6019,LULU-TVM-01,Milma Curd 500g,Dairy,Milma,19,33,LOW,78,2026-10-18
LULU-ORD-6020,LULU-CLT-01,Paneer 200g,Dairy,Milma,477,17,LOW,140,2026-10-02
LULU-ORD-6021,LULU-TVM-01,Basmati Rice 5kg,Grocery,India Gate,458,43,LOW,32,2026-10-28
LULU-ORD-6022,LULU-CLT-01,Mango 1kg,Fruits,Local Farm,122,37,LOW,135,2026-10-22
LULU-ORD-6023,LULU-CLT-01,Paneer 200g,Dairy,Milma,590,9,MEDIUM,121,2026-09-24
LULU-ORD-6024,LULU-KOCHI-02,Paneer 200g,Dairy,Milma,54,4,MEDIUM,156,2026-09-19
LULU-ORD-6025,LULU-TVM-01,Atta 10kg,Grocery,Aashirvaad,216,26,LOW,196,2026-10-11
LULU-ORD-6026,LULU-CLT-02,Banana Chips 1kg,Snacks,Local Kerala,212,21,LOW,81,2026-10-06
LULU-ORD-6027,LULU-KOCHI-02,Atta 10kg,Grocery,Aashirvaad,285,33,LOW,79,2026-10-18
LULU-ORD-6028,LULU-CLT-02,Lulu Gold Coin,Jewellery,Lulu Gold,50,33,LOW,40,2026-10-18
LULU-ORD-6029,LULU-KOCHI-02,Basmati Rice 5kg,Grocery,India Gate,597,34,LOW,91,2026-10-19
LULU-ORD-6030,LULU-CLT-02,Paneer 200g,Dairy,Milma,452,12,MEDIUM,192,2026-09-27
LULU-ORD-6031,LULU-CLT-02,Milma Curd 500g,Dairy,Milma,182,5,HIGH,61,2026-09-20
LULU-ORD-6032,LULU-KOCHI-01,Lulu Gold Coin,Jewellery,Lulu Gold,161,1,HIGH,94,2026-09-16
LULU-ORD-6033,LULU-CLT-01,Milma Curd 500g,Dairy,Milma,223,14,MEDIUM,25,2026-09-29
LULU-ORD-6034,LULU-TVM-01,Milma Curd 500g,Dairy,Milma,28,36,LOW,106,2026-10-21
LULU-ORD-6035,LULU-KOCHI-02,Basmati Rice 5kg,Grocery,India Gate,308,26,LOW,71,2026-10-11
LULU-ORD-6036,LULU-CLT-01,Mango 1kg,Fruits,Local Farm,123,40,LOW,10,2026-10-25
LULU-ORD-6037,LULU-TVM-01,Atta 10kg,Grocery,Aashirvaad,543,37,LOW,33,2026-10-22
LULU-ORD-6038,LULU-KOCHI-02,Chicken 1kg,Meat,Suguna,268,8,MEDIUM,10,2026-09-23
LULU-ORD-6039,LULU-TVM-01,Milma Curd 500g,Dairy,Milma,104,25,LOW,199,2026-10-10
LULU-ORD-6040,LULU-KOCHI-02,Banana Chips 1kg,Snacks,Local Kerala,250,9,MEDIUM,61,2026-09-24
LULU-ORD-6041,LULU-KOCHI-02,Lulu Gold Coin,Jewellery,Lulu Gold,554,37,LOW,199,2026-10-22
LULU-ORD-6042,LULU-CLT-01,Mango 1kg,Fruits,Local Farm,55,25,LOW,148,2026-10-10
LULU-ORD-6043,LULU-CLT-01,Bread Loaf,Bakery,Modern,317,35,LOW,150,2026-10-20
LULU-ORD-6044,LULU-KOCHI-02,Dates 500g,Dry Fruits,Lulu Import,501,17,LOW,72,2026-10-02
LULU-ORD-6045,LULU-TVM-01,Milma Curd 500g,Dairy,Milma,61,2,MEDIUM,160,2026-09-17
LULU-ORD-6046,LULU-CLT-02,Atta 10kg,Grocery,Aashirvaad,293,44,LOW,73,2026-10-29
LULU-ORD-6047,LULU-CLT-02,Dates 500g,Dry Fruits,Lulu Import,131,7,MEDIUM,124,2026-09-22
LULU-ORD-6048,LULU-CLT-01,Chicken 1kg,Meat,Suguna,108,34,LOW,91,2026-10-19
LULU-ORD-6049,LULU-KOCHI-01,Chicken 1kg,Meat,Suguna,578,42,LOW,187,2026-10-27
LULU-ORD-6050,LULU-CLT-02,Paneer 200g,Dairy,Milma,347,33,LOW,156,2026-10-18
LULU-ORD-6051,LULU-CLT-02,Paneer 200g,Dairy,Milma,163,2,HIGH,172,2026-09-17
LULU-ORD-6052,LULU-KOCHI-01,Paneer 200g,Dairy,Milma,22,5,LOW,62,2026-09-20
LULU-ORD-6053,LULU-KOCHI-02,Bread Loaf,Bakery,Modern,254,18,LOW,115,2026-10-03
LULU-ORD-6054,LULU-KOCHI-02,Milma Curd 500g,Dairy,Milma,467,21,LOW,157,2026-10-06
LULU-ORD-6055,LULU-TVM-01,Mango 1kg,Fruits,Local Farm,266,19,LOW,190,2026-10-04
LULU-ORD-6056,LULU-KOCHI-02,Paneer 200g,Dairy,Milma,424,28,LOW,47,2026-10-13
LULU-ORD-6057,LULU-TVM-01,Milma Curd 500g,Dairy,Milma,107,4,HIGH,45,2026-09-19
LULU-ORD-6058,LULU-TVM-01,Paneer 200g,Dairy,Milma,26,9,LOW,33,2026-09-24
LULU-ORD-6059,LULU-CLT-02,Atta 10kg,Grocery,Aashirvaad,165,9,MEDIUM,141,2026-09-24
LULU-ORD-6060,LULU-CLT-02,Lulu Gold Coin,Jewellery,Lulu Gold,305,1,HIGH,110,2026-09-16
LULU-ORD-6061,LULU-KOCHI-01,Banana Chips 1kg,Snacks,Local Kerala,44,34,LOW,138,2026-10-19
LULU-ORD-6062,LULU-KOCHI-01,Chicken 1kg,Meat,Suguna,518,17,LOW,44,2026-10-02
LULU-ORD-6063,LULU-CLT-02,Lulu Gold Coin,Jewellery,Lulu Gold,242,23,LOW,115,2026-10-08
LULU-ORD-6064,LULU-KOCHI-01,Paneer 200g,Dairy,Milma,173,15,MEDIUM,126,2026-09-30
LULU-ORD-6065,LULU-CLT-01,Milma Curd 500g,Dairy,Milma,18,19,LOW,50,2026-10-04
LULU-ORD-6066,LULU-CLT-02,Mango 1kg,Fruits,Local Farm,106,36,LOW,151,2026-10-21
LULU-ORD-6067,LULU-CLT-01,Bread Loaf,Bakery,Modern,119,36,LOW,185,2026-10-21
LULU-ORD-6068,LULU-CLT-02,Dates 500g,Dry Fruits,Lulu Import,81,41,LOW,171,2026-10-26
LULU-ORD-6069,LULU-CLT-01,Bread Loaf,Bakery,Modern,364,37,LOW,83,2026-10-22
LULU-ORD-6070,LULU-CLT-01,Dates 500g,Dry Fruits,Lulu Import,127,3,HIGH,128,2026-09-18
LULU-ORD-6071,LULU-CLT-01,Mango 1kg,Fruits,Local Farm,187,15,MEDIUM,77,2026-09-30
LULU-ORD-6072,LULU-CLT-01,Dates 500g,Dry Fruits,Lulu Import,428,2,HIGH,31,2026-09-17
LULU-ORD-6073,LULU-TVM-01,Banana Chips 1kg,Snacks,Local Kerala,585,16,LOW,46,2026-10-01
LULU-ORD-6074,LULU-CLT-01,Lulu Gold Coin,Jewellery,Lulu Gold,98,2,MEDIUM,195,2026-09-17
LULU-ORD-6075,LULU-TVM-01,Banana Chips 1kg,Snacks,Local Kerala,215,9,MEDIUM,198,2026-09-24
LULU-ORD-6076,LULU-CLT-01,Dates 500g,Dry Fruits,Lulu Import,80,23,LOW,42,2026-10-08
LULU-ORD-6077,LULU-KOCHI-01,Milma Curd 500g,Dairy,Milma,280,35,LOW,12,2026-10-20
LULU-ORD-6078,LULU-KOCHI-01,Lulu Gold Coin,Jewellery,Lulu Gold,449,28,LOW,67,2026-10-13
LULU-ORD-6079,LULU-CLT-01,Paneer 200g,Dairy,Milma,329,25,LOW,88,2026-10-10
LULU-ORD-6080,LULU-KOCHI-02,Banana Chips 1kg,Snacks,Local Kerala,157,29,LOW,66,2026-10-14
LULU-ORD-6081,LULU-CLT-01,Paneer 200g,Dairy,Milma,402,2,HIGH,169,2026-09-17
LULU-ORD-6082,LULU-CLT-01,Chicken 1kg,Meat,Suguna,350,16,LOW,103,2026-10-01
LULU-ORD-6083,LULU-KOCHI-02,Lulu Gold Coin,Jewellery,Lulu Gold,219,20,LOW,48,2026-10-05
LULU-ORD-6084,LULU-TVM-01,Paneer 200g,Dairy,Milma,250,23,LOW,117,2026-10-08
LULU-ORD-6085,LULU-TVM-01,Chicken 1kg,Meat,Suguna,512,27,LOW,53,2026-10-12
LULU-ORD-6086,LULU-CLT-02,Banana Chips 1kg,Snacks,Local Kerala,335,7,MEDIUM,127,2026-09-22
LULU-ORD-6087,LULU-CLT-01,Banana Chips 1kg,Snacks,Local Kerala,413,29,LOW,140,2026-10-14
LULU-ORD-6088,LULU-KOCHI-01,Dates 500g,Dry Fruits,Lulu Import,438,25,LOW,188,2026-10-10
LULU-ORD-6089,LULU-KOCHI-01,Dates 500g,Dry Fruits,Lulu Import,166,9,MEDIUM,29,2026-09-24
LULU-ORD-6090,LULU-TVM-01,Mango 1kg,Fruits,Local Farm,462,27,LOW,123,2026-10-12
LULU-ORD-6091,LULU-KOCHI-01,Atta 10kg,Grocery,Aashirvaad,286,40,LOW,131,2026-10-25
LULU-ORD-6092,LULU-CLT-02,Lulu Gold Coin,Jewellery,Lulu Gold,92,43,LOW,158,2026-10-28
LULU-ORD-6093,LULU-CLT-01,Milma Curd 500g,Dairy,Milma,222,24,LOW,19,2026-10-09
LULU-ORD-6094,LULU-KOCHI-01,Dates 500g,Dry Fruits,Lulu Import,121,33,LOW,138,2026-10-18
LULU-ORD-6095,LULU-CLT-02,Mango 1kg,Fruits,Local Farm,504,20,LOW,42,2026-10-05
LULU-ORD-6096,LULU-CLT-02,Basmati Rice 5kg,Grocery,India Gate,330,18,LOW,88,2026-10-03
LULU-ORD-6097,LULU-KOCHI-02,Milma Curd 500g,Dairy,Milma,324,27,LOW,150,2026-10-12
LULU-ORD-6098,LULU-CLT-01,Banana Chips 1kg,Snacks,Local Kerala,123,10,MEDIUM,96,2026-09-25
LULU-ORD-6099,LULU-KOCHI-01,Dates 500g,Dry Fruits,Lulu Import,268,39,LOW,51,2026-10-24
LULU-ORD-6100,LULU-CLT-02,Bread Loaf,Bakery,Modern,272,37,LOW,14,2026-10-22
LULU-ORD-6101,LULU-CLT-01,Dates 500g,Dry Fruits,Lulu Import,293,19,LOW,41,2026-10-04
LULU-ORD-6102,LULU-TVM-01,Chicken 1kg,Meat,Suguna,514,13,MEDIUM,150,2026-09-28
LULU-ORD-6103,LULU-KOCHI-02,Chicken 1kg,Meat,Suguna,553,10,MEDIUM,73,2026-09-25
LULU-ORD-6104,LULU-KOCHI-01,Milma Curd 500g,Dairy,Milma,449,15,MEDIUM,67,2026-09-30
LULU-ORD-6105,LULU-TVM-01,Bread Loaf,Bakery,Modern,304,33,LOW,55,2026-10-18
LULU-ORD-6106,LULU-KOCHI-01,Chicken 1kg,Meat,Suguna,550,34,LOW,160,2026-10-19
LULU-ORD-6107,LULU-KOCHI-02,Dates 500g,Dry Fruits,Lulu Import,559,2,HIGH,113,2026-09-17
LULU-ORD-6108,LULU-CLT-01,Paneer 200g,Dairy,Milma,28,23,LOW,35,2026-10-08
LULU-ORD-6109,LULU-CLT-02,Milma Curd 500g,Dairy,Milma,196,6,MEDIUM,104,2026-09-21
LULU-ORD-6110,LULU-KOCHI-01,Paneer 200g,Dairy,Milma,210,43,LOW,31,2026-10-28
LULU-ORD-6111,LULU-CLT-01,Banana Chips 1kg,Snacks,Local Kerala,263,2,HIGH,191,2026-09-17
LULU-ORD-6112,LULU-TVM-01,Dates 500g,Dry Fruits,Lulu Import,62,20,LOW,200,2026-10-05
LULU-ORD-6113,LULU-CLT-02,Atta 10kg,Grocery,Aashirvaad,444,1,HIGH,137,2026-09-16
LULU-ORD-6114,LULU-TVM-01,Banana Chips 1kg,Snacks,Local Kerala,112,42,LOW,108,2026-10-27
LULU-ORD-6115,LULU-CLT-02,Milma Curd 500g,Dairy,Milma,69,13,MEDIUM,25,2026-09-28
LULU-ORD-6116,LULU-KOCHI-02,Basmati Rice 5kg,Grocery,India Gate,117,39,LOW,150,2026-10-24
LULU-ORD-6117,LULU-CLT-01,Mango 1kg,Fruits,Local Farm,60,6,MEDIUM,80,2026-09-21
LULU-ORD-6118,LULU-KOCHI-01,Milma Curd 500g,Dairy,Milma,23,14,LOW,131,2026-09-29
LULU-ORD-6119,LULU-KOCHI-02,Chicken 1kg,Meat,Suguna,256,7,MEDIUM,35,2026-09-22
LULU-ORD-6120,LULU-TVM-01,Mango 1kg,Fruits,Local Farm,487,42,LOW,116,2026-10-27
LULU-ORD-6121,LULU-KOCHI-02,Milma Curd 500g,Dairy,Milma,117,41,LOW,49,2026-10-26
LULU-ORD-6122,LULU-KOCHI-01,Bread Loaf,Bakery,Modern,62,33,LOW,35,2026-10-18
LULU-ORD-6123,LULU-KOCHI-02,Mango 1kg,Fruits,Local Farm,301,41,LOW,144,2026-10-26
LULU-ORD-6124,LULU-CLT-01,Bread Loaf,Bakery,Modern,383,1,HIGH,29,2026-09-16
LULU-ORD-6125,LULU-CLT-02,Basmati Rice 5kg,Grocery,India Gate,458,22,LOW,96,2026-10-07
LULU-ORD-6126,LULU-CLT-01,Atta 10kg,Grocery,Aashirvaad,179,8,MEDIUM,130,2026-09-23
LULU-ORD-6127,LULU-KOCHI-02,Banana Chips 1kg,Snacks,Local Kerala,581,34,LOW,143,2026-10-19
LULU-ORD-6128,LULU-KOCHI-02,Milma Curd 500g,Dairy,Milma,492,9,MEDIUM,163,2026-09-24
LULU-ORD-6129,LULU-CLT-01,Milma Curd 500g,Dairy,Milma,242,30,LOW,116,2026-10-15
LULU-ORD-6130,LULU-TVM-01,Chicken 1kg,Meat,Suguna,446,2,HIGH,186,2026-09-17
LULU-ORD-6131,LULU-KOCHI-02,Atta 10kg,Grocery,Aashirvaad,123,40,LOW,49,2026-10-25
LULU-ORD-6132,LULU-TVM-01,Banana Chips 1kg,Snacks,Local Kerala,217,44,LOW,160,2026-10-29
LULU-ORD-6133,LULU-KOCHI-02,Dates 500g,Dry Fruits,Lulu Import,267,31,LOW,40,2026-10-16
LULU-ORD-6134,LULU-KOCHI-01,Atta 10kg,Grocery,Aashirvaad,212,32,LOW,68,2026-10-17
LULU-ORD-6135,LULU-TVM-01,Milma Curd 500g,Dairy,Milma,468,27,LOW,37,2026-10-12
LULU-ORD-6136,LULU-TVM-01,Milma Curd 500g,Dairy,Milma,196,19,LOW,13,2026-10-04
LULU-ORD-6137,LULU-KOCHI-02,Atta 10kg,Grocery,Aashirvaad,385,23,LOW,138,2026-10-08
LULU-ORD-6138,LULU-KOCHI-01,Milma Curd 500g,Dairy,Milma,25,11,LOW,181,2026-09-26
LULU-ORD-6139,LULU-CLT-02,Paneer 200g,Dairy,Milma,208,9,MEDIUM,111,2026-09-24
LULU-ORD-6140,LULU-KOCHI-02,Banana Chips 1kg,Snacks,Local Kerala,176,8,MEDIUM,159,2026-09-23
LULU-ORD-6141,LULU-KOCHI-02,Milma Curd 500g,Dairy,Milma,403,39,LOW,151,2026-10-24
LULU-ORD-6142,LULU-KOCHI-02,Bread Loaf,Bakery,Modern,476,17,LOW,180,2026-10-02
LULU-ORD-6143,LULU-KOCHI-02,Lulu Gold Coin,Jewellery,Lulu Gold,30,25,LOW,184,2026-10-10
LULU-ORD-6144,LULU-TVM-01,Bread Loaf,Bakery,Modern,77,28,LOW,186,2026-10-13
LULU-ORD-6145,LULU-KOCHI-01,Chicken 1kg,Meat,Suguna,261,37,LOW,188,2026-10-22
LULU-ORD-6146,LULU-CLT-01,Banana Chips 1kg,Snacks,Local Kerala,101,21,LOW,198,2026-10-06
LULU-ORD-6147,LULU-CLT-02,Chicken 1kg,Meat,Suguna,426,20,LOW,109,2026-10-05
LULU-ORD-6148,LULU-CLT-01,Chicken 1kg,Meat,Suguna,14,31,LOW,65,2026-10-16
LULU-ORD-6149,LULU-TVM-01,Basmati Rice 5kg,Grocery,India Gate,382,3,HIGH,76,2026-09-18
LULU-ORD-6150,LULU-CLT-01,Banana Chips 1kg,Snacks,Local Kerala,298,14,MEDIUM,168,2026-09-29
LULU-ORD-6151,LULU-CLT-02,Atta 10kg,Grocery,Aashirvaad,237,37,LOW,83,2026-10-22
LULU-ORD-6152,LULU-CLT-01,Atta 10kg,Grocery,Aashirvaad,309,33,LOW,66,2026-10-18
LULU-ORD-6153,LULU-CLT-01,Milma Curd 500g,Dairy,Milma,20,20,LOW,199,2026-10-05
LULU-ORD-6154,LULU-KOCHI-01,Dates 500g,Dry Fruits,Lulu Import,86,1,MEDIUM,68,2026-09-16
LULU-ORD-6155,LULU-KOCHI-01,Milma Curd 500g,Dairy,Milma,160,7,MEDIUM,28,2026-09-22
LULU-ORD-6156,LULU-TVM-01,Dates 500g,Dry Fruits,Lulu Import,497,24,LOW,109,2026-10-09
LULU-ORD-6157,LULU-CLT-02,Paneer 200g,Dairy,Milma,423,16,LOW,180,2026-10-01
LULU-ORD-6158,LULU-KOCHI-01,Mango 1kg,Fruits,Local Farm,347,15,MEDIUM,150,2026-09-30
LULU-ORD-6159,LULU-KOCHI-01,Chicken 1kg,Meat,Suguna,105,1,HIGH,14,2026-09-16
LULU-ORD-6160,LULU-KOCHI-02,Chicken 1kg,Meat,Suguna,292,32,LOW,76,2026-10-17
LULU-ORD-6161,LULU-TVM-01,Banana Chips 1kg,Snacks,Local Kerala,512,33,LOW,118,2026-10-18
LULU-ORD-6162,LULU-CLT-02,Chicken 1kg,Meat,Suguna,337,31,LOW,151,2026-10-16
LULU-ORD-6163,LULU-CLT-02,Bread Loaf,Bakery,Modern,338,8,MEDIUM,149,2026-09-23
LULU-ORD-6164,LULU-KOCHI-01,Chicken 1kg,Meat,Suguna,469,32,LOW,35,2026-10-17
LULU-ORD-6165,LULU-KOCHI-01,Banana Chips 1kg,Snacks,Local Kerala,249,38,LOW,154,2026-10-23
LULU-ORD-6166,LULU-KOCHI-01,Lulu Gold Coin,Jewellery,Lulu Gold,528,7,MEDIUM,102,2026-09-22
LULU-ORD-6167,LULU-CLT-01,Paneer 200g,Dairy,Milma,168,25,LOW,181,2026-10-10
LULU-ORD-6168,LULU-CLT-02,Mango 1kg,Fruits,Local Farm,482,11,MEDIUM,197,2026-09-26
LULU-ORD-6169,LULU-KOCHI-01,Dates 500g,Dry Fruits,Lulu Import,29,10,LOW,84,2026-09-25
LULU-ORD-6170,LULU-KOCHI-02,Dates 500g,Dry Fruits,Lulu Import,388,18,LOW,128,2026-10-03
LULU-ORD-6171,LULU-KOCHI-01,Lulu Gold Coin,Jewellery,Lulu Gold,154,3,HIGH,26,2026-09-18
LULU-ORD-6172,LULU-KOCHI-02,Lulu Gold Coin,Jewellery,Lulu Gold,114,2,HIGH,62,2026-09-17
LULU-ORD-6173,LULU-CLT-01,Milma Curd 500g,Dairy,Milma,522,30,LOW,102,2026-10-15
LULU-ORD-6174,LULU-KOCHI-02,Dates 500g,Dry Fruits,Lulu Import,279,42,LOW,146,2026-10-27
LULU-ORD-6175,LULU-CLT-01,Basmati Rice 5kg,Grocery,India Gate,502,43,LOW,65,2026-10-28
LULU-ORD-6176,LULU-KOCHI-01,Chicken 1kg,Meat,Suguna,508,21,LOW,68,2026-10-06
LULU-ORD-6177,LULU-KOCHI-02,Atta 10kg,Grocery,Aashirvaad,26,12,LOW,85,2026-09-27
LULU-ORD-6178,LULU-KOCHI-01,Chicken 1kg,Meat,Suguna,318,33,LOW,190,2026-10-18
LULU-ORD-6179,LULU-CLT-01,Lulu Gold Coin,Jewellery,Lulu Gold,195,25,LOW,51,2026-10-10
LULU-ORD-6180,LULU-KOCHI-01,Mango 1kg,Fruits,Local Farm,186,22,LOW,110,2026-10-07
LULU-ORD-6181,LULU-KOCHI-02,Atta 10kg,Grocery,Aashirvaad,422,10,MEDIUM,57,2026-09-25
LULU-ORD-6182,LULU-CLT-01,Atta 10kg,Grocery,Aashirvaad,538,20,LOW,124,2026-10-05
LULU-ORD-6183,LULU-CLT-02,Dates 500g,Dry Fruits,Lulu Import,448,17,LOW,12,2026-10-02
LULU-ORD-6184,LULU-CLT-02,Lulu Gold Coin,Jewellery,Lulu Gold,396,44,LOW,46,2026-10-29
LULU-ORD-6185,LULU-KOCHI-01,Lulu Gold Coin,Jewellery,Lulu Gold,79,14,MEDIUM,63,2026-09-29
LULU-ORD-6186,LULU-KOCHI-02,Atta 10kg,Grocery,Aashirvaad,420,31,LOW,187,2026-10-16
LULU-ORD-6187,LULU-CLT-02,Banana Chips 1kg,Snacks,Local Kerala,376,39,LOW,65,2026-10-24
LULU-ORD-6188,LULU-KOCHI-02,Atta 10kg,Grocery,Aashirvaad,451,33,LOW,165,2026-10-18
LULU-ORD-6189,LULU-CLT-01,Milma Curd 500g,Dairy,Milma,426,43,LOW,77,2026-10-28
LULU-ORD-6190,LULU-TVM-01,Atta 10kg,Grocery,Aashirvaad,545,26,LOW,183,2026-10-11
LULU-ORD-6191,LULU-KOCHI-01,Basmati Rice 5kg,Grocery,India Gate,190,4,HIGH,104,2026-09-19
LULU-ORD-6192,LULU-KOCHI-01,Basmati Rice 5kg,Grocery,India Gate,275,1,HIGH,16,2026-09-16
LULU-ORD-6193,LULU-CLT-02,Atta 10kg,Grocery,Aashirvaad,158,31,LOW,157,2026-10-16
LULU-ORD-6194,LULU-TVM-01,Dates 500g,Dry Fruits,Lulu Import,95,21,LOW,125,2026-10-06
LULU-ORD-6195,LULU-KOCHI-01,Dates 500g,Dry Fruits,Lulu Import,273,1,HIGH,59,2026-09-16
LULU-ORD-6196,LULU-CLT-01,Bread Loaf,Bakery,Modern,431,29,LOW,198,2026-10-14
LULU-ORD-6197,LULU-KOCHI-02,Lulu Gold Coin,Jewellery,Lulu Gold,522,39,LOW,137,2026-10-24
LULU-ORD-6198,LULU-CLT-02,Bread Loaf,Bakery,Modern,362,17,LOW,121,2026-10-02
LULU-ORD-6199,LULU-TVM-01,Chicken 1kg,Meat,Suguna,38,16,LOW,76,2026-10-01
LULU-ORD-6200,LULU-CLT-02,Banana Chips 1kg,Snacks,Local Kerala,195,31,LOW,113,2026-10-16
LULU-ORD-6201,LULU-CLT-02,Banana Chips 1kg,Snacks,Local Kerala,476,14,MEDIUM,25,2026-09-29
LULU-ORD-6202,LULU-CLT-02,Banana Chips 1kg,Snacks,Local Kerala,189,42,LOW,133,2026-10-27
LULU-ORD-6203,LULU-KOCHI-02,Chicken 1kg,Meat,Suguna,118,5,HIGH,104,2026-09-20
LULU-ORD-6204,LULU-CLT-01,Lulu Gold Coin,Jewellery,Lulu Gold,446,39,LOW,135,2026-10-24
LULU-ORD-6205,LULU-CLT-01,Chicken 1kg,Meat,Suguna,443,11,MEDIUM,85,2026-09-26
LULU-ORD-6206,LULU-CLT-01,Banana Chips 1kg,Snacks,Local Kerala,566,24,LOW,83,2026-10-09
LULU-ORD-6207,LULU-TVM-01,Paneer 200g,Dairy,Milma,575,26,LOW,151,2026-10-11
LULU-ORD-6208,LULU-CLT-02,Basmati Rice 5kg,Grocery,India Gate,43,24,LOW,36,2026-10-09
LULU-ORD-6209,LULU-TVM-01,Dates 500g,Dry Fruits,Lulu Import,18,14,LOW,55,2026-09-29
LULU-ORD-6210,LULU-KOCHI-02,Banana Chips 1kg,Snacks,Local Kerala,40,12,LOW,155,2026-09-27
LULU-ORD-6211,LULU-KOCHI-01,Atta 10kg,Grocery,Aashirvaad,24,7,LOW,57,2026-09-22
LULU-ORD-6212,LULU-CLT-01,Dates 500g,Dry Fruits,Lulu Import,285,32,LOW,25,2026-10-17
LULU-ORD-6213,LULU-CLT-01,Dates 500g,Dry Fruits,Lulu Import,569,2,HIGH,125,2026-09-17
LULU-ORD-6214,LULU-CLT-01,Lulu Gold Coin,Jewellery,Lulu Gold,29,14,LOW,112,2026-09-29
LULU-ORD-6215,LULU-KOCHI-01,Basmati Rice 5kg,Grocery,India Gate,466,3,HIGH,185,2026-09-18
LULU-ORD-6216,LULU-TVM-01,Milma Curd 500g,Dairy,Milma,43,19,LOW,60,2026-10-04
LULU-ORD-6217,LULU-KOCHI-02,Basmati Rice 5kg,Grocery,India Gate,199,27,LOW,56,2026-10-12
LULU-ORD-6218,LULU-TVM-01,Paneer 200g,Dairy,Milma,296,25,LOW,67,2026-10-10
LULU-ORD-6219,LULU-TVM-01,Chicken 1kg,Meat,Suguna,461,11,MEDIUM,81,2026-09-26
LULU-ORD-6220,LULU-TVM-01,Lulu Gold Coin,Jewellery,Lulu Gold,453,16,LOW,11,2026-10-01
LULU-ORD-6221,LULU-CLT-01,Atta 10kg,Grocery,Aashirvaad,237,37,LOW,199,2026-10-22
LULU-ORD-6222,LULU-CLT-01,Dates 500g,Dry Fruits,Lulu Import,342,17,LOW,50,2026-10-02
LULU-ORD-6223,LULU-CLT-01,Bread Loaf,Bakery,Modern,573,21,LOW,188,2026-10-06
LULU-ORD-6224,LULU-CLT-02,Mango 1kg,Fruits,Local Farm,234,39,LOW,42,2026-10-24
LULU-ORD-6225,LULU-CLT-02,Lulu Gold Coin,Jewellery,Lulu Gold,171,32,LOW,148,2026-10-17
LULU-ORD-6226,LULU-CLT-01,Chicken 1kg,Meat,Suguna,173,37,LOW,109,2026-10-22
LULU-ORD-6227,LULU-CLT-01,Basmati Rice 5kg,Grocery,India Gate,366,42,LOW,86,2026-10-27
LULU-ORD-6228,LULU-CLT-02,Mango 1kg,Fruits,Local Farm,449,4,HIGH,120,2026-09-19
LULU-ORD-6229,LULU-KOCHI-01,Dates 500g,Dry Fruits,Lulu Import,473,26,LOW,53,2026-10-11
LULU-ORD-6230,LULU-KOCHI-01,Lulu Gold Coin,Jewellery,Lulu Gold,180,36,LOW,101,2026-10-21
LULU-ORD-6231,LULU-TVM-01,Basmati Rice 5kg,Grocery,India Gate,510,17,LOW,170,2026-10-02
LULU-ORD-6232,LULU-KOCHI-02,Mango 1kg,Fruits,Local Farm,392,2,HIGH,195,2026-09-17
LULU-ORD-6233,LULU-KOCHI-02,Milma Curd 500g,Dairy,Milma,527,35,LOW,87,2026-10-20
LULU-ORD-6234,LULU-KOCHI-01,Milma Curd 500g,Dairy,Milma,438,32,LOW,115,2026-10-17
LULU-ORD-6235,LULU-TVM-01,Milma Curd 500g,Dairy,Milma,183,3,HIGH,12,2026-09-18
LULU-ORD-6236,LULU-TVM-01,Chicken 1kg,Meat,Suguna,588,11,MEDIUM,21,2026-09-26
LULU-ORD-6237,LULU-KOCHI-01,Banana Chips 1kg,Snacks,Local Kerala,200,5,HIGH,86,2026-09-20
LULU-ORD-6238,LULU-KOCHI-01,Basmati Rice 5kg,Grocery,India Gate,43,18,LOW,148,2026-10-03
LULU-ORD-6239,LULU-CLT-02,Mango 1kg,Fruits,Local Farm,45,38,LOW,54,2026-10-23
LULU-ORD-6240,LULU-CLT-02,Banana Chips 1kg,Snacks,Local Kerala,366,13,MEDIUM,62,2026-09-28
LULU-ORD-6241,LULU-CLT-02,Banana Chips 1kg,Snacks,Local Kerala,16,11,LOW,101,2026-09-26
LULU-ORD-6242,LULU-KOCHI-01,Chicken 1kg,Meat,Suguna,51,10,MEDIUM,176,2026-09-25
LULU-ORD-6243,LULU-CLT-01,Bread Loaf,Bakery,Modern,362,4,HIGH,168,2026-09-19
LULU-ORD-6244,LULU-KOCHI-01,Basmati Rice 5kg,Grocery,India Gate,355,19,LOW,193,2026-10-04
LULU-ORD-6245,LULU-TVM-01,Milma Curd 500g,Dairy,Milma,241,26,LOW,139,2026-10-11
LULU-ORD-6246,LULU-CLT-02,Atta 10kg,Grocery,Aashirvaad,583,19,LOW,169,2026-10-04
LULU-ORD-6247,LULU-CLT-02,Basmati Rice 5kg,Grocery,India Gate,261,13,MEDIUM,85,2026-09-28
LULU-ORD-6248,LULU-TVM-01,Basmati Rice 5kg,Grocery,India Gate,413,11,MEDIUM,119,2026-09-26
LULU-ORD-6249,LULU-CLT-01,Banana Chips 1kg,Snacks,Local Kerala,17,35,LOW,98,2026-10-20
LULU-ORD-6250,LULU-CLT-02,Mango 1kg,Fruits,Local Farm,561,42,LOW,41,2026-10-27
LULU-ORD-6251,LULU-CLT-01,Banana Chips 1kg,Snacks,Local Kerala,285,18,LOW,51,2026-10-03
LULU-ORD-6252,LULU-KOCHI-01,Mango 1kg,Fruits,Local Farm,68,29,LOW,163,2026-10-14
LULU-ORD-6253,LULU-TVM-01,Dates 500g,Dry Fruits,Lulu Import,330,40,LOW,167,2026-10-25
LULU-ORD-6254,LULU-CLT-02,Banana Chips 1kg,Snacks,Local Kerala,67,8,MEDIUM,72,2026-09-23
LULU-ORD-6255,LULU-CLT-01,Lulu Gold Coin,Jewellery,Lulu Gold,421,13,MEDIUM,133,2026-09-28
LULU-ORD-6256,LULU-KOCHI-01,Lulu Gold Coin,Jewellery,Lulu Gold,326,38,LOW,81,2026-10-23
LULU-ORD-6257,LULU-KOCHI-02,Banana Chips 1kg,Snacks,Local Kerala,77,1,MEDIUM,56,2026-09-16
LULU-ORD-6258,LULU-CLT-01,Mango 1kg,Fruits,Local Farm,284,42,LOW,154,2026-10-27
LULU-ORD-6259,LULU-TVM-01,Basmati Rice 5kg,Grocery,India Gate,468,22,LOW,35,2026-10-07
LULU-ORD-6260,LULU-KOCHI-02,Mango 1kg,Fruits,Local Farm,145,12,MEDIUM,124,2026-09-27
LULU-ORD-6261,LULU-KOCHI-02,Chicken 1kg,Meat,Suguna,244,7,MEDIUM,105,2026-09-22
LULU-ORD-6262,LULU-KOCHI-02,Basmati Rice 5kg,Grocery,India Gate,420,9,MEDIUM,80,2026-09-24
LULU-ORD-6263,LULU-TVM-01,Lulu Gold Coin,Jewellery,Lulu Gold,336,10,MEDIUM,171,2026-09-25
LULU-ORD-6264,LULU-CLT-01,Dates 500g,Dry Fruits,Lulu Import,267,25,LOW,46,2026-10-10
LULU-ORD-6265,LULU-KOCHI-02,Milma Curd 500g,Dairy,Milma,445,8,MEDIUM,68,2026-09-23
LULU-ORD-6266,LULU-TVM-01,Milma Curd 500g,Dairy,Milma,14,37,LOW,50,2026-10-22
LULU-ORD-6267,LULU-CLT-02,Atta 10kg,Grocery,Aashirvaad,285,21,LOW,79,2026-10-06
LULU-ORD-6268,LULU-CLT-01,Milma Curd 500g,Dairy,Milma,205,11,MEDIUM,26,2026-09-26
LULU-ORD-6269,LULU-KOCHI-01,Bread Loaf,Bakery,Modern,245,22,LOW,12,2026-10-07
LULU-ORD-6270,LULU-CLT-02,Bread Loaf,Bakery,Modern,106,18,LOW,194,2026-10-03
LULU-ORD-6271,LULU-CLT-01,Banana Chips 1kg,Snacks,Local Kerala,112,38,LOW,86,2026-10-23
LULU-ORD-6272,LULU-KOCHI-02,Basmati Rice 5kg,Grocery,India Gate,60,34,LOW,134,2026-10-19
LULU-ORD-6273,LULU-CLT-02,Mango 1kg,Fruits,Local Farm,482,41,LOW,76,2026-10-26
LULU-ORD-6274,LULU-KOCHI-01,Lulu Gold Coin,Jewellery,Lulu Gold,139,24,LOW,43,2026-10-09
LULU-ORD-6275,LULU-TVM-01,Banana Chips 1kg,Snacks,Local Kerala,105,33,LOW,70,2026-10-18
LULU-ORD-6276,LULU-TVM-01,Paneer 200g,Dairy,Milma,339,45,LOW,38,2026-10-30
LULU-ORD-6277,LULU-KOCHI-01,Mango 1kg,Fruits,Local Farm,194,1,HIGH,148,2026-09-16
LULU-ORD-6278,LULU-KOCHI-02,Lulu Gold Coin,Jewellery,Lulu Gold,514,3,HIGH,136,2026-09-18
LULU-ORD-6279,LULU-CLT-02,Dates 500g,Dry Fruits,Lulu Import,598,13,MEDIUM,70,2026-09-28
LULU-ORD-6280,LULU-KOCHI-01,Banana Chips 1kg,Snacks,Local Kerala,581,28,LOW,34,2026-10-13
LULU-ORD-6281,LULU-KOCHI-01,Bread Loaf,Bakery,Modern,68,11,MEDIUM,129,2026-09-26
LULU-ORD-6282,LULU-KOCHI-01,Atta 10kg,Grocery,Aashirvaad,306,28,LOW,24,2026-10-13
LULU-ORD-6283,LULU-TVM-01,Atta 10kg,Grocery,Aashirvaad,351,41,LOW,101,2026-10-26
LULU-ORD-6284,LULU-TVM-01,Atta 10kg,Grocery,Aashirvaad,553,13,MEDIUM,53,2026-09-28
LULU-ORD-6285,LULU-CLT-02,Bread Loaf,Bakery,Modern,457,31,LOW,113,2026-10-16
LULU-ORD-6286,LULU-KOCHI-01,Banana Chips 1kg,Snacks,Local Kerala,28,33,LOW,111,2026-10-18
LULU-ORD-6287,LULU-TVM-01,Lulu Gold Coin,Jewellery,Lulu Gold,138,43,LOW,53,2026-10-28
LULU-ORD-6288,LULU-KOCHI-01,Bread Loaf,Bakery,Modern,322,14,MEDIUM,198,2026-09-29
LULU-ORD-6289,LULU-KOCHI-02,Bread Loaf,Bakery,Modern,92,38,LOW,53,2026-10-23
LULU-ORD-6290,LULU-CLT-02,Atta 10kg,Grocery,Aashirvaad,172,12,MEDIUM,99,2026-09-27
LULU-ORD-6291,LULU-CLT-02,Milma Curd 500g,Dairy,Milma,118,35,LOW,100,2026-10-20
LULU-ORD-6292,LULU-KOCHI-02,Dates 500g,Dry Fruits,Lulu Import,182,20,LOW,54,2026-10-05
LULU-ORD-6293,LULU-TVM-01,Atta 10kg,Grocery,Aashirvaad,431,13,MEDIUM,74,2026-09-28
LULU-ORD-6294,LULU-CLT-02,Banana Chips 1kg,Snacks,Local Kerala,23,6,LOW,51,2026-09-21
LULU-ORD-6295,LULU-KOCHI-01,Basmati Rice 5kg,Grocery,India Gate,290,6,MEDIUM,155,2026-09-21
LULU-ORD-6296,LULU-CLT-01,Mango 1kg,Fruits,Local Farm,189,39,LOW,13,2026-10-24
LULU-ORD-6297,LULU-CLT-02,Mango 1kg,Fruits,Local Farm,437,26,LOW,187,2026-10-11
LULU-ORD-6298,LULU-KOCHI-02,Lulu Gold Coin,Jewellery,Lulu Gold,50,9,LOW,112,2026-09-24
LULU-ORD-6299,LULU-CLT-01,Milma Curd 500g,Dairy,Milma,278,22,LOW,158,2026-10-07
LULU-ORD-6300,LULU-CLT-02,Bread Loaf,Bakery,Modern,450,13,MEDIUM,27,2026-09-28
LULU-ORD-6301,LULU-CLT-01,Lulu Gold Coin,Jewellery,Lulu Gold,301,42,LOW,14,2026-10-27
LULU-ORD-6302,LULU-CLT-01,Basmati Rice 5kg,Grocery,India Gate,86,4,MEDIUM,157,2026-09-19
LULU-ORD-6303,LULU-CLT-02,Basmati Rice 5kg,Grocery,India Gate,261,24,LOW,147,2026-10-09
LULU-ORD-6304,LULU-CLT-02,Mango 1kg,Fruits,Local Farm,191,9,MEDIUM,86,2026-09-24
LULU-ORD-6305,LULU-TVM-01,Lulu Gold Coin,Jewellery,Lulu Gold,105,6,MEDIUM,66,2026-09-21
LULU-ORD-6306,LULU-CLT-01,Dates 500g,Dry Fruits,Lulu Import,15,45,LOW,117,2026-10-30
LULU-ORD-6307,LULU-KOCHI-02,Milma Curd 500g,Dairy,Milma,551,10,MEDIUM,134,2026-09-25
LULU-ORD-6308,LULU-KOCHI-01,Milma Curd 500g,Dairy,Milma,338,26,LOW,112,2026-10-11
LULU-ORD-6309,LULU-KOCHI-02,Chicken 1kg,Meat,Suguna,438,4,HIGH,121,2026-09-19
LULU-ORD-6310,LULU-CLT-02,Banana Chips 1kg,Snacks,Local Kerala,410,19,LOW,191,2026-10-04
LULU-ORD-6311,LULU-CLT-01,Atta 10kg,Grocery,Aashirvaad,372,1,HIGH,156,2026-09-16
LULU-ORD-6312,LULU-CLT-02,Bread Loaf,Bakery,Modern,243,30,LOW,61,2026-10-15
LULU-ORD-6313,LULU-KOCHI-02,Paneer 200g,Dairy,Milma,443,6,MEDIUM,118,2026-09-21
LULU-ORD-6314,LULU-CLT-01,Banana Chips 1kg,Snacks,Local Kerala,238,44,LOW,62,2026-10-29
LULU-ORD-6315,LULU-CLT-01,Basmati Rice 5kg,Grocery,India Gate,430,8,MEDIUM,174,2026-09-23
LULU-ORD-6316,LULU-CLT-01,Mango 1kg,Fruits,Local Farm,275,19,LOW,121,2026-10-04
LULU-ORD-6317,LULU-CLT-01,Paneer 200g,Dairy,Milma,150,13,MEDIUM,109,2026-09-28
LULU-ORD-6318,LULU-CLT-01,Bread Loaf,Bakery,Modern,292,19,LOW,60,2026-10-04
LULU-ORD-6319,LULU-KOCHI-02,Lulu Gold Coin,Jewellery,Lulu Gold,192,30,LOW,178,2026-10-15
LULU-ORD-6320,LULU-KOCHI-02,Dates 500g,Dry Fruits,Lulu Import,545,24,LOW,117,2026-10-09
LULU-ORD-6321,LULU-CLT-02,Milma Curd 500g,Dairy,Milma,442,45,LOW,74,2026-10-30
LULU-ORD-6322,LULU-TVM-01,Mango 1kg,Fruits,Local Farm,309,12,MEDIUM,21,2026-09-27
LULU-ORD-6323,LULU-KOCHI-02,Paneer 200g,Dairy,Milma,448,5,HIGH,93,2026-09-20
LULU-ORD-6324,LULU-TVM-01,Bread Loaf,Bakery,Modern,112,33,LOW,122,2026-10-18
LULU-ORD-6325,LULU-TVM-01,Milma Curd 500g,Dairy,Milma,98,32,LOW,167,2026-10-17
LULU-ORD-6326,LULU-KOCHI-01,Mango 1kg,Fruits,Local Farm,203,12,MEDIUM,188,2026-09-27
LULU-ORD-6327,LULU-KOCHI-01,Banana Chips 1kg,Snacks,Local Kerala,52,11,MEDIUM,153,2026-09-26
LULU-ORD-6328,LULU-KOCHI-01,Basmati Rice 5kg,Grocery,India Gate,465,20,LOW,78,2026-10-05
LULU-ORD-6329,LULU-CLT-02,Chicken 1kg,Meat,Suguna,518,11,MEDIUM,78,2026-09-26
LULU-ORD-6330,LULU-CLT-02,Bread Loaf,Bakery,Modern,448,22,LOW,138,2026-10-07
LULU-ORD-6331,LULU-KOCHI-02,Dates 500g,Dry Fruits,Lulu Import,596,17,LOW,155,2026-10-02
LULU-ORD-6332,LULU-KOCHI-01,Milma Curd 500g,Dairy,Milma,179,23,LOW,147,2026-10-08
LULU-ORD-6333,LULU-CLT-02,Bread Loaf,Bakery,Modern,240,25,LOW,117,2026-10-10
LULU-ORD-6334,LULU-KOCHI-01,Atta 10kg,Grocery,Aashirvaad,591,3,HIGH,186,2026-09-18
LULU-ORD-6335,LULU-TVM-01,Lulu Gold Coin,Jewellery,Lulu Gold,187,13,MEDIUM,121,2026-09-28
LULU-ORD-6336,LULU-CLT-01,Paneer 200g,Dairy,Milma,74,42,LOW,10,2026-10-27
LULU-ORD-6337,LULU-TVM-01,Mango 1kg,Fruits,Local Farm,357,15,MEDIUM,96,2026-09-30
LULU-ORD-6338,LULU-CLT-02,Bread Loaf,Bakery,Modern,503,18,LOW,33,2026-10-03
LULU-ORD-6339,LULU-KOCHI-01,Dates 500g,Dry Fruits,Lulu Import,295,16,LOW,161,2026-10-01
LULU-ORD-6340,LULU-TVM-01,Mango 1kg,Fruits,Local Farm,26,3,LOW,66,2026-09-18
LULU-ORD-6341,LULU-KOCHI-01,Lulu Gold Coin,Jewellery,Lulu Gold,556,5,HIGH,182,2026-09-20
LULU-ORD-6342,LULU-KOCHI-02,Dates 500g,Dry Fruits,Lulu Import,61,20,LOW,175,2026-10-05
LULU-ORD-6343,LULU-CLT-02,Dates 500g,Dry Fruits,Lulu Import,106,19,LOW,126,2026-10-04
LULU-ORD-6344,LULU-KOCHI-01,Atta 10kg,Grocery,Aashirvaad,545,17,LOW,64,2026-10-02
LULU-ORD-6345,LULU-KOCHI-02,Lulu Gold Coin,Jewellery,Lulu Gold,62,26,LOW,31,2026-10-11
LULU-ORD-6346,LULU-KOCHI-01,Atta 10kg,Grocery,Aashirvaad,472,42,LOW,116,2026-10-27
LULU-ORD-6347,LULU-CLT-02,Paneer 200g,Dairy,Milma,434,30,LOW,183,2026-10-15
LULU-ORD-6348,LULU-TVM-01,Dates 500g,Dry Fruits,Lulu Import,249,26,LOW,27,2026-10-11
LULU-ORD-6349,LULU-CLT-01,Bread Loaf,Bakery,Modern,314,45,LOW,142,2026-10-30
LULU-ORD-6350,LULU-TVM-01,Bread Loaf,Bakery,Modern,539,39,LOW,18,2026-10-24
LULU-ORD-6351,LULU-KOCHI-02,Milma Curd 500g,Dairy,Milma,162,29,LOW,188,2026-10-14
LULU-ORD-6352,LULU-CLT-01,Banana Chips 1kg,Snacks,Local Kerala,600,8,MEDIUM,142,2026-09-23
LULU-ORD-6353,LULU-KOCHI-02,Paneer 200g,Dairy,Milma,352,3,HIGH,176,2026-09-18
LULU-ORD-6354,LULU-KOCHI-01,Atta 10kg,Grocery,Aashirvaad,404,2,HIGH,70,2026-09-17
LULU-ORD-6355,LULU-CLT-01,Bread Loaf,Bakery,Modern,431,28,LOW,96,2026-10-13
LULU-ORD-6356,LULU-KOCHI-02,Milma Curd 500g,Dairy,Milma,243,16,LOW,78,2026-10-01
LULU-ORD-6357,LULU-CLT-02,Dates 500g,Dry Fruits,Lulu Import,531,16,LOW,16,2026-10-01
LULU-ORD-6358,LULU-KOCHI-02,Dates 500g,Dry Fruits,Lulu Import,504,42,LOW,180,2026-10-27
LULU-ORD-6359,LULU-KOCHI-02,Basmati Rice 5kg,Grocery,India Gate,32,26,LOW,189,2026-10-11
LULU-ORD-6360,LULU-CLT-02,Chicken 1kg,Meat,Suguna,571,9,MEDIUM,198,2026-09-24
LULU-ORD-6361,LULU-KOCHI-02,Banana Chips 1kg,Snacks,Local Kerala,440,27,LOW,157,2026-10-12
LULU-ORD-6362,LULU-CLT-01,Paneer 200g,Dairy,Milma,93,40,LOW,141,2026-10-25
LULU-ORD-6363,LULU-TVM-01,Lulu Gold Coin,Jewellery,Lulu Gold,530,42,LOW,120,2026-10-27
LULU-ORD-6364,LULU-KOCHI-01,Bread Loaf,Bakery,Modern,233,33,LOW,183,2026-10-18
LULU-ORD-6365,LULU-KOCHI-02,Mango 1kg,Fruits,Local Farm,57,25,LOW,62,2026-10-10
LULU-ORD-6366,LULU-KOCHI-01,Mango 1kg,Fruits,Local Farm,434,14,MEDIUM,184,2026-09-29
LULU-ORD-6367,LULU-TVM-01,Banana Chips 1kg,Snacks,Local Kerala,537,45,LOW,138,2026-10-30
LULU-ORD-6368,LULU-KOCHI-01,Lulu Gold Coin,Jewellery,Lulu Gold,419,2,HIGH,173,2026-09-17
LULU-ORD-6369,LULU-KOCHI-01,Bread Loaf,Bakery,Modern,32,43,LOW,156,2026-10-28
LULU-ORD-6370,LULU-KOCHI-02,Banana Chips 1kg,Snacks,Local Kerala,152,8,MEDIUM,25,2026-09-23
LULU-ORD-6371,LULU-CLT-01,Paneer 200g,Dairy,Milma,584,28,LOW,149,2026-10-13
LULU-ORD-6372,LULU-KOCHI-02,Dates 500g,Dry Fruits,Lulu Import,463,2,HIGH,110,2026-09-17
LULU-ORD-6373,LULU-CLT-01,Basmati Rice 5kg,Grocery,India Gate,201,4,HIGH,112,2026-09-19
LULU-ORD-6374,LULU-CLT-02,Banana Chips 1kg,Snacks,Local Kerala,25,31,LOW,158,2026-10-16
LULU-ORD-6375,LULU-TVM-01,Mango 1kg,Fruits,Local Farm,191,33,LOW,30,2026-10-18
LULU-ORD-6376,LULU-KOCHI-02,Mango 1kg,Fruits,Local Farm,559,11,MEDIUM,40,2026-09-26
LULU-ORD-6377,LULU-KOCHI-01,Atta 10kg,Grocery,Aashirvaad,167,27,LOW,62,2026-10-12
LULU-ORD-6378,LULU-KOCHI-02,Basmati Rice 5kg,Grocery,India Gate,484,6,MEDIUM,198,2026-09-21
LULU-ORD-6379,LULU-KOCHI-01,Milma Curd 500g,Dairy,Milma,556,28,LOW,166,2026-10-13
LULU-ORD-6380,LULU-TVM-01,Paneer 200g,Dairy,Milma,185,26,LOW,84,2026-10-11
LULU-ORD-6381,LULU-TVM-01,Banana Chips 1kg,Snacks,Local Kerala,40,14,LOW,147,2026-09-29
LULU-ORD-6382,LULU-CLT-02,Basmati Rice 5kg,Grocery,India Gate,99,44,LOW,93,2026-10-29
LULU-ORD-6383,LULU-KOCHI-01,Paneer 200g,Dairy,Milma,29,8,LOW,101,2026-09-23
LULU-ORD-6384,LULU-CLT-01,Mango 1kg,Fruits,Local Farm,438,29,LOW,107,2026-10-14
LULU-ORD-6385,LULU-TVM-01,Mango 1kg,Fruits,Local Farm,193,5,HIGH,97,2026-09-20
LULU-ORD-6386,LULU-CLT-01,Atta 10kg,Grocery,Aashirvaad,459,13,MEDIUM,104,2026-09-28
LULU-ORD-6387,LULU-KOCHI-01,Paneer 200g,Dairy,Milma,553,11,MEDIUM,69,2026-09-26
LULU-ORD-6388,LULU-CLT-02,Atta 10kg,Grocery,Aashirvaad,534,18,LOW,23,2026-10-03
LULU-ORD-6389,LULU-TVM-01,Banana Chips 1kg,Snacks,Local Kerala,87,30,LOW,38,2026-10-15
LULU-ORD-6390,LULU-CLT-01,Dates 500g,Dry Fruits,Lulu Import,492,33,LOW,108,2026-10-18
LULU-ORD-6391,LULU-CLT-02,Dates 500g,Dry Fruits,Lulu Import,287,43,LOW,183,2026-10-28
LULU-ORD-6392,LULU-TVM-01,Chicken 1kg,Meat,Suguna,361,42,LOW,158,2026-10-27
LULU-ORD-6393,LULU-KOCHI-01,Milma Curd 500g,Dairy,Milma,115,25,LOW,158,2026-10-10
LULU-ORD-6394,LULU-KOCHI-01,Banana Chips 1kg,Snacks,Local Kerala,533,6,MEDIUM,10,2026-09-21
LULU-ORD-6395,LULU-CLT-01,Basmati Rice 5kg,Grocery,India Gate,469,3,HIGH,131,2026-09-18
LULU-ORD-6396,LULU-KOCHI-01,Milma Curd 500g,Dairy,Milma,169,27,LOW,20,2026-10-12
LULU-ORD-6397,LULU-CLT-01,Lulu Gold Coin,Jewellery,Lulu Gold,59,14,MEDIUM,141,2026-09-29
LULU-ORD-6398,LULU-CLT-01,Atta 10kg,Grocery,Aashirvaad,42,34,LOW,126,2026-10-19
LULU-ORD-6399,LULU-TVM-01,Banana Chips 1kg,Snacks,Local Kerala,421,10,MEDIUM,52,2026-09-25
LULU-ORD-6400,LULU-CLT-02,Mango 1kg,Fruits,Local Farm,434,36,LOW,176,2026-10-21
LULU-ORD-6401,LULU-KOCHI-01,Paneer 200g,Dairy,Milma,316,34,LOW,17,2026-10-19
LULU-ORD-6402,LULU-TVM-01,Milma Curd 500g,Dairy,Milma,478,10,MEDIUM,139,2026-09-25
LULU-ORD-6403,LULU-CLT-02,Mango 1kg,Fruits,Local Farm,357,37,LOW,174,2026-10-22
LULU-ORD-6404,LULU-CLT-01,Lulu Gold Coin,Jewellery,Lulu Gold,292,6,MEDIUM,117,2026-09-21
LULU-ORD-6405,LULU-TVM-01,Atta 10kg,Grocery,Aashirvaad,12,28,LOW,185,2026-10-13
LULU-ORD-6406,LULU-CLT-02,Chicken 1kg,Meat,Suguna,404,8,MEDIUM,130,2026-09-23
LULU-ORD-6407,LULU-CLT-01,Dates 500g,Dry Fruits,Lulu Import,411,9,MEDIUM,152,2026-09-24
LULU-ORD-6408,LULU-CLT-01,Milma Curd 500g,Dairy,Milma,553,9,MEDIUM,71,2026-09-24
LULU-ORD-6409,LULU-CLT-01,Mango 1kg,Fruits,Local Farm,132,30,LOW,172,2026-10-15
LULU-ORD-6410,LULU-KOCHI-01,Banana Chips 1kg,Snacks,Local Kerala,441,13,MEDIUM,81,2026-09-28
LULU-ORD-6411,LULU-TVM-01,Paneer 200g,Dairy,Milma,233,21,LOW,107,2026-10-06
LULU-ORD-6412,LULU-TVM-01,Banana Chips 1kg,Snacks,Local Kerala,269,22,LOW,184,2026-10-07
LULU-ORD-6413,LULU-CLT-02,Lulu Gold Coin,Jewellery,Lulu Gold,16,6,LOW,12,2026-09-21
LULU-ORD-6414,LULU-CLT-02,Paneer 200g,Dairy,Milma,156,20,LOW,178,2026-10-05
LULU-ORD-6415,LULU-TVM-01,Bread Loaf,Bakery,Modern,230,27,LOW,14,2026-10-12
LULU-ORD-6416,LULU-CLT-02,Mango 1kg,Fruits,Local Farm,102,10,MEDIUM,127,2026-09-25
LULU-ORD-6417,LULU-CLT-02,Bread Loaf,Bakery,Modern,264,1,HIGH,151,2026-09-16
LULU-ORD-6418,LULU-KOCHI-02,Paneer 200g,Dairy,Milma,593,29,LOW,190,2026-10-14
LULU-ORD-6419,LULU-KOCHI-02,Milma Curd 500g,Dairy,Milma,265,40,LOW,176,2026-10-25
LULU-ORD-6420,LULU-KOCHI-01,Lulu Gold Coin,Jewellery,Lulu Gold,10,9,LOW,72,2026-09-24
LULU-ORD-6421,LULU-KOCHI-01,Dates 500g,Dry Fruits,Lulu Import,335,9,MEDIUM,20,2026-09-24
LULU-ORD-6422,LULU-KOCHI-02,Bread Loaf,Bakery,Modern,373,15,MEDIUM,75,2026-09-30
LULU-ORD-6423,LULU-TVM-01,Atta 10kg,Grocery,Aashirvaad,91,45,LOW,122,2026-10-30
LULU-ORD-6424,LULU-CLT-01,Bread Loaf,Bakery,Modern,295,44,LOW,72,2026-10-29
LULU-ORD-6425,LULU-TVM-01,Dates 500g,Dry Fruits,Lulu Import,288,33,LOW,47,2026-10-18
LULU-ORD-6426,LULU-KOCHI-02,Chicken 1kg,Meat,Suguna,370,37,LOW,137,2026-10-22
LULU-ORD-6427,LULU-KOCHI-01,Basmati Rice 5kg,Grocery,India Gate,540,24,LOW,192,2026-10-09
LULU-ORD-6428,LULU-CLT-02,Dates 500g,Dry Fruits,Lulu Import,430,10,MEDIUM,42,2026-09-25
LULU-ORD-6429,LULU-KOCHI-02,Basmati Rice 5kg,Grocery,India Gate,448,3,HIGH,113,2026-09-18
LULU-ORD-6430,LULU-KOCHI-01,Lulu Gold Coin,Jewellery,Lulu Gold,551,27,LOW,159,2026-10-12
LULU-ORD-6431,LULU-TVM-01,Chicken 1kg,Meat,Suguna,142,24,LOW,89,2026-10-09
LULU-ORD-6432,LULU-CLT-02,Mango 1kg,Fruits,Local Farm,506,43,LOW,44,2026-10-28
LULU-ORD-6433,LULU-TVM-01,Milma Curd 500g,Dairy,Milma,272,12,MEDIUM,144,2026-09-27
LULU-ORD-6434,LULU-KOCHI-02,Dates 500g,Dry Fruits,Lulu Import,198,11,MEDIUM,154,2026-09-26
LULU-ORD-6435,LULU-KOCHI-02,Mango 1kg,Fruits,Local Farm,141,1,HIGH,116,2026-09-16
LULU-ORD-6436,LULU-TVM-01,Dates 500g,Dry Fruits,Lulu Import,84,30,LOW,159,2026-10-15
LULU-ORD-6437,LULU-KOCHI-01,Dates 500g,Dry Fruits,Lulu Import,191,13,MEDIUM,106,2026-09-28
LULU-ORD-6438,LULU-TVM-01,Mango 1kg,Fruits,Local Farm,168,38,LOW,197,2026-10-23
LULU-ORD-6439,LULU-KOCHI-01,Atta 10kg,Grocery,Aashirvaad,263,14,MEDIUM,151,2026-09-29
LULU-ORD-6440,LULU-TVM-01,Lulu Gold Coin,Jewellery,Lulu Gold,419,36,LOW,128,2026-10-21
LULU-ORD-6441,LULU-CLT-02,Lulu Gold Coin,Jewellery,Lulu Gold,471,40,LOW,105,2026-10-25
LULU-ORD-6442,LULU-CLT-01,Dates 500g,Dry Fruits,Lulu Import,22,20,LOW,73,2026-10-05
LULU-ORD-6443,LULU-CLT-01,Paneer 200g,Dairy,Milma,547,12,MEDIUM,143,2026-09-27
LULU-ORD-6444,LULU-KOCHI-01,Paneer 200g,Dairy,Milma,262,7,MEDIUM,61,2026-09-22
LULU-ORD-6445,LULU-TVM-01,Mango 1kg,Fruits,Local Farm,550,13,MEDIUM,31,2026-09-28
LULU-ORD-6446,LULU-CLT-01,Banana Chips 1kg,Snacks,Local Kerala,139,26,LOW,17,2026-10-11
LULU-ORD-6447,LULU-KOCHI-01,Milma Curd 500g,Dairy,Milma,78,19,LOW,22,2026-10-04
LULU-ORD-6448,LULU-TVM-01,Lulu Gold Coin,Jewellery,Lulu Gold,418,10,MEDIUM,195,2026-09-25
LULU-ORD-6449,LULU-CLT-02,Chicken 1kg,Meat,Suguna,322,42,LOW,18,2026-10-27
LULU-ORD-6450,LULU-CLT-02,Paneer 200g,Dairy,Milma,587,5,HIGH,86,2026-09-20
LULU-ORD-6451,LULU-TVM-01,Chicken 1kg,Meat,Suguna,27,14,LOW,157,2026-09-29
LULU-ORD-6452,LULU-TVM-01,Lulu Gold Coin,Jewellery,Lulu Gold,339,10,MEDIUM,130,2026-09-25
LULU-ORD-6453,LULU-TVM-01,Banana Chips 1kg,Snacks,Local Kerala,43,38,LOW,148,2026-10-23
LULU-ORD-6454,LULU-KOCHI-02,Dates 500g,Dry Fruits,Lulu Import,345,43,LOW,86,2026-10-28
LULU-ORD-6455,LULU-CLT-01,Banana Chips 1kg,Snacks,Local Kerala,148,19,LOW,94,2026-10-04
LULU-ORD-6456,LULU-TVM-01,Mango 1kg,Fruits,Local Farm,164,4,HIGH,56,2026-09-19
LULU-ORD-6457,LULU-CLT-01,Basmati Rice 5kg,Grocery,India Gate,354,15,MEDIUM,155,2026-09-30
LULU-ORD-6458,LULU-TVM-01,Lulu Gold Coin,Jewellery,Lulu Gold,446,28,LOW,36,2026-10-13
LULU-ORD-6459,LULU-TVM-01,Mango 1kg,Fruits,Local Farm,277,36,LOW,112,2026-10-21
LULU-ORD-6460,LULU-CLT-01,Banana Chips 1kg,Snacks,Local Kerala,592,35,LOW,176,2026-10-20
LULU-ORD-6461,LULU-CLT-02,Bread Loaf,Bakery,Modern,421,35,LOW,11,2026-10-20
LULU-ORD-6462,LULU-KOCHI-01,Chicken 1kg,Meat,Suguna,495,43,LOW,72,2026-10-28
LULU-ORD-6463,LULU-KOCHI-02,Milma Curd 500g,Dairy,Milma,469,40,LOW,114,2026-10-25
LULU-ORD-6464,LULU-TVM-01,Chicken 1kg,Meat,Suguna,548,28,LOW,95,2026-10-13
LULU-ORD-6465,LULU-KOCHI-01,Lulu Gold Coin,Jewellery,Lulu Gold,166,42,LOW,11,2026-10-27
LULU-ORD-6466,LULU-KOCHI-02,Paneer 200g,Dairy,Milma,263,20,LOW,75,2026-10-05
LULU-ORD-6467,LULU-CLT-02,Chicken 1kg,Meat,Suguna,177,21,LOW,28,2026-10-06
LULU-ORD-6468,LULU-TVM-01,Basmati Rice 5kg,Grocery,India Gate,503,43,LOW,90,2026-10-28
LULU-ORD-6469,LULU-CLT-01,Dates 500g,Dry Fruits,Lulu Import,109,1,HIGH,137,2026-09-16
LULU-ORD-6470,LULU-CLT-02,Lulu Gold Coin,Jewellery,Lulu Gold,517,13,MEDIUM,28,2026-09-28
LULU-ORD-6471,LULU-CLT-02,Lulu Gold Coin,Jewellery,Lulu Gold,368,4,HIGH,117,2026-09-19
LULU-ORD-6472,LULU-CLT-02,Chicken 1kg,Meat,Suguna,599,43,LOW,21,2026-10-28
LULU-ORD-6473,LULU-TVM-01,Banana Chips 1kg,Snacks,Local Kerala,351,40,LOW,162,2026-10-25
LULU-ORD-6474,LULU-KOCHI-02,Chicken 1kg,Meat,Suguna,213,34,LOW,59,2026-10-19
LULU-ORD-6475,LULU-CLT-02,Basmati Rice 5kg,Grocery,India Gate,480,3,HIGH,86,2026-09-18
LULU-ORD-6476,LULU-KOCHI-01,Banana Chips 1kg,Snacks,Local Kerala,310,20,LOW,124,2026-10-05
LULU-ORD-6477,LULU-CLT-01,Paneer 200g,Dairy,Milma,573,39,LOW,79,2026-10-24
LULU-ORD-6478,LULU-KOCHI-02,Lulu Gold Coin,Jewellery,Lulu Gold,451,2,HIGH,146,2026-09-17
LULU-ORD-6479,LULU-KOCHI-01,Dates 500g,Dry Fruits,Lulu Import,141,15,MEDIUM,26,2026-09-30
LULU-ORD-6480,LULU-KOCHI-01,Milma Curd 500g,Dairy,Milma,491,27,LOW,29,2026-10-12
LULU-ORD-6481,LULU-CLT-01,Mango 1kg,Fruits,Local Farm,83,31,LOW,186,2026-10-16
LULU-ORD-6482,LULU-KOCHI-02,Atta 10kg,Grocery,Aashirvaad,375,6,MEDIUM,187,2026-09-21
LULU-ORD-6483,LULU-TVM-01,Basmati Rice 5kg,Grocery,India Gate,180,35,LOW,98,2026-10-20
LULU-ORD-6484,LULU-KOCHI-02,Chicken 1kg,Meat,Suguna,284,23,LOW,59,2026-10-08
LULU-ORD-6485,LULU-CLT-01,Paneer 200g,Dairy,Milma,47,39,LOW,152,2026-10-24
LULU-ORD-6486,LULU-KOCHI-01,Bread Loaf,Bakery,Modern,531,1,HIGH,98,2026-09-16
LULU-ORD-6487,LULU-KOCHI-01,Atta 10kg,Grocery,Aashirvaad,90,7,MEDIUM,125,2026-09-22
LULU-ORD-6488,LULU-KOCHI-02,Paneer 200g,Dairy,Milma,287,40,LOW,181,2026-10-25
LULU-ORD-6489,LULU-CLT-01,Bread Loaf,Bakery,Modern,264,39,LOW,111,2026-10-24
LULU-ORD-6490,LULU-CLT-01,Milma Curd 500g,Dairy,Milma,513,31,LOW,22,2026-10-16
LULU-ORD-6491,LULU-CLT-02,Paneer 200g,Dairy,Milma,21,38,LOW,13,2026-10-23
LULU-ORD-6492,LULU-CLT-01,Paneer 200g,Dairy,Milma,336,20,LOW,148,2026-10-05
LULU-ORD-6493,LULU-TVM-01,Paneer 200g,Dairy,Milma,28,16,LOW,192,2026-10-01
LULU-ORD-6494,LULU-CLT-01,Atta 10kg,Grocery,Aashirvaad,163,12,MEDIUM,148,2026-09-27
LULU-ORD-6495,LULU-KOCHI-02,Milma Curd 500g,Dairy,Milma,224,38,LOW,110,2026-10-23
LULU-ORD-6496,LULU-TVM-01,Banana Chips 1kg,Snacks,Local Kerala,50,16,LOW,105,2026-10-01
LULU-ORD-6497,LULU-KOCHI-01,Atta 10kg,Grocery,Aashirvaad,577,26,LOW,170,2026-10-11
LULU-ORD-6498,LULU-TVM-01,Milma Curd 500g,Dairy,Milma,465,35,LOW,13,2026-10-20
LULU-ORD-6499,LULU-CLT-02,Banana Chips 1kg,Snacks,Local Kerala,411,21,LOW,165,2026-10-06
LULU-ORD-6500,LULU-KOCHI-01,Bread Loaf,Bakery,Modern,102,25,LOW,187,2026-10-10
LULU-ORD-6501,LULU-CLT-02,Dates 500g,Dry Fruits,Lulu Import,221,14,MEDIUM,97,2026-09-29
LULU-ORD-6502,LULU-CLT-01,Dates 500g,Dry Fruits,Lulu Import,145,13,MEDIUM,58,2026-09-28
LULU-ORD-6503,LULU-KOCHI-01,Mango 1kg,Fruits,Local Farm,489,20,LOW,15,2026-10-05
LULU-ORD-6504,LULU-KOCHI-02,Atta 10kg,Grocery,Aashirvaad,529,4,HIGH,134,2026-09-19
LULU-ORD-6505,LULU-TVM-01,Milma Curd 500g,Dairy,Milma,527,39,LOW,133,2026-10-24
LULU-ORD-6506,LULU-CLT-01,Milma Curd 500g,Dairy,Milma,182,3,HIGH,163,2026-09-18
LULU-ORD-6507,LULU-KOCHI-01,Mango 1kg,Fruits,Local Farm,104,35,LOW,66,2026-10-20
LULU-ORD-6508,LULU-CLT-02,Chicken 1kg,Meat,Suguna,104,13,MEDIUM,109,2026-09-28
LULU-ORD-6509,LULU-KOCHI-01,Dates 500g,Dry Fruits,Lulu Import,112,7,MEDIUM,147,2026-09-22
LULU-ORD-6510,LULU-TVM-01,Paneer 200g,Dairy,Milma,576,22,LOW,22,2026-10-07
LULU-ORD-6511,LULU-CLT-02,Bread Loaf,Bakery,Modern,176,26,LOW,57,2026-10-11
LULU-ORD-6512,LULU-KOCHI-02,Chicken 1kg,Meat,Suguna,124,39,LOW,18,2026-10-24
LULU-ORD-6513,LULU-CLT-02,Paneer 200g,Dairy,Milma,475,44,LOW,47,2026-10-29
LULU-ORD-6514,LULU-TVM-01,Milma Curd 500g,Dairy,Milma,331,15,MEDIUM,130,2026-09-30
LULU-ORD-6515,LULU-KOCHI-01,Milma Curd 500g,Dairy,Milma,497,31,LOW,103,2026-10-16
LULU-ORD-6516,LULU-CLT-01,Paneer 200g,Dairy,Milma,313,31,LOW,146,2026-10-16
LULU-ORD-6517,LULU-KOCHI-02,Banana Chips 1kg,Snacks,Local Kerala,211,6,MEDIUM,26,2026-09-21
LULU-ORD-6518,LULU-TVM-01,Paneer 200g,Dairy,Milma,409,5,HIGH,156,2026-09-20
LULU-ORD-6519,LULU-KOCHI-01,Bread Loaf,Bakery,Modern,259,37,LOW,117,2026-10-22
LULU-ORD-6520,LULU-CLT-02,Lulu Gold Coin,Jewellery,Lulu Gold,406,27,LOW,114,2026-10-12
LULU-ORD-6521,LULU-TVM-01,Banana Chips 1kg,Snacks,Local Kerala,264,21,LOW,106,2026-10-06
LULU-ORD-6522,LULU-CLT-01,Milma Curd 500g,Dairy,Milma,382,15,MEDIUM,45,2026-09-30
LULU-ORD-6523,LULU-KOCHI-01,Dates 500g,Dry Fruits,Lulu Import,85,35,LOW,14,2026-10-20
LULU-ORD-6524,LULU-TVM-01,Banana Chips 1kg,Snacks,Local Kerala,392,32,LOW,124,2026-10-17
LULU-ORD-6525,LULU-TVM-01,Milma Curd 500g,Dairy,Milma,231,25,LOW,112,2026-10-10
LULU-ORD-6526,LULU-KOCHI-02,Milma Curd 500g,Dairy,Milma,348,4,HIGH,70,2026-09-19
LULU-ORD-6527,LULU-CLT-02,Milma Curd 500g,Dairy,Milma,415,26,LOW,121,2026-10-11
LULU-ORD-6528,LULU-CLT-02,Milma Curd 500g,Dairy,Milma,389,3,HIGH,197,2026-09-18
LULU-ORD-6529,LULU-KOCHI-02,Atta 10kg,Grocery,Aashirvaad,99,42,LOW,78,2026-10-27
LULU-ORD-6530,LULU-CLT-01,Milma Curd 500g,Dairy,Milma,568,38,LOW,12,2026-10-23
LULU-ORD-6531,LULU-CLT-01,Basmati Rice 5kg,Grocery,India Gate,54,38,LOW,52,2026-10-23
LULU-ORD-6532,LULU-CLT-01,Milma Curd 500g,Dairy,Milma,252,41,LOW,46,2026-10-26
LULU-ORD-6533,LULU-TVM-01,Bread Loaf,Bakery,Modern,148,2,HIGH,77,2026-09-17
LULU-ORD-6534,LULU-CLT-02,Bread Loaf,Bakery,Modern,171,45,LOW,127,2026-10-30
LULU-ORD-6535,LULU-TVM-01,Bread Loaf,Bakery,Modern,592,30,LOW,103,2026-10-15
LULU-ORD-6536,LULU-CLT-02,Basmati Rice 5kg,Grocery,India Gate,124,37,LOW,110,2026-10-22
LULU-ORD-6537,LULU-TVM-01,Milma Curd 500g,Dairy,Milma,60,40,LOW,120,2026-10-25
LULU-ORD-6538,LULU-KOCHI-01,Milma Curd 500g,Dairy,Milma,146,30,LOW,136,2026-10-15
LULU-ORD-6539,LULU-KOCHI-01,Paneer 200g,Dairy,Milma,339,17,LOW,171,2026-10-02
LULU-ORD-6540,LULU-KOCHI-01,Mango 1kg,Fruits,Local Farm,150,3,HIGH,83,2026-09-18
LULU-ORD-6541,LULU-KOCHI-01,Atta 10kg,Grocery,Aashirvaad,298,45,LOW,94,2026-10-30
LULU-ORD-6542,LULU-CLT-01,Basmati Rice 5kg,Grocery,India Gate,536,6,MEDIUM,152,2026-09-21
LULU-ORD-6543,LULU-TVM-01,Milma Curd 500g,Dairy,Milma,584,8,MEDIUM,162,2026-09-23
LULU-ORD-6544,LULU-KOCHI-01,Dates 500g,Dry Fruits,Lulu Import,366,41,LOW,145,2026-10-26
LULU-ORD-6545,LULU-KOCHI-01,Basmati Rice 5kg,Grocery,India Gate,300,19,LOW,111,2026-10-04
LULU-ORD-6546,LULU-TVM-01,Dates 500g,Dry Fruits,Lulu Import,170,11,MEDIUM,185,2026-09-26
LULU-ORD-6547,LULU-KOCHI-02,Bread Loaf,Bakery,Modern,162,8,MEDIUM,167,2026-09-23
LULU-ORD-6548,LULU-KOCHI-02,Lulu Gold Coin,Jewellery,Lulu Gold,63,21,LOW,107,2026-10-06
LULU-ORD-6549,LULU-CLT-01,Milma Curd 500g,Dairy,Milma,250,27,LOW,117,2026-10-12
LULU-ORD-6550,LULU-KOCHI-02,Banana Chips 1kg,Snacks,Local Kerala,327,35,LOW,17,2026-10-20
LULU-ORD-6551,LULU-KOCHI-02,Lulu Gold Coin,Jewellery,Lulu Gold,20,19,LOW,173,2026-10-04
LULU-ORD-6552,LULU-CLT-01,Banana Chips 1kg,Snacks,Local Kerala,441,26,LOW,43,2026-10-11
LULU-ORD-6553,LULU-KOCHI-01,Basmati Rice 5kg,Grocery,India Gate,371,5,HIGH,139,2026-09-20
LULU-ORD-6554,LULU-KOCHI-01,Bread Loaf,Bakery,Modern,37,5,LOW,60,2026-09-20
LULU-ORD-6555,LULU-CLT-02,Milma Curd 500g,Dairy,Milma,79,29,LOW,183,2026-10-14
LULU-ORD-6556,LULU-CLT-01,Chicken 1kg,Meat,Suguna,443,32,LOW,90,2026-10-17
LULU-ORD-6557,LULU-TVM-01,Dates 500g,Dry Fruits,Lulu Import,65,23,LOW,122,2026-10-08
LULU-ORD-6558,LULU-CLT-02,Mango 1kg,Fruits,Local Farm,73,24,LOW,55,2026-10-09
LULU-ORD-6559,LULU-CLT-02,Paneer 200g,Dairy,Milma,319,5,HIGH,72,2026-09-20
LULU-ORD-6560,LULU-KOCHI-02,Mango 1kg,Fruits,Local Farm,344,20,LOW,155,2026-10-05
LULU-ORD-6561,LULU-KOCHI-01,Paneer 200g,Dairy,Milma,67,25,LOW,197,2026-10-10
LULU-ORD-6562,LULU-KOCHI-01,Bread Loaf,Bakery,Modern,228,7,MEDIUM,187,2026-09-22
LULU-ORD-6563,LULU-KOCHI-02,Lulu Gold Coin,Jewellery,Lulu Gold,65,21,LOW,41,2026-10-06
LULU-ORD-6564,LULU-TVM-01,Mango 1kg,Fruits,Local Farm,91,42,LOW,173,2026-10-27
LULU-ORD-6565,LULU-KOCHI-02,Mango 1kg,Fruits,Local Farm,554,26,LOW,200,2026-10-11
LULU-ORD-6566,LULU-CLT-02,Paneer 200g,Dairy,Milma,424,38,LOW,119,2026-10-23
LULU-ORD-6567,LULU-TVM-01,Bread Loaf,Bakery,Modern,407,8,MEDIUM,70,2026-09-23
LULU-ORD-6568,LULU-KOCHI-02,Basmati Rice 5kg,Grocery,India Gate,340,39,LOW,77,2026-10-24
LULU-ORD-6569,LULU-TVM-01,Atta 10kg,Grocery,Aashirvaad,481,26,LOW,11,2026-10-11
LULU-ORD-6570,LULU-CLT-02,Bread Loaf,Bakery,Modern,489,4,HIGH,72,2026-09-19
LULU-ORD-6571,LULU-TVM-01,Lulu Gold Coin,Jewellery,Lulu Gold,495,6,MEDIUM,77,2026-09-21
LULU-ORD-6572,LULU-CLT-01,Basmati Rice 5kg,Grocery,India Gate,16,42,LOW,154,2026-10-27
LULU-ORD-6573,LULU-TVM-01,Banana Chips 1kg,Snacks,Local Kerala,177,2,HIGH,102,2026-09-17
LULU-ORD-6574,LULU-CLT-02,Dates 500g,Dry Fruits,Lulu Import,510,16,LOW,58,2026-10-01
LULU-ORD-6575,LULU-CLT-02,Banana Chips 1kg,Snacks,Local Kerala,500,14,MEDIUM,63,2026-09-29
LULU-ORD-6576,LULU-KOCHI-01,Mango 1kg,Fruits,Local Farm,424,19,LOW,20,2026-10-04
LULU-ORD-6577,LULU-KOCHI-01,Banana Chips 1kg,Snacks,Local Kerala,584,9,MEDIUM,71,2026-09-24
LULU-ORD-6578,LULU-KOCHI-02,Banana Chips 1kg,Snacks,Local Kerala,414,30,LOW,168,2026-10-15
LULU-ORD-6579,LULU-CLT-02,Mango 1kg,Fruits,Local Farm,201,17,LOW,122,2026-10-02
LULU-ORD-6580,LULU-CLT-02,Lulu Gold Coin,Jewellery,Lulu Gold,252,40,LOW,67,2026-10-25
LULU-ORD-6581,LULU-CLT-02,Atta 10kg,Grocery,Aashirvaad,356,42,LOW,21,2026-10-27
LULU-ORD-6582,LULU-CLT-02,Banana Chips 1kg,Snacks,Local Kerala,254,44,LOW,15,2026-10-29
LULU-ORD-6583,LULU-CLT-01,Mango 1kg,Fruits,Local Farm,106,17,LOW,26,2026-10-02
LULU-ORD-6584,LULU-CLT-02,Dates 500g,Dry Fruits,Lulu Import,203,15,MEDIUM,142,2026-09-30
LULU-ORD-6585,LULU-CLT-02,Paneer 200g,Dairy,Milma,310,9,MEDIUM,86,2026-09-24
LULU-ORD-6586,LULU-TVM-01,Lulu Gold Coin,Jewellery,Lulu Gold,82,39,LOW,144,2026-10-24
LULU-ORD-6587,LULU-KOCHI-02,Banana Chips 1kg,Snacks,Local Kerala,19,44,LOW,94,2026-10-29
LULU-ORD-6588,LULU-KOCHI-01,Bread Loaf,Bakery,Modern,96,22,LOW,186,2026-10-07
LULU-ORD-6589,LULU-CLT-01,Bread Loaf,Bakery,Modern,139,25,LOW,123,2026-10-10
LULU-ORD-6590,LULU-TVM-01,Bread Loaf,Bakery,Modern,456,37,LOW,169,2026-10-22
LULU-ORD-6591,LULU-CLT-02,Chicken 1kg,Meat,Suguna,216,36,LOW,41,2026-10-21
LULU-ORD-6592,LULU-KOCHI-01,Milma Curd 500g,Dairy,Milma,13,26,LOW,72,2026-10-11
LULU-ORD-6593,LULU-KOCHI-02,Basmati Rice 5kg,Grocery,India Gate,168,12,MEDIUM,170,2026-09-27
LULU-ORD-6594,LULU-KOCHI-02,Banana Chips 1kg,Snacks,Local Kerala,141,32,LOW,129,2026-10-17
LULU-ORD-6595,LULU-CLT-01,Lulu Gold Coin,Jewellery,Lulu Gold,233,14,MEDIUM,116,2026-09-29
LULU-ORD-6596,LULU-KOCHI-02,Atta 10kg,Grocery,Aashirvaad,44,26,LOW,86,2026-10-11
LULU-ORD-6597,LULU-CLT-01,Lulu Gold Coin,Jewellery,Lulu Gold,38,29,LOW,63,2026-10-14
LULU-ORD-6598,LULU-CLT-02,Atta 10kg,Grocery,Aashirvaad,380,4,HIGH,106,2026-09-19
LULU-ORD-6599,LULU-KOCHI-01,Milma Curd 500g,Dairy,Milma,353,40,LOW,53,2026-10-25
LULU-ORD-6600,LULU-CLT-02,Mango 1kg,Fruits,Local Farm,525,20,LOW,171,2026-10-05
LULU-ORD-6601,LULU-KOCHI-02,Paneer 200g,Dairy,Milma,96,3,MEDIUM,191,2026-09-18
LULU-ORD-6602,LULU-KOCHI-02,Paneer 200g,Dairy,Milma,64,9,MEDIUM,79,2026-09-24
LULU-ORD-6603,LULU-KOCHI-01,Milma Curd 500g,Dairy,Milma,454,31,LOW,139,2026-10-16
LULU-ORD-6604,LULU-KOCHI-02,Banana Chips 1kg,Snacks,Local Kerala,448,30,LOW,45,2026-10-15
LULU-ORD-6605,LULU-KOCHI-02,Bread Loaf,Bakery,Modern,592,1,HIGH,50,2026-09-16
LULU-ORD-6606,LULU-KOCHI-02,Milma Curd 500g,Dairy,Milma,50,16,LOW,58,2026-10-01
LULU-ORD-6607,LULU-KOCHI-02,Atta 10kg,Grocery,Aashirvaad,375,41,LOW,77,2026-10-26
LULU-ORD-6608,LULU-TVM-01,Dates 500g,Dry Fruits,Lulu Import,82,19,LOW,124,2026-10-04
LULU-ORD-6609,LULU-KOCHI-02,Paneer 200g,Dairy,Milma,332,39,LOW,175,2026-10-24
LULU-ORD-6610,LULU-TVM-01,Mango 1kg,Fruits,Local Farm,223,7,MEDIUM,65,2026-09-22
LULU-ORD-6611,LULU-KOCHI-02,Mango 1kg,Fruits,Local Farm,594,44,LOW,157,2026-10-29
LULU-ORD-6612,LULU-CLT-01,Atta 10kg,Grocery,Aashirvaad,294,39,LOW,75,2026-10-24
LULU-ORD-6613,LULU-CLT-01,Mango 1kg,Fruits,Local Farm,528,28,LOW,160,2026-10-13
LULU-ORD-6614,LULU-CLT-01,Mango 1kg,Fruits,Local Farm,332,21,LOW,82,2026-10-06
LULU-ORD-6615,LULU-KOCHI-02,Mango 1kg,Fruits,Local Farm,222,10,MEDIUM,121,2026-09-25
LULU-ORD-6616,LULU-CLT-02,Paneer 200g,Dairy,Milma,231,9,MEDIUM,200,2026-09-24
LULU-ORD-6617,LULU-CLT-01,Basmati Rice 5kg,Grocery,India Gate,273,25,LOW,43,2026-10-10
LULU-ORD-6618,LULU-TVM-01,Chicken 1kg,Meat,Suguna,170,36,LOW,190,2026-10-21
LULU-ORD-6619,LULU-CLT-01,Atta 10kg,Grocery,Aashirvaad,86,43,LOW,94,2026-10-28
LULU-ORD-6620,LULU-KOCHI-01,Mango 1kg,Fruits,Local Farm,305,36,LOW,68,2026-10-21
LULU-ORD-6621,LULU-CLT-01,Paneer 200g,Dairy,Milma,26,1,LOW,56,2026-09-16
LULU-ORD-6622,LULU-CLT-02,Lulu Gold Coin,Jewellery,Lulu Gold,457,45,LOW,45,2026-10-30
LULU-ORD-6623,LULU-KOCHI-02,Basmati Rice 5kg,Grocery,India Gate,553,20,LOW,86,2026-10-05
LULU-ORD-6624,LULU-KOCHI-02,Banana Chips 1kg,Snacks,Local Kerala,175,22,LOW,193,2026-10-07
LULU-ORD-6625,LULU-KOCHI-02,Lulu Gold Coin,Jewellery,Lulu Gold,526,45,LOW,26,2026-10-30
LULU-ORD-6626,LULU-CLT-02,Atta 10kg,Grocery,Aashirvaad,523,34,LOW,42,2026-10-19
LULU-ORD-6627,LULU-TVM-01,Basmati Rice 5kg,Grocery,India Gate,471,34,LOW,176,2026-10-19
LULU-ORD-6628,LULU-TVM-01,Lulu Gold Coin,Jewellery,Lulu Gold,69,22,LOW,84,2026-10-07
LULU-ORD-6629,LULU-CLT-01,Chicken 1kg,Meat,Suguna,407,34,LOW,108,2026-10-19
LULU-ORD-6630,LULU-KOCHI-01,Chicken 1kg,Meat,Suguna,214,45,LOW,157,2026-10-30
LULU-ORD-6631,LULU-KOCHI-02,Bread Loaf,Bakery,Modern,420,20,LOW,157,2026-10-05
LULU-ORD-6632,LULU-KOCHI-02,Mango 1kg,Fruits,Local Farm,559,18,LOW,16,2026-10-03
LULU-ORD-6633,LULU-KOCHI-02,Bread Loaf,Bakery,Modern,537,28,LOW,169,2026-10-13
LULU-ORD-6634,LULU-CLT-02,Paneer 200g,Dairy,Milma,590,25,LOW,183,2026-10-10
LULU-ORD-6635,LULU-TVM-01,Atta 10kg,Grocery,Aashirvaad,257,1,HIGH,123,2026-09-16
LULU-ORD-6636,LULU-CLT-01,Banana Chips 1kg,Snacks,Local Kerala,216,26,LOW,22,2026-10-11
LULU-ORD-6637,LULU-CLT-02,Atta 10kg,Grocery,Aashirvaad,70,37,LOW,116,2026-10-22
LULU-ORD-6638,LULU-CLT-02,Chicken 1kg,Meat,Suguna,403,26,LOW,11,2026-10-11
LULU-ORD-6639,LULU-KOCHI-01,Chicken 1kg,Meat,Suguna,438,21,LOW,91,2026-10-06
LULU-ORD-6640,LULU-KOCHI-01,Lulu Gold Coin,Jewellery,Lulu Gold,528,27,LOW,94,2026-10-12
LULU-ORD-6641,LULU-KOCHI-01,Lulu Gold Coin,Jewellery,Lulu Gold,545,26,LOW,93,2026-10-11
LULU-ORD-6642,LULU-CLT-01,Bread Loaf,Bakery,Modern,515,23,LOW,54,2026-10-08
LULU-ORD-6643,LULU-KOCHI-01,Paneer 200g,Dairy,Milma,491,28,LOW,11,2026-10-13
LULU-ORD-6644,LULU-TVM-01,Milma Curd 500g,Dairy,Milma,63,25,LOW,124,2026-10-10
LULU-ORD-6645,LULU-TVM-01,Bread Loaf,Bakery,Modern,543,27,LOW,43,2026-10-12
LULU-ORD-6646,LULU-CLT-01,Paneer 200g,Dairy,Milma,68,23,LOW,116,2026-10-08
LULU-ORD-6647,LULU-KOCHI-01,Dates 500g,Dry Fruits,Lulu Import,371,17,LOW,37,2026-10-02
LULU-ORD-6648,LULU-KOCHI-01,Banana Chips 1kg,Snacks,Local Kerala,189,17,LOW,76,2026-10-02
LULU-ORD-6649,LULU-TVM-01,Chicken 1kg,Meat,Suguna,534,38,LOW,130,2026-10-23
LULU-ORD-6650,LULU-CLT-02,Paneer 200g,Dairy,Milma,15,10,LOW,61,2026-09-25
LULU-ORD-6651,LULU-KOCHI-02,Atta 10kg,Grocery,Aashirvaad,426,35,LOW,14,2026-10-20
LULU-ORD-6652,LULU-KOCHI-02,Atta 10kg,Grocery,Aashirvaad,248,21,LOW,20,2026-10-06
LULU-ORD-6653,LULU-CLT-02,Chicken 1kg,Meat,Suguna,473,2,HIGH,114,2026-09-17
LULU-ORD-6654,LULU-KOCHI-01,Basmati Rice 5kg,Grocery,India Gate,56,40,LOW,78,2026-10-25
LULU-ORD-6655,LULU-KOCHI-02,Banana Chips 1kg,Snacks,Local Kerala,227,33,LOW,25,2026-10-18
LULU-ORD-6656,LULU-KOCHI-01,Banana Chips 1kg,Snacks,Local Kerala,56,45,LOW,197,2026-10-30
LULU-ORD-6657,LULU-TVM-01,Milma Curd 500g,Dairy,Milma,563,40,LOW,67,2026-10-25
LULU-ORD-6658,LULU-CLT-02,Milma Curd 500g,Dairy,Milma,294,5,HIGH,78,2026-09-20
LULU-ORD-6659,LULU-KOCHI-02,Mango 1kg,Fruits,Local Farm,22,38,LOW,173,2026-10-23
LULU-ORD-6660,LULU-KOCHI-02,Chicken 1kg,Meat,Suguna,497,39,LOW,157,2026-10-24
LULU-ORD-6661,LULU-KOCHI-01,Lulu Gold Coin,Jewellery,Lulu Gold,148,18,LOW,49,2026-10-03
LULU-ORD-6662,LULU-CLT-02,Atta 10kg,Grocery,Aashirvaad,285,8,MEDIUM,102,2026-09-23
LULU-ORD-6663,LULU-CLT-01,Dates 500g,Dry Fruits,Lulu Import,286,34,LOW,86,2026-10-19
LULU-ORD-6664,LULU-CLT-02,Bread Loaf,Bakery,Modern,53,30,LOW,100,2026-10-15
LULU-ORD-6665,LULU-TVM-01,Dates 500g,Dry Fruits,Lulu Import,513,20,LOW,13,2026-10-05
LULU-ORD-6666,LULU-CLT-02,Mango 1kg,Fruits,Local Farm,339,32,LOW,156,2026-10-17
LULU-ORD-6667,LULU-TVM-01,Paneer 200g,Dairy,Milma,29,22,LOW,170,2026-10-07
LULU-ORD-6668,LULU-KOCHI-02,Atta 10kg,Grocery,Aashirvaad,56,9,MEDIUM,10,2026-09-24
LULU-ORD-6669,LULU-CLT-02,Banana Chips 1kg,Snacks,Local Kerala,266,18,LOW,176,2026-10-03
LULU-ORD-6670,LULU-KOCHI-01,Milma Curd 500g,Dairy,Milma,248,6,MEDIUM,145,2026-09-21
LULU-ORD-6671,LULU-TVM-01,Mango 1kg,Fruits,Local Farm,153,22,LOW,81,2026-10-07
LULU-ORD-6672,LULU-CLT-02,Mango 1kg,Fruits,Local Farm,27,30,LOW,89,2026-10-15
LULU-ORD-6673,LULU-CLT-01,Banana Chips 1kg,Snacks,Local Kerala,51,15,MEDIUM,154,2026-09-30
LULU-ORD-6674,LULU-KOCHI-01,Lulu Gold Coin,Jewellery,Lulu Gold,480,31,LOW,146,2026-10-16
LULU-ORD-6675,LULU-TVM-01,Dates 500g,Dry Fruits,Lulu Import,481,24,LOW,103,2026-10-09
LULU-ORD-6676,LULU-TVM-01,Chicken 1kg,Meat,Suguna,326,5,HIGH,118,2026-09-20
LULU-ORD-6677,LULU-CLT-02,Paneer 200g,Dairy,Milma,545,11,MEDIUM,10,2026-09-26
LULU-ORD-6678,LULU-TVM-01,Atta 10kg,Grocery,Aashirvaad,544,9,MEDIUM,91,2026-09-24
LULU-ORD-6679,LULU-TVM-01,Atta 10kg,Grocery,Aashirvaad,415,45,LOW,80,2026-10-30
LULU-ORD-6680,LULU-CLT-02,Chicken 1kg,Meat,Suguna,594,27,LOW,72,2026-10-12
LULU-ORD-6681,LULU-CLT-01,Basmati Rice 5kg,Grocery,India Gate,182,28,LOW,198,2026-10-13
LULU-ORD-6682,LULU-TVM-01,Bread Loaf,Bakery,Modern,571,25,LOW,81,2026-10-10
LULU-ORD-6683,LULU-KOCHI-02,Banana Chips 1kg,Snacks,Local Kerala,480,27,LOW,84,2026-10-12
LULU-ORD-6684,LULU-KOCHI-02,Atta 10kg,Grocery,Aashirvaad,224,7,MEDIUM,59,2026-09-22
LULU-ORD-6685,LULU-CLT-02,Milma Curd 500g,Dairy,Milma,403,26,LOW,161,2026-10-11
LULU-ORD-6686,LULU-CLT-01,Basmati Rice 5kg,Grocery,India Gate,98,24,LOW,145,2026-10-09
LULU-ORD-6687,LULU-TVM-01,Chicken 1kg,Meat,Suguna,489,35,LOW,48,2026-10-20
LULU-ORD-6688,LULU-KOCHI-01,Paneer 200g,Dairy,Milma,160,25,LOW,97,2026-10-10
LULU-ORD-6689,LULU-TVM-01,Mango 1kg,Fruits,Local Farm,329,27,LOW,150,2026-10-12
LULU-ORD-6690,LULU-CLT-02,Mango 1kg,Fruits,Local Farm,33,27,LOW,70,2026-10-12
LULU-ORD-6691,LULU-CLT-02,Banana Chips 1kg,Snacks,Local Kerala,481,10,MEDIUM,177,2026-09-25
LULU-ORD-6692,LULU-TVM-01,Lulu Gold Coin,Jewellery,Lulu Gold,131,29,LOW,138,2026-10-14
LULU-ORD-6693,LULU-CLT-02,Mango 1kg,Fruits,Local Farm,37,10,LOW,68,2026-09-25
LULU-ORD-6694,LULU-CLT-01,Lulu Gold Coin,Jewellery,Lulu Gold,596,4,HIGH,191,2026-09-19
LULU-ORD-6695,LULU-TVM-01,Dates 500g,Dry Fruits,Lulu Import,333,18,LOW,170,2026-10-03
LULU-ORD-6696,LULU-TVM-01,Lulu Gold Coin,Jewellery,Lulu Gold,66,43,LOW,81,2026-10-28
LULU-ORD-6697,LULU-KOCHI-01,Lulu Gold Coin,Jewellery,Lulu Gold,467,38,LOW,190,2026-10-23
LULU-ORD-6698,LULU-KOCHI-02,Paneer 200g,Dairy,Milma,82,41,LOW,117,2026-10-26
LULU-ORD-6699,LULU-CLT-02,Lulu Gold Coin,Jewellery,Lulu Gold,331,21,LOW,161,2026-10-06
LULU-ORD-6700,LULU-TVM-01,Atta 10kg,Grocery,Aashirvaad,89,35,LOW,169,2026-10-20
LULU-ORD-6701,LULU-KOCHI-02,Milma Curd 500g,Dairy,Milma,473,14,MEDIUM,141,2026-09-29
LULU-ORD-6702,LULU-CLT-01,Chicken 1kg,Meat,Suguna,371,38,LOW,92,2026-10-23
LULU-ORD-6703,LULU-TVM-01,Lulu Gold Coin,Jewellery,Lulu Gold,69,36,LOW,87,2026-10-21
LULU-ORD-6704,LULU-KOCHI-02,Bread Loaf,Bakery,Modern,532,39,LOW,52,2026-10-24
LULU-ORD-6705,LULU-TVM-01,Dates 500g,Dry Fruits,Lulu Import,573,14,MEDIUM,77,2026-09-29
LULU-ORD-6706,LULU-KOCHI-02,Atta 10kg,Grocery,Aashirvaad,534,29,LOW,62,2026-10-14
LULU-ORD-6707,LULU-CLT-01,Atta 10kg,Grocery,Aashirvaad,33,10,LOW,185,2026-09-25
LULU-ORD-6708,LULU-CLT-02,Lulu Gold Coin,Jewellery,Lulu Gold,418,6,MEDIUM,70,2026-09-21
LULU-ORD-6709,LULU-CLT-01,Mango 1kg,Fruits,Local Farm,418,44,LOW,56,2026-10-29
LULU-ORD-6710,LULU-KOCHI-01,Chicken 1kg,Meat,Suguna,38,41,LOW,198,2026-10-26
LULU-ORD-6711,LULU-CLT-01,Chicken 1kg,Meat,Suguna,570,35,LOW,49,2026-10-20
LULU-ORD-6712,LULU-KOCHI-02,Mango 1kg,Fruits,Local Farm,562,34,LOW,177,2026-10-19
LULU-ORD-6713,LULU-CLT-01,Chicken 1kg,Meat,Suguna,533,9,MEDIUM,176,2026-09-24
LULU-ORD-6714,LULU-KOCHI-02,Lulu Gold Coin,Jewellery,Lulu Gold,17,26,LOW,193,2026-10-11
LULU-ORD-6715,LULU-CLT-01,Mango 1kg,Fruits,Local Farm,47,8,LOW,126,2026-09-23
LULU-ORD-6716,LULU-KOCHI-02,Mango 1kg,Fruits,Local Farm,145,15,MEDIUM,47,2026-09-30
LULU-ORD-6717,LULU-KOCHI-02,Mango 1kg,Fruits,Local Farm,578,10,MEDIUM,151,2026-09-25
LULU-ORD-6718,LULU-KOCHI-01,Mango 1kg,Fruits,Local Farm,246,15,MEDIUM,190,2026-09-30
LULU-ORD-6719,LULU-KOCHI-01,Atta 10kg,Grocery,Aashirvaad,457,43,LOW,165,2026-10-28
LULU-ORD-6720,LULU-KOCHI-01,Lulu Gold Coin,Jewellery,Lulu Gold,57,16,LOW,21,2026-10-01
LULU-ORD-6721,LULU-KOCHI-02,Dates 500g,Dry Fruits,Lulu Import,512,21,LOW,140,2026-10-06
LULU-ORD-6722,LULU-CLT-02,Mango 1kg,Fruits,Local Farm,433,34,LOW,58,2026-10-19
LULU-ORD-6723,LULU-KOCHI-02,Bread Loaf,Bakery,Modern,372,45,LOW,13,2026-10-30
LULU-ORD-6724,LULU-CLT-01,Lulu Gold Coin,Jewellery,Lulu Gold,462,16,LOW,53,2026-10-01
LULU-ORD-6725,LULU-KOCHI-01,Basmati Rice 5kg,Grocery,India Gate,112,21,LOW,97,2026-10-06
LULU-ORD-6726,LULU-CLT-01,Milma Curd 500g,Dairy,Milma,335,29,LOW,101,2026-10-14
LULU-ORD-6727,LULU-KOCHI-02,Banana Chips 1kg,Snacks,Local Kerala,105,34,LOW,168,2026-10-19
LULU-ORD-6728,LULU-KOCHI-01,Mango 1kg,Fruits,Local Farm,237,34,LOW,191,2026-10-19
LULU-ORD-6729,LULU-KOCHI-01,Paneer 200g,Dairy,Milma,279,3,HIGH,104,2026-09-18
LULU-ORD-6730,LULU-CLT-01,Atta 10kg,Grocery,Aashirvaad,560,14,MEDIUM,29,2026-09-29
LULU-ORD-6731,LULU-KOCHI-02,Paneer 200g,Dairy,Milma,75,20,LOW,23,2026-10-05
LULU-ORD-6732,LULU-KOCHI-01,Chicken 1kg,Meat,Suguna,166,15,MEDIUM,22,2026-09-30
LULU-ORD-6733,LULU-KOCHI-02,Basmati Rice 5kg,Grocery,India Gate,420,35,LOW,39,2026-10-20
LULU-ORD-6734,LULU-TVM-01,Bread Loaf,Bakery,Modern,412,35,LOW,29,2026-10-20
LULU-ORD-6735,LULU-TVM-01,Milma Curd 500g,Dairy,Milma,458,29,LOW,124,2026-10-14
LULU-ORD-6736,LULU-CLT-02,Atta 10kg,Grocery,Aashirvaad,64,10,MEDIUM,173,2026-09-25
LULU-ORD-6737,LULU-KOCHI-02,Paneer 200g,Dairy,Milma,283,23,LOW,141,2026-10-08
LULU-ORD-6738,LULU-KOCHI-02,Paneer 200g,Dairy,Milma,279,27,LOW,157,2026-10-12
LULU-ORD-6739,LULU-KOCHI-02,Paneer 200g,Dairy,Milma,35,15,LOW,195,2026-09-30
LULU-ORD-6740,LULU-CLT-01,Dates 500g,Dry Fruits,Lulu Import,315,2,HIGH,120,2026-09-17
LULU-ORD-6741,LULU-KOCHI-01,Basmati Rice 5kg,Grocery,India Gate,147,40,LOW,132,2026-10-25
LULU-ORD-6742,LULU-CLT-02,Basmati Rice 5kg,Grocery,India Gate,520,33,LOW,40,2026-10-18
LULU-ORD-6743,LULU-KOCHI-02,Bread Loaf,Bakery,Modern,520,24,LOW,190,2026-10-09
LULU-ORD-6744,LULU-KOCHI-02,Banana Chips 1kg,Snacks,Local Kerala,160,43,LOW,69,2026-10-28
LULU-ORD-6745,LULU-TVM-01,Chicken 1kg,Meat,Suguna,531,26,LOW,200,2026-10-11
LULU-ORD-6746,LULU-TVM-01,Basmati Rice 5kg,Grocery,India Gate,48,9,LOW,32,2026-09-24
LULU-ORD-6747,LULU-KOCHI-01,Bread Loaf,Bakery,Modern,582,24,LOW,174,2026-10-09
LULU-ORD-6748,LULU-CLT-02,Banana Chips 1kg,Snacks,Local Kerala,242,15,MEDIUM,86,2026-09-30
LULU-ORD-6749,LULU-CLT-01,Chicken 1kg,Meat,Suguna,394,24,LOW,150,2026-10-09
LULU-ORD-6750,LULU-CLT-02,Bread Loaf,Bakery,Modern,270,35,LOW,159,2026-10-20
LULU-ORD-6751,LULU-KOCHI-02,Dates 500g,Dry Fruits,Lulu Import,408,2,HIGH,63,2026-09-17
LULU-ORD-6752,LULU-KOCHI-02,Paneer 200g,Dairy,Milma,308,25,LOW,191,2026-10-10
LULU-ORD-6753,LULU-CLT-01,Paneer 200g,Dairy,Milma,408,12,MEDIUM,98,2026-09-27
LULU-ORD-6754,LULU-KOCHI-01,Mango 1kg,Fruits,Local Farm,375,35,LOW,176,2026-10-20
LULU-ORD-6755,LULU-TVM-01,Chicken 1kg,Meat,Suguna,508,18,LOW,39,2026-10-03
LULU-ORD-6756,LULU-CLT-01,Dates 500g,Dry Fruits,Lulu Import,75,29,LOW,96,2026-10-14
LULU-ORD-6757,LULU-CLT-01,Milma Curd 500g,Dairy,Milma,175,11,MEDIUM,141,2026-09-26
LULU-ORD-6758,LULU-TVM-01,Chicken 1kg,Meat,Suguna,424,37,LOW,28,2026-10-22
LULU-ORD-6759,LULU-KOCHI-01,Paneer 200g,Dairy,Milma,111,15,MEDIUM,80,2026-09-30
LULU-ORD-6760,LULU-CLT-01,Lulu Gold Coin,Jewellery,Lulu Gold,405,45,LOW,190,2026-10-30
LULU-ORD-6761,LULU-CLT-02,Mango 1kg,Fruits,Local Farm,271,36,LOW,187,2026-10-21
LULU-ORD-6762,LULU-CLT-01,Lulu Gold Coin,Jewellery,Lulu Gold,470,19,LOW,198,2026-10-04
LULU-ORD-6763,LULU-KOCHI-02,Banana Chips 1kg,Snacks,Local Kerala,138,35,LOW,83,2026-10-20
LULU-ORD-6764,LULU-CLT-02,Basmati Rice 5kg,Grocery,India Gate,216,2,HIGH,118,2026-09-17
LULU-ORD-6765,LULU-TVM-01,Bread Loaf,Bakery,Modern,40,37,LOW,108,2026-10-22
LULU-ORD-6766,LULU-CLT-02,Banana Chips 1kg,Snacks,Local Kerala,129,36,LOW,116,2026-10-21
LULU-ORD-6767,LULU-CLT-01,Dates 500g,Dry Fruits,Lulu Import,473,30,LOW,163,2026-10-15
LULU-ORD-6768,LULU-KOCHI-02,Dates 500g,Dry Fruits,Lulu Import,435,27,LOW,29,2026-10-12
LULU-ORD-6769,LULU-KOCHI-02,Milma Curd 500g,Dairy,Milma,152,21,LOW,71,2026-10-06
LULU-ORD-6770,LULU-CLT-02,Paneer 200g,Dairy,Milma,188,3,HIGH,42,2026-09-18
LULU-ORD-6771,LULU-TVM-01,Banana Chips 1kg,Snacks,Local Kerala,235,18,LOW,160,2026-10-03
LULU-ORD-6772,LULU-CLT-02,Atta 10kg,Grocery,Aashirvaad,50,5,LOW,195,2026-09-20
LULU-ORD-6773,LULU-CLT-02,Lulu Gold Coin,Jewellery,Lulu Gold,443,36,LOW,117,2026-10-21
LULU-ORD-6774,LULU-CLT-01,Lulu Gold Coin,Jewellery,Lulu Gold,376,40,LOW,34,2026-10-25
LULU-ORD-6775,LULU-CLT-01,Lulu Gold Coin,Jewellery,Lulu Gold,473,40,LOW,93,2026-10-25
LULU-ORD-6776,LULU-KOCHI-02,Banana Chips 1kg,Snacks,Local Kerala,321,18,LOW,40,2026-10-03
LULU-ORD-6777,LULU-TVM-01,Paneer 200g,Dairy,Milma,310,2,HIGH,52,2026-09-17
LULU-ORD-6778,LULU-CLT-01,Basmati Rice 5kg,Grocery,India Gate,261,23,LOW,127,2026-10-08
LULU-ORD-6779,LULU-KOCHI-02,Paneer 200g,Dairy,Milma,414,24,LOW,88,2026-10-09
LULU-ORD-6780,LULU-CLT-01,Banana Chips 1kg,Snacks,Local Kerala,395,4,HIGH,150,2026-09-19
LULU-ORD-6781,LULU-CLT-02,Dates 500g,Dry Fruits,Lulu Import,262,32,LOW,107,2026-10-17
LULU-ORD-6782,LULU-TVM-01,Basmati Rice 5kg,Grocery,India Gate,78,37,LOW,101,2026-10-22
LULU-ORD-6783,LULU-TVM-01,Dates 500g,Dry Fruits,Lulu Import,352,23,LOW,50,2026-10-08
LULU-ORD-6784,LULU-KOCHI-02,Banana Chips 1kg,Snacks,Local Kerala,507,44,LOW,106,2026-10-29
LULU-ORD-6785,LULU-TVM-01,Paneer 200g,Dairy,Milma,104,20,LOW,21,2026-10-05
LULU-ORD-6786,LULU-KOCHI-01,Milma Curd 500g,Dairy,Milma,231,36,LOW,10,2026-10-21
LULU-ORD-6787,LULU-CLT-01,Banana Chips 1kg,Snacks,Local Kerala,352,22,LOW,196,2026-10-07
LULU-ORD-6788,LULU-KOCHI-01,Basmati Rice 5kg,Grocery,India Gate,287,19,LOW,150,2026-10-04
LULU-ORD-6789,LULU-CLT-02,Dates 500g,Dry Fruits,Lulu Import,502,10,MEDIUM,146,2026-09-25
LULU-ORD-6790,LULU-CLT-01,Atta 10kg,Grocery,Aashirvaad,244,37,LOW,86,2026-10-22
LULU-ORD-6791,LULU-CLT-01,Lulu Gold Coin,Jewellery,Lulu Gold,256,15,MEDIUM,74,2026-09-30
LULU-ORD-6792,LULU-CLT-01,Bread Loaf,Bakery,Modern,292,25,LOW,105,2026-10-10
LULU-ORD-6793,LULU-CLT-02,Lulu Gold Coin,Jewellery,Lulu Gold,309,38,LOW,48,2026-10-23
LULU-ORD-6794,LULU-KOCHI-01,Bread Loaf,Bakery,Modern,105,8,MEDIUM,188,2026-09-23
LULU-ORD-6795,LULU-TVM-01,Mango 1kg,Fruits,Local Farm,478,34,LOW,129,2026-10-19
LULU-ORD-6796,LULU-CLT-01,Mango 1kg,Fruits,Local Farm,334,14,MEDIUM,44,2026-09-29
LULU-ORD-6797,LULU-TVM-01,Milma Curd 500g,Dairy,Milma,306,1,HIGH,92,2026-09-16
LULU-ORD-6798,LULU-KOCHI-02,Paneer 200g,Dairy,Milma,259,29,LOW,176,2026-10-14
LULU-ORD-6799,LULU-TVM-01,Dates 500g,Dry Fruits,Lulu Import,445,7,MEDIUM,59,2026-09-22
LULU-ORD-6800,LULU-TVM-01,Milma Curd 500g,Dairy,Milma,551,24,LOW,23,2026-10-09
LULU-ORD-6801,LULU-TVM-01,Milma Curd 500g,Dairy,Milma,112,45,LOW,132,2026-10-30
LULU-ORD-6802,LULU-CLT-02,Basmati Rice 5kg,Grocery,India Gate,97,20,LOW,159,2026-10-05
LULU-ORD-6803,LULU-CLT-01,Chicken 1kg,Meat,Suguna,342,6,MEDIUM,74,2026-09-21
LULU-ORD-6804,LULU-TVM-01,Basmati Rice 5kg,Grocery,India Gate,453,31,LOW,115,2026-10-16
LULU-ORD-6805,LULU-KOCHI-02,Banana Chips 1kg,Snacks,Local Kerala,116,1,HIGH,150,2026-09-16
LULU-ORD-6806,LULU-CLT-01,Chicken 1kg,Meat,Suguna,571,30,LOW,21,2026-10-15
LULU-ORD-6807,LULU-TVM-01,Mango 1kg,Fruits,Local Farm,425,41,LOW,91,2026-10-26
LULU-ORD-6808,LULU-KOCHI-01,Dates 500g,Dry Fruits,Lulu Import,318,9,MEDIUM,126,2026-09-24
LULU-ORD-6809,LULU-TVM-01,Milma Curd 500g,Dairy,Milma,426,42,LOW,176,2026-10-27
LULU-ORD-6810,LULU-TVM-01,Milma Curd 500g,Dairy,Milma,156,28,LOW,178,2026-10-13
LULU-ORD-6811,LULU-KOCHI-01,Basmati Rice 5kg,Grocery,India Gate,260,5,HIGH,77,2026-09-20
LULU-ORD-6812,LULU-KOCHI-02,Banana Chips 1kg,Snacks,Local Kerala,210,1,HIGH,18,2026-09-16
LULU-ORD-6813,LULU-CLT-01,Milma Curd 500g,Dairy,Milma,199,13,MEDIUM,57,2026-09-28
LULU-ORD-6814,LULU-KOCHI-01,Atta 10kg,Grocery,Aashirvaad,452,22,LOW,188,2026-10-07
LULU-ORD-6815,LULU-CLT-02,Milma Curd 500g,Dairy,Milma,344,9,MEDIUM,83,2026-09-24
LULU-ORD-6816,LULU-CLT-02,Chicken 1kg,Meat,Suguna,108,19,LOW,16,2026-10-04
LULU-ORD-6817,LULU-CLT-01,Dates 500g,Dry Fruits,Lulu Import,428,31,LOW,36,2026-10-16
LULU-ORD-6818,LULU-KOCHI-01,Bread Loaf,Bakery,Modern,87,17,LOW,199,2026-10-02
LULU-ORD-6819,LULU-CLT-01,Mango 1kg,Fruits,Local Farm,589,10,MEDIUM,34,2026-09-25
LULU-ORD-6820,LULU-CLT-02,Dates 500g,Dry Fruits,Lulu Import,444,16,LOW,199,2026-10-01
LULU-ORD-6821,LULU-CLT-02,Atta 10kg,Grocery,Aashirvaad,154,9,MEDIUM,44,2026-09-24
LULU-ORD-6822,LULU-KOCHI-01,Paneer 200g,Dairy,Milma,48,3,LOW,69,2026-09-18
LULU-ORD-6823,LULU-CLT-02,Mango 1kg,Fruits,Local Farm,143,12,MEDIUM,22,2026-09-27
LULU-ORD-6824,LULU-CLT-01,Bread Loaf,Bakery,Modern,396,9,MEDIUM,34,2026-09-24
LULU-ORD-6825,LULU-CLT-01,Mango 1kg,Fruits,Local Farm,57,5,MEDIUM,63,2026-09-20
LULU-ORD-6826,LULU-CLT-02,Paneer 200g,Dairy,Milma,557,20,LOW,67,2026-10-05
LULU-ORD-6827,LULU-CLT-02,Mango 1kg,Fruits,Local Farm,113,13,MEDIUM,174,2026-09-28
LULU-ORD-6828,LULU-TVM-01,Banana Chips 1kg,Snacks,Local Kerala,382,12,MEDIUM,106,2026-09-27
LULU-ORD-6829,LULU-CLT-02,Chicken 1kg,Meat,Suguna,229,11,MEDIUM,197,2026-09-26
LULU-ORD-6830,LULU-KOCHI-02,Mango 1kg,Fruits,Local Farm,270,22,LOW,183,2026-10-07
LULU-ORD-6831,LULU-CLT-02,Paneer 200g,Dairy,Milma,351,9,MEDIUM,87,2026-09-24
LULU-ORD-6832,LULU-KOCHI-01,Banana Chips 1kg,Snacks,Local Kerala,522,26,LOW,86,2026-10-11
LULU-ORD-6833,LULU-CLT-01,Mango 1kg,Fruits,Local Farm,463,28,LOW,54,2026-10-13
LULU-ORD-6834,LULU-KOCHI-02,Paneer 200g,Dairy,Milma,534,28,LOW,59,2026-10-13
LULU-ORD-6835,LULU-TVM-01,Paneer 200g,Dairy,Milma,188,4,HIGH,101,2026-09-19
LULU-ORD-6836,LULU-KOCHI-02,Basmati Rice 5kg,Grocery,India Gate,457,30,LOW,170,2026-10-15
LULU-ORD-6837,LULU-TVM-01,Basmati Rice 5kg,Grocery,India Gate,293,43,LOW,150,2026-10-28
LULU-ORD-6838,LULU-KOCHI-02,Bread Loaf,Bakery,Modern,191,40,LOW,69,2026-10-25
LULU-ORD-6839,LULU-KOCHI-01,Bread Loaf,Bakery,Modern,424,6,MEDIUM,186,2026-09-21
LULU-ORD-6840,LULU-KOCHI-01,Banana Chips 1kg,Snacks,Local Kerala,402,26,LOW,95,2026-10-11
LULU-ORD-6841,LULU-KOCHI-02,Mango 1kg,Fruits,Local Farm,77,18,LOW,109,2026-10-03
LULU-ORD-6842,LULU-TVM-01,Banana Chips 1kg,Snacks,Local Kerala,388,16,LOW,25,2026-10-01
LULU-ORD-6843,LULU-KOCHI-01,Mango 1kg,Fruits,Local Farm,436,27,LOW,36,2026-10-12
LULU-ORD-6844,LULU-CLT-02,Paneer 200g,Dairy,Milma,494,24,LOW,73,2026-10-09
LULU-ORD-6845,LULU-KOCHI-01,Dates 500g,Dry Fruits,Lulu Import,389,11,MEDIUM,123,2026-09-26
LULU-ORD-6846,LULU-KOCHI-01,Paneer 200g,Dairy,Milma,413,28,LOW,180,2026-10-13
LULU-ORD-6847,LULU-TVM-01,Basmati Rice 5kg,Grocery,India Gate,356,14,MEDIUM,158,2026-09-29
LULU-ORD-6848,LULU-TVM-01,Dates 500g,Dry Fruits,Lulu Import,140,41,LOW,151,2026-10-26
LULU-ORD-6849,LULU-KOCHI-01,Bread Loaf,Bakery,Modern,265,10,MEDIUM,61,2026-09-25
LULU-ORD-6850,LULU-CLT-02,Dates 500g,Dry Fruits,Lulu Import,515,38,LOW,86,2026-10-23
LULU-ORD-6851,LULU-CLT-01,Chicken 1kg,Meat,Suguna,356,31,LOW,50,2026-10-16
LULU-ORD-6852,LULU-TVM-01,Lulu Gold Coin,Jewellery,Lulu Gold,438,13,MEDIUM,67,2026-09-28
LULU-ORD-6853,LULU-KOCHI-01,Bread Loaf,Bakery,Modern,287,14,MEDIUM,115,2026-09-29
LULU-ORD-6854,LULU-KOCHI-02,Atta 10kg,Grocery,Aashirvaad,346,33,LOW,73,2026-10-18
LULU-ORD-6855,LULU-CLT-01,Mango 1kg,Fruits,Local Farm,36,27,LOW,110,2026-10-12
LULU-ORD-6856,LULU-TVM-01,Atta 10kg,Grocery,Aashirvaad,160,19,LOW,130,2026-10-04
LULU-ORD-6857,LULU-TVM-01,Mango 1kg,Fruits,Local Farm,252,40,LOW,149,2026-10-25
LULU-ORD-6858,LULU-KOCHI-01,Chicken 1kg,Meat,Suguna,435,7,MEDIUM,67,2026-09-22
LULU-ORD-6859,LULU-KOCHI-02,Atta 10kg,Grocery,Aashirvaad,95,7,MEDIUM,141,2026-09-22
LULU-ORD-6860,LULU-CLT-01,Basmati Rice 5kg,Grocery,India Gate,482,6,MEDIUM,72,2026-09-21
LULU-ORD-6861,LULU-KOCHI-02,Milma Curd 500g,Dairy,Milma,519,14,MEDIUM,43,2026-09-29
LULU-ORD-6862,LULU-CLT-02,Dates 500g,Dry Fruits,Lulu Import,70,31,LOW,11,2026-10-16
LULU-ORD-6863,LULU-TVM-01,Chicken 1kg,Meat,Suguna,290,35,LOW,118,2026-10-20
LULU-ORD-6864,LULU-TVM-01,Lulu Gold Coin,Jewellery,Lulu Gold,577,2,HIGH,45,2026-09-17
LULU-ORD-6865,LULU-CLT-02,Dates 500g,Dry Fruits,Lulu Import,291,37,LOW,40,2026-10-22
LULU-ORD-6866,LULU-KOCHI-02,Banana Chips 1kg,Snacks,Local Kerala,135,19,LOW,60,2026-10-04
LULU-ORD-6867,LULU-KOCHI-02,Mango 1kg,Fruits,Local Farm,314,29,LOW,57,2026-10-14
LULU-ORD-6868,LULU-TVM-01,Bread Loaf,Bakery,Modern,294,10,MEDIUM,172,2026-09-25
LULU-ORD-6869,LULU-KOCHI-01,Banana Chips 1kg,Snacks,Local Kerala,407,45,LOW,98,2026-10-30
LULU-ORD-6870,LULU-TVM-01,Dates 500g,Dry Fruits,Lulu Import,220,13,MEDIUM,37,2026-09-28
LULU-ORD-6871,LULU-TVM-01,Lulu Gold Coin,Jewellery,Lulu Gold,152,38,LOW,171,2026-10-23
LULU-ORD-6872,LULU-KOCHI-02,Paneer 200g,Dairy,Milma,21,14,LOW,156,2026-09-29
LULU-ORD-6873,LULU-CLT-01,Paneer 200g,Dairy,Milma,527,43,LOW,180,2026-10-28
LULU-ORD-6874,LULU-KOCHI-02,Chicken 1kg,Meat,Suguna,195,42,LOW,189,2026-10-27
LULU-ORD-6875,LULU-KOCHI-02,Dates 500g,Dry Fruits,Lulu Import,309,37,LOW,32,2026-10-22
LULU-ORD-6876,LULU-CLT-01,Mango 1kg,Fruits,Local Farm,429,29,LOW,115,2026-10-14
LULU-ORD-6877,LULU-KOCHI-01,Atta 10kg,Grocery,Aashirvaad,239,14,MEDIUM,66,2026-09-29
LULU-ORD-6878,LULU-CLT-01,Mango 1kg,Fruits,Local Farm,123,3,HIGH,109,2026-09-18
LULU-ORD-6879,LULU-TVM-01,Chicken 1kg,Meat,Suguna,183,23,LOW,17,2026-10-08
LULU-ORD-6880,LULU-TVM-01,Chicken 1kg,Meat,Suguna,420,16,LOW,164,2026-10-01
LULU-ORD-6881,LULU-CLT-02,Paneer 200g,Dairy,Milma,44,6,LOW,67,2026-09-21
LULU-ORD-6882,LULU-CLT-02,Basmati Rice 5kg,Grocery,India Gate,288,18,LOW,131,2026-10-03
LULU-ORD-6883,LULU-CLT-02,Dates 500g,Dry Fruits,Lulu Import,503,43,LOW,185,2026-10-28
LULU-ORD-6884,LULU-KOCHI-01,Paneer 200g,Dairy,Milma,556,7,MEDIUM,21,2026-09-22
LULU-ORD-6885,LULU-KOCHI-01,Mango 1kg,Fruits,Local Farm,568,45,LOW,32,2026-10-30
LULU-ORD-6886,LULU-KOCHI-02,Milma Curd 500g,Dairy,Milma,82,28,LOW,163,2026-10-13
LULU-ORD-6887,LULU-KOCHI-01,Basmati Rice 5kg,Grocery,India Gate,48,5,LOW,149,2026-09-20
LULU-ORD-6888,LULU-CLT-01,Chicken 1kg,Meat,Suguna,116,26,LOW,82,2026-10-11
LULU-ORD-6889,LULU-CLT-01,Mango 1kg,Fruits,Local Farm,95,2,MEDIUM,89,2026-09-17
LULU-ORD-6890,LULU-TVM-01,Banana Chips 1kg,Snacks,Local Kerala,49,10,LOW,153,2026-09-25
LULU-ORD-6891,LULU-KOCHI-02,Dates 500g,Dry Fruits,Lulu Import,437,8,MEDIUM,149,2026-09-23
LULU-ORD-6892,LULU-TVM-01,Milma Curd 500g,Dairy,Milma,84,40,LOW,20,2026-10-25
LULU-ORD-6893,LULU-CLT-01,Basmati Rice 5kg,Grocery,India Gate,308,10,MEDIUM,61,2026-09-25
LULU-ORD-6894,LULU-KOCHI-01,Paneer 200g,Dairy,Milma,523,22,LOW,151,2026-10-07
LULU-ORD-6895,LULU-CLT-02,Paneer 200g,Dairy,Milma,169,4,HIGH,91,2026-09-19
LULU-ORD-6896,LULU-CLT-01,Basmati Rice 5kg,Grocery,India Gate,86,28,LOW,188,2026-10-13
LULU-ORD-6897,LULU-CLT-01,Lulu Gold Coin,Jewellery,Lulu Gold,589,43,LOW,134,2026-10-28
LULU-ORD-6898,LULU-TVM-01,Mango 1kg,Fruits,Local Farm,112,14,MEDIUM,107,2026-09-29
LULU-ORD-6899,LULU-KOCHI-02,Milma Curd 500g,Dairy,Milma,91,21,LOW,35,2026-10-06
LULU-ORD-6900,LULU-CLT-02,Chicken 1kg,Meat,Suguna,517,8,MEDIUM,44,2026-09-23
LULU-ORD-6901,LULU-CLT-02,Chicken 1kg,Meat,Suguna,326,2,HIGH,87,2026-09-17
LULU-ORD-6902,LULU-TVM-01,Lulu Gold Coin,Jewellery,Lulu Gold,14,11,LOW,152,2026-09-26
LULU-ORD-6903,LULU-CLT-01,Chicken 1kg,Meat,Suguna,306,6,MEDIUM,43,2026-09-21
LULU-ORD-6904,LULU-KOCHI-01,Atta 10kg,Grocery,Aashirvaad,480,41,LOW,91,2026-10-26
LULU-ORD-6905,LULU-CLT-01,Banana Chips 1kg,Snacks,Local Kerala,506,45,LOW,165,2026-10-30
LULU-ORD-6906,LULU-TVM-01,Basmati Rice 5kg,Grocery,India Gate,456,31,LOW,104,2026-10-16
LULU-ORD-6907,LULU-KOCHI-02,Lulu Gold Coin,Jewellery,Lulu Gold,399,19,LOW,58,2026-10-04
LULU-ORD-6908,LULU-TVM-01,Mango 1kg,Fruits,Local Farm,83,16,LOW,30,2026-10-01
LULU-ORD-6909,LULU-TVM-01,Milma Curd 500g,Dairy,Milma,521,20,LOW,38,2026-10-05
LULU-ORD-6910,LULU-KOCHI-01,Dates 500g,Dry Fruits,Lulu Import,135,37,LOW,53,2026-10-22
LULU-ORD-6911,LULU-KOCHI-01,Basmati Rice 5kg,Grocery,India Gate,165,8,MEDIUM,82,2026-09-23
LULU-ORD-6912,LULU-CLT-01,Milma Curd 500g,Dairy,Milma,87,16,LOW,95,2026-10-01
LULU-ORD-6913,LULU-KOCHI-02,Basmati Rice 5kg,Grocery,India Gate,349,4,HIGH,162,2026-09-19
LULU-ORD-6914,LULU-CLT-01,Dates 500g,Dry Fruits,Lulu Import,199,25,LOW,114,2026-10-10
LULU-ORD-6915,LULU-KOCHI-01,Atta 10kg,Grocery,Aashirvaad,269,23,LOW,52,2026-10-08
LULU-ORD-6916,LULU-KOCHI-02,Bread Loaf,Bakery,Modern,189,42,LOW,199,2026-10-27
LULU-ORD-6917,LULU-CLT-02,Paneer 200g,Dairy,Milma,86,1,MEDIUM,172,2026-09-16
LULU-ORD-6918,LULU-CLT-01,Bread Loaf,Bakery,Modern,299,32,LOW,191,2026-10-17
LULU-ORD-6919,LULU-TVM-01,Lulu Gold Coin,Jewellery,Lulu Gold,565,39,LOW,80,2026-10-24
LULU-ORD-6920,LULU-KOCHI-02,Atta 10kg,Grocery,Aashirvaad,548,23,LOW,109,2026-10-08
LULU-ORD-6921,LULU-TVM-01,Mango 1kg,Fruits,Local Farm,299,33,LOW,163,2026-10-18
LULU-ORD-6922,LULU-KOCHI-01,Basmati Rice 5kg,Grocery,India Gate,69,2,MEDIUM,37,2026-09-17
LULU-ORD-6923,LULU-KOCHI-02,Mango 1kg,Fruits,Local Farm,358,28,LOW,99,2026-10-13
LULU-ORD-6924,LULU-KOCHI-01,Dates 500g,Dry Fruits,Lulu Import,223,24,LOW,139,2026-10-09
LULU-ORD-6925,LULU-KOCHI-02,Paneer 200g,Dairy,Milma,159,12,MEDIUM,173,2026-09-27
LULU-ORD-6926,LULU-KOCHI-02,Chicken 1kg,Meat,Suguna,476,10,MEDIUM,113,2026-09-25
LULU-ORD-6927,LULU-KOCHI-01,Banana Chips 1kg,Snacks,Local Kerala,380,26,LOW,16,2026-10-11
LULU-ORD-6928,LULU-KOCHI-02,Paneer 200g,Dairy,Milma,401,1,HIGH,15,2026-09-16
LULU-ORD-6929,LULU-KOCHI-01,Milma Curd 500g,Dairy,Milma,94,19,LOW,38,2026-10-04
LULU-ORD-6930,LULU-TVM-01,Basmati Rice 5kg,Grocery,India Gate,15,25,LOW,175,2026-10-10
LULU-ORD-6931,LULU-CLT-01,Dates 500g,Dry Fruits,Lulu Import,194,17,LOW,189,2026-10-02
LULU-ORD-6932,LULU-CLT-01,Atta 10kg,Grocery,Aashirvaad,465,7,MEDIUM,10,2026-09-22
LULU-ORD-6933,LULU-TVM-01,Dates 500g,Dry Fruits,Lulu Import,428,35,LOW,25,2026-10-20
LULU-ORD-6934,LULU-CLT-02,Paneer 200g,Dairy,Milma,112,32,LOW,147,2026-10-17
LULU-ORD-6935,LULU-KOCHI-02,Banana Chips 1kg,Snacks,Local Kerala,17,31,LOW,53,2026-10-16
LULU-ORD-6936,LULU-CLT-01,Basmati Rice 5kg,Grocery,India Gate,523,8,MEDIUM,99,2026-09-23
LULU-ORD-6937,LULU-CLT-02,Banana Chips 1kg,Snacks,Local Kerala,153,15,MEDIUM,151,2026-09-30
LULU-ORD-6938,LULU-TVM-01,Banana Chips 1kg,Snacks,Local Kerala,195,12,MEDIUM,49,2026-09-27
LULU-ORD-6939,LULU-KOCHI-01,Paneer 200g,Dairy,Milma,23,35,LOW,130,2026-10-20
LULU-ORD-6940,LULU-CLT-02,Bread Loaf,Bakery,Modern,169,34,LOW,101,2026-10-19
LULU-ORD-6941,LULU-CLT-01,Mango 1kg,Fruits,Local Farm,314,3,HIGH,79,2026-09-18
LULU-ORD-6942,LULU-KOCHI-01,Chicken 1kg,Meat,Suguna,49,36,LOW,125,2026-10-21
LULU-ORD-6943,LULU-KOCHI-01,Mango 1kg,Fruits,Local Farm,128,15,MEDIUM,36,2026-09-30
LULU-ORD-6944,LULU-CLT-01,Chicken 1kg,Meat,Suguna,262,23,LOW,90,2026-10-08
LULU-ORD-6945,LULU-CLT-02,Basmati Rice 5kg,Grocery,India Gate,336,29,LOW,52,2026-10-14
LULU-ORD-6946,LULU-KOCHI-02,Atta 10kg,Grocery,Aashirvaad,144,1,HIGH,84,2026-09-16
LULU-ORD-6947,LULU-TVM-01,Chicken 1kg,Meat,Suguna,378,32,LOW,20,2026-10-17
LULU-ORD-6948,LULU-CLT-02,Mango 1kg,Fruits,Local Farm,485,34,LOW,17,2026-10-19
LULU-ORD-6949,LULU-CLT-01,Banana Chips 1kg,Snacks,Local Kerala,563,2,HIGH,16,2026-09-17
LULU-ORD-6950,LULU-KOCHI-01,Paneer 200g,Dairy,Milma,114,40,LOW,192,2026-10-25
LULU-ORD-6951,LULU-CLT-01,Bread Loaf,Bakery,Modern,258,20,LOW,166,2026-10-05
LULU-ORD-6952,LULU-CLT-01,Bread Loaf,Bakery,Modern,139,33,LOW,177,2026-10-18
LULU-ORD-6953,LULU-TVM-01,Paneer 200g,Dairy,Milma,304,31,LOW,114,2026-10-16
LULU-ORD-6954,LULU-CLT-02,Lulu Gold Coin,Jewellery,Lulu Gold,304,41,LOW,150,2026-10-26
LULU-ORD-6955,LULU-TVM-01,Milma Curd 500g,Dairy,Milma,189,6,MEDIUM,182,2026-09-21
LULU-ORD-6956,LULU-KOCHI-02,Atta 10kg,Grocery,Aashirvaad,238,2,HIGH,66,2026-09-17
LULU-ORD-6957,LULU-CLT-01,Bread Loaf,Bakery,Modern,519,36,LOW,182,2026-10-21
LULU-ORD-6958,LULU-TVM-01,Basmati Rice 5kg,Grocery,India Gate,485,36,LOW,39,2026-10-21
LULU-ORD-6959,LULU-TVM-01,Banana Chips 1kg,Snacks,Local Kerala,109,15,MEDIUM,195,2026-09-30
LULU-ORD-6960,LULU-KOCHI-02,Lulu Gold Coin,Jewellery,Lulu Gold,266,16,LOW,162,2026-10-01
LULU-ORD-6961,LULU-KOCHI-01,Mango 1kg,Fruits,Local Farm,24,21,LOW,151,2026-10-06
LULU-ORD-6962,LULU-KOCHI-01,Bread Loaf,Bakery,Modern,362,32,LOW,161,2026-10-17
LULU-ORD-6963,LULU-CLT-01,Mango 1kg,Fruits,Local Farm,323,45,LOW,149,2026-10-30
LULU-ORD-6964,LULU-CLT-01,Paneer 200g,Dairy,Milma,201,37,LOW,117,2026-10-22
LULU-ORD-6965,LULU-CLT-01,Mango 1kg,Fruits,Local Farm,450,37,LOW,186,2026-10-22
LULU-ORD-6966,LULU-TVM-01,Paneer 200g,Dairy,Milma,377,10,MEDIUM,165,2026-09-25
LULU-ORD-6967,LULU-KOCHI-02,Atta 10kg,Grocery,Aashirvaad,449,1,HIGH,27,2026-09-16
LULU-ORD-6968,LULU-KOCHI-02,Milma Curd 500g,Dairy,Milma,407,22,LOW,127,2026-10-07
LULU-ORD-6969,LULU-KOCHI-01,Basmati Rice 5kg,Grocery,India Gate,249,29,LOW,105,2026-10-14
LULU-ORD-6970,LULU-KOCHI-02,Lulu Gold Coin,Jewellery,Lulu Gold,54,6,MEDIUM,91,2026-09-21
LULU-ORD-6971,LULU-CLT-01,Banana Chips 1kg,Snacks,Local Kerala,464,27,LOW,67,2026-10-12
LULU-ORD-6972,LULU-KOCHI-01,Dates 500g,Dry Fruits,Lulu Import,583,5,HIGH,160,2026-09-20
LULU-ORD-6973,LULU-KOCHI-01,Atta 10kg,Grocery,Aashirvaad,69,9,MEDIUM,66,2026-09-24
LULU-ORD-6974,LULU-CLT-02,Milma Curd 500g,Dairy,Milma,534,18,LOW,132,2026-10-03
LULU-ORD-6975,LULU-TVM-01,Dates 500g,Dry Fruits,Lulu Import,174,41,LOW,111,2026-10-26
LULU-ORD-6976,LULU-KOCHI-02,Paneer 200g,Dairy,Milma,285,20,LOW,137,2026-10-05
LULU-ORD-6977,LULU-TVM-01,Banana Chips 1kg,Snacks,Local Kerala,340,1,HIGH,82,2026-09-16
LULU-ORD-6978,LULU-KOCHI-01,Banana Chips 1kg,Snacks,Local Kerala,256,10,MEDIUM,54,2026-09-25
LULU-ORD-6979,LULU-CLT-01,Basmati Rice 5kg,Grocery,India Gate,318,33,LOW,18,2026-10-18
LULU-ORD-6980,LULU-CLT-02,Paneer 200g,Dairy,Milma,91,30,LOW,88,2026-10-15
LULU-ORD-6981,LULU-CLT-02,Chicken 1kg,Meat,Suguna,348,22,LOW,111,2026-10-07
LULU-ORD-6982,LULU-TVM-01,Mango 1kg,Fruits,Local Farm,120,21,LOW,96,2026-10-06
LULU-ORD-6983,LULU-TVM-01,Bread Loaf,Bakery,Modern,479,19,LOW,17,2026-10-04
LULU-ORD-6984,LULU-TVM-01,Dates 500g,Dry Fruits,Lulu Import,188,32,LOW,106,2026-10-17
LULU-ORD-6985,LULU-CLT-02,Milma Curd 500g,Dairy,Milma,176,18,LOW,104,2026-10-03
LULU-ORD-6986,LULU-CLT-02,Lulu Gold Coin,Jewellery,Lulu Gold,72,16,LOW,66,2026-10-01
LULU-ORD-6987,LULU-TVM-01,Banana Chips 1kg,Snacks,Local Kerala,356,44,LOW,84,2026-10-29
LULU-ORD-6988,LULU-CLT-01,Bread Loaf,Bakery,Modern,195,15,MEDIUM,92,2026-09-30
LULU-ORD-6989,LULU-KOCHI-02,Atta 10kg,Grocery,Aashirvaad,152,34,LOW,67,2026-10-19
LULU-ORD-6990,LULU-CLT-02,Milma Curd 500g,Dairy,Milma,296,2,HIGH,164,2026-09-17
LULU-ORD-6991,LULU-TVM-01,Dates 500g,Dry Fruits,Lulu Import,411,12,MEDIUM,163,2026-09-27
LULU-ORD-6992,LULU-CLT-01,Chicken 1kg,Meat,Suguna,463,11,MEDIUM,134,2026-09-26
LULU-ORD-6993,LULU-CLT-02,Paneer 200g,Dairy,Milma,170,39,LOW,43,2026-10-24
LULU-ORD-6994,LULU-KOCHI-02,Milma Curd 500g,Dairy,Milma,319,6,MEDIUM,128,2026-09-21
LULU-ORD-6995,LULU-KOCHI-01,Atta 10kg,Grocery,Aashirvaad,191,8,MEDIUM,185,2026-09-23
LULU-ORD-6996,LULU-KOCHI-02,Basmati Rice 5kg,Grocery,India Gate,190,26,LOW,164,2026-10-11
LULU-ORD-6997,LULU-KOCHI-02,Basmati Rice 5kg,Grocery,India Gate,496,1,HIGH,66,2026-09-16
LULU-ORD-6998,LULU-CLT-02,Banana Chips 1kg,Snacks,Local Kerala,373,3,HIGH,41,2026-09-18
LULU-ORD-6999,LULU-CLT-01,Basmati Rice 5kg,Grocery,India Gate,170,33,LOW,87,2026-10-18
LULU-ORD-7000,LULU-CLT-02,Atta 10kg,Grocery,Aashirvaad,376,1,HIGH,48,2026-09-16
LULU-ORD-7001,LULU-TVM-01,Milma Curd 500g,Dairy,Milma,438,7,MEDIUM,22,2026-09-22
LULU-ORD-7002,LULU-CLT-02,Chicken 1kg,Meat,Suguna,600,16,LOW,64,2026-10-01
LULU-ORD-7003,LULU-TVM-01,Bread Loaf,Bakery,Modern,241,32,LOW,134,2026-10-17
LULU-ORD-7004,LULU-CLT-01,Chicken 1kg,Meat,Suguna,73,1,MEDIUM,175,2026-09-16
LULU-ORD-7005,LULU-KOCHI-01,Milma Curd 500g,Dairy,Milma,198,38,LOW,120,2026-10-23
LULU-ORD-7006,LULU-CLT-02,Chicken 1kg,Meat,Suguna,395,10,MEDIUM,97,2026-09-25
LULU-ORD-7007,LULU-KOCHI-02,Dates 500g,Dry Fruits,Lulu Import,297,45,LOW,26,2026-10-30
LULU-ORD-7008,LULU-TVM-01,Atta 10kg,Grocery,Aashirvaad,387,23,LOW,89,2026-10-08
LULU-ORD-7009,LULU-TVM-01,Milma Curd 500g,Dairy,Milma,470,38,LOW,46,2026-10-23
LULU-ORD-7010,LULU-KOCHI-01,Basmati Rice 5kg,Grocery,India Gate,10,19,LOW,196,2026-10-04
LULU-ORD-7011,LULU-CLT-01,Basmati Rice 5kg,Grocery,India Gate,149,15,MEDIUM,108,2026-09-30
LULU-ORD-7012,LULU-CLT-01,Lulu Gold Coin,Jewellery,Lulu Gold,486,35,LOW,82,2026-10-20
LULU-ORD-7013,LULU-KOCHI-02,Bread Loaf,Bakery,Modern,395,19,LOW,197,2026-10-04
LULU-ORD-7014,LULU-CLT-01,Paneer 200g,Dairy,Milma,260,29,LOW,199,2026-10-14
LULU-ORD-7015,LULU-CLT-02,Chicken 1kg,Meat,Suguna,312,23,LOW,183,2026-10-08
LULU-ORD-7016,LULU-KOCHI-02,Mango 1kg,Fruits,Local Farm,116,6,MEDIUM,137,2026-09-21
LULU-ORD-7017,LULU-KOCHI-01,Dates 500g,Dry Fruits,Lulu Import,440,28,LOW,24,2026-10-13
LULU-ORD-7018,LULU-KOCHI-02,Bread Loaf,Bakery,Modern,191,43,LOW,175,2026-10-28
LULU-ORD-7019,LULU-CLT-01,Dates 500g,Dry Fruits,Lulu Import,78,9,MEDIUM,157,2026-09-24
LULU-ORD-7020,LULU-KOCHI-01,Banana Chips 1kg,Snacks,Local Kerala,577,6,MEDIUM,132,2026-09-21
LULU-ORD-7021,LULU-CLT-01,Atta 10kg,Grocery,Aashirvaad,66,27,LOW,194,2026-10-12
LULU-ORD-7022,LULU-CLT-02,Mango 1kg,Fruits,Local Farm,71,10,MEDIUM,72,2026-09-25
LULU-ORD-7023,LULU-KOCHI-02,Chicken 1kg,Meat,Suguna,126,26,LOW,170,2026-10-11
LULU-ORD-7024,LULU-KOCHI-02,Atta 10kg,Grocery,Aashirvaad,462,2,HIGH,171,2026-09-17
LULU-ORD-7025,LULU-KOCHI-01,Lulu Gold Coin,Jewellery,Lulu Gold,447,14,MEDIUM,72,2026-09-29
LULU-ORD-7026,LULU-KOCHI-02,Banana Chips 1kg,Snacks,Local Kerala,164,13,MEDIUM,41,2026-09-28
LULU-ORD-7027,LULU-CLT-02,Atta 10kg,Grocery,Aashirvaad,374,38,LOW,28,2026-10-23
LULU-ORD-7028,LULU-TVM-01,Banana Chips 1kg,Snacks,Local Kerala,397,41,LOW,194,2026-10-26
LULU-ORD-7029,LULU-KOCHI-02,Paneer 200g,Dairy,Milma,534,24,LOW,66,2026-10-09
LULU-ORD-7030,LULU-KOCHI-01,Lulu Gold Coin,Jewellery,Lulu Gold,95,6,MEDIUM,48,2026-09-21
LULU-ORD-7031,LULU-CLT-01,Mango 1kg,Fruits,Local Farm,329,13,MEDIUM,20,2026-09-28
LULU-ORD-7032,LULU-KOCHI-01,Milma Curd 500g,Dairy,Milma,260,30,LOW,72,2026-10-15
LULU-ORD-7033,LULU-CLT-02,Mango 1kg,Fruits,Local Farm,560,37,LOW,72,2026-10-22
LULU-ORD-7034,LULU-KOCHI-01,Chicken 1kg,Meat,Suguna,222,10,MEDIUM,121,2026-09-25
LULU-ORD-7035,LULU-KOCHI-02,Bread Loaf,Bakery,Modern,524,25,LOW,166,2026-10-10
LULU-ORD-7036,LULU-TVM-01,Basmati Rice 5kg,Grocery,India Gate,139,31,LOW,192,2026-10-16
LULU-ORD-7037,LULU-TVM-01,Paneer 200g,Dairy,Milma,115,32,LOW,61,2026-10-17
LULU-ORD-7038,LULU-TVM-01,Lulu Gold Coin,Jewellery,Lulu Gold,432,22,LOW,28,2026-10-07
LULU-ORD-7039,LULU-CLT-02,Bread Loaf,Bakery,Modern,225,34,LOW,20,2026-10-19
LULU-ORD-7040,LULU-CLT-01,Chicken 1kg,Meat,Suguna,110,18,LOW,109,2026-10-03
LULU-ORD-7041,LULU-KOCHI-02,Bread Loaf,Bakery,Modern,177,45,LOW,110,2026-10-30
LULU-ORD-7042,LULU-KOCHI-02,Paneer 200g,Dairy,Milma,198,28,LOW,66,2026-10-13
LULU-ORD-7043,LULU-KOCHI-02,Bread Loaf,Bakery,Modern,75,10,MEDIUM,56,2026-09-25
LULU-ORD-7044,LULU-CLT-02,Paneer 200g,Dairy,Milma,333,23,LOW,73,2026-10-08
LULU-ORD-7045,LULU-KOCHI-02,Lulu Gold Coin,Jewellery,Lulu Gold,384,44,LOW,90,2026-10-29
LULU-ORD-7046,LULU-KOCHI-01,Dates 500g,Dry Fruits,Lulu Import,490,27,LOW,145,2026-10-12
LULU-ORD-7047,LULU-TVM-01,Lulu Gold Coin,Jewellery,Lulu Gold,533,19,LOW,119,2026-10-04
LULU-ORD-7048,LULU-TVM-01,Banana Chips 1kg,Snacks,Local Kerala,178,18,LOW,83,2026-10-03
LULU-ORD-7049,LULU-KOCHI-01,Bread Loaf,Bakery,Modern,133,2,HIGH,114,2026-09-17
LULU-ORD-7050,LULU-KOCHI-02,Banana Chips 1kg,Snacks,Local Kerala,332,1,HIGH,158,2026-09-16
LULU-ORD-7051,LULU-KOCHI-01,Banana Chips 1kg,Snacks,Local Kerala,591,27,LOW,108,2026-10-12
LULU-ORD-7052,LULU-CLT-02,Atta 10kg,Grocery,Aashirvaad,351,8,MEDIUM,182,2026-09-23
LULU-ORD-7053,LULU-KOCHI-02,Milma Curd 500g,Dairy,Milma,441,9,MEDIUM,116,2026-09-24
LULU-ORD-7054,LULU-CLT-02,Lulu Gold Coin,Jewellery,Lulu Gold,193,39,LOW,199,2026-10-24
LULU-ORD-7055,LULU-KOCHI-02,Bread Loaf,Bakery,Modern,32,40,LOW,159,2026-10-25
LULU-ORD-7056,LULU-KOCHI-01,Basmati Rice 5kg,Grocery,India Gate,273,44,LOW,45,2026-10-29
LULU-ORD-7057,LULU-CLT-01,Chicken 1kg,Meat,Suguna,144,37,LOW,87,2026-10-22
LULU-ORD-7058,LULU-CLT-02,Dates 500g,Dry Fruits,Lulu Import,390,1,HIGH,47,2026-09-16
LULU-ORD-7059,LULU-KOCHI-02,Basmati Rice 5kg,Grocery,India Gate,309,32,LOW,150,2026-10-17
LULU-ORD-7060,LULU-KOCHI-02,Milma Curd 500g,Dairy,Milma,303,23,LOW,195,2026-10-08
LULU-ORD-7061,LULU-KOCHI-01,Mango 1kg,Fruits,Local Farm,484,9,MEDIUM,39,2026-09-24
LULU-ORD-7062,LULU-CLT-01,Atta 10kg,Grocery,Aashirvaad,308,45,LOW,127,2026-10-30
LULU-ORD-7063,LULU-TVM-01,Milma Curd 500g,Dairy,Milma,218,15,MEDIUM,145,2026-09-30
LULU-ORD-7064,LULU-KOCHI-02,Banana Chips 1kg,Snacks,Local Kerala,105,19,LOW,152,2026-10-04
LULU-ORD-7065,LULU-KOCHI-02,Banana Chips 1kg,Snacks,Local Kerala,258,13,MEDIUM,175,2026-09-28
LULU-ORD-7066,LULU-KOCHI-01,Banana Chips 1kg,Snacks,Local Kerala,67,37,LOW,91,2026-10-22
LULU-ORD-7067,LULU-KOCHI-02,Chicken 1kg,Meat,Suguna,414,32,LOW,196,2026-10-17
LULU-ORD-7068,LULU-CLT-02,Lulu Gold Coin,Jewellery,Lulu Gold,22,26,LOW,114,2026-10-11
LULU-ORD-7069,LULU-KOCHI-02,Basmati Rice 5kg,Grocery,India Gate,153,34,LOW,61,2026-10-19
LULU-ORD-7070,LULU-CLT-02,Milma Curd 500g,Dairy,Milma,125,5,HIGH,48,2026-09-20
LULU-ORD-7071,LULU-TVM-01,Milma Curd 500g,Dairy,Milma,60,44,LOW,84,2026-10-29
LULU-ORD-7072,LULU-KOCHI-02,Atta 10kg,Grocery,Aashirvaad,284,9,MEDIUM,74,2026-09-24
LULU-ORD-7073,LULU-CLT-02,Atta 10kg,Grocery,Aashirvaad,218,14,MEDIUM,118,2026-09-29
LULU-ORD-7074,LULU-CLT-01,Lulu Gold Coin,Jewellery,Lulu Gold,600,25,LOW,140,2026-10-10
LULU-ORD-7075,LULU-KOCHI-02,Banana Chips 1kg,Snacks,Local Kerala,563,39,LOW,137,2026-10-24
LULU-ORD-7076,LULU-CLT-01,Chicken 1kg,Meat,Suguna,221,25,LOW,95,2026-10-10
LULU-ORD-7077,LULU-TVM-01,Paneer 200g,Dairy,Milma,302,28,LOW,44,2026-10-13
LULU-ORD-7078,LULU-KOCHI-02,Milma Curd 500g,Dairy,Milma,585,24,LOW,81,2026-10-09
LULU-ORD-7079,LULU-CLT-02,Mango 1kg,Fruits,Local Farm,63,8,MEDIUM,47,2026-09-23
LULU-ORD-7080,LULU-TVM-01,Paneer 200g,Dairy,Milma,388,6,MEDIUM,65,2026-09-21
LULU-ORD-7081,LULU-CLT-01,Bread Loaf,Bakery,Modern,61,42,LOW,29,2026-10-27
LULU-ORD-7082,LULU-KOCHI-02,Chicken 1kg,Meat,Suguna,349,19,LOW,38,2026-10-04
LULU-ORD-7083,LULU-CLT-01,Lulu Gold Coin,Jewellery,Lulu Gold,363,34,LOW,148,2026-10-19
LULU-ORD-7084,LULU-TVM-01,Milma Curd 500g,Dairy,Milma,231,34,LOW,157,2026-10-19
LULU-ORD-7085,LULU-CLT-01,Milma Curd 500g,Dairy,Milma,302,17,LOW,25,2026-10-02
LULU-ORD-7086,LULU-CLT-02,Paneer 200g,Dairy,Milma,72,18,LOW,26,2026-10-03
LULU-ORD-7087,LULU-TVM-01,Bread Loaf,Bakery,Modern,425,25,LOW,97,2026-10-10
LULU-ORD-7088,LULU-CLT-02,Chicken 1kg,Meat,Suguna,228,22,LOW,143,2026-10-07
LULU-ORD-7089,LULU-CLT-02,Chicken 1kg,Meat,Suguna,291,33,LOW,132,2026-10-18
LULU-ORD-7090,LULU-KOCHI-01,Paneer 200g,Dairy,Milma,479,21,LOW,139,2026-10-06
LULU-ORD-7091,LULU-TVM-01,Milma Curd 500g,Dairy,Milma,211,3,HIGH,173,2026-09-18
LULU-ORD-7092,LULU-TVM-01,Milma Curd 500g,Dairy,Milma,115,26,LOW,91,2026-10-11
LULU-ORD-7093,LULU-CLT-01,Dates 500g,Dry Fruits,Lulu Import,298,29,LOW,134,2026-10-14
LULU-ORD-7094,LULU-CLT-01,Lulu Gold Coin,Jewellery,Lulu Gold,572,17,LOW,33,2026-10-02
LULU-ORD-7095,LULU-KOCHI-02,Mango 1kg,Fruits,Local Farm,48,10,LOW,178,2026-09-25
LULU-ORD-7096,LULU-TVM-01,Chicken 1kg,Meat,Suguna,424,39,LOW,187,2026-10-24
LULU-ORD-7097,LULU-CLT-01,Atta 10kg,Grocery,Aashirvaad,219,31,LOW,121,2026-10-16
LULU-ORD-7098,LULU-TVM-01,Chicken 1kg,Meat,Suguna,119,24,LOW,109,2026-10-09
LULU-ORD-7099,LULU-CLT-01,Dates 500g,Dry Fruits,Lulu Import,539,28,LOW,31,2026-10-13
LULU-ORD-7100,LULU-KOCHI-02,Mango 1kg,Fruits,Local Farm,594,31,LOW,122,2026-10-16
LULU-ORD-7101,LULU-CLT-02,Bread Loaf,Bakery,Modern,543,13,MEDIUM,50,2026-09-28
LULU-ORD-7102,LULU-CLT-01,Dates 500g,Dry Fruits,Lulu Import,77,31,LOW,194,2026-10-16
LULU-ORD-7103,LULU-TVM-01,Bread Loaf,Bakery,Modern,38,22,LOW,63,2026-10-07
LULU-ORD-7104,LULU-KOCHI-01,Bread Loaf,Bakery,Modern,204,17,LOW,174,2026-10-02
LULU-ORD-7105,LULU-KOCHI-01,Atta 10kg,Grocery,Aashirvaad,78,38,LOW,118,2026-10-23
LULU-ORD-7106,LULU-TVM-01,Bread Loaf,Bakery,Modern,460,10,MEDIUM,104,2026-09-25
LULU-ORD-7107,LULU-CLT-02,Basmati Rice 5kg,Grocery,India Gate,383,16,LOW,158,2026-10-01
LULU-ORD-7108,LULU-KOCHI-01,Mango 1kg,Fruits,Local Farm,531,11,MEDIUM,50,2026-09-26
LULU-ORD-7109,LULU-CLT-02,Dates 500g,Dry Fruits,Lulu Import,419,43,LOW,34,2026-10-28
LULU-ORD-7110,LULU-TVM-01,Lulu Gold Coin,Jewellery,Lulu Gold,503,22,LOW,21,2026-10-07
LULU-ORD-7111,LULU-KOCHI-01,Chicken 1kg,Meat,Suguna,348,35,LOW,118,2026-10-20
LULU-ORD-7112,LULU-TVM-01,Dates 500g,Dry Fruits,Lulu Import,571,32,LOW,63,2026-10-17
LULU-ORD-7113,LULU-CLT-02,Milma Curd 500g,Dairy,Milma,217,1,HIGH,141,2026-09-16
LULU-ORD-7114,LULU-KOCHI-02,Bread Loaf,Bakery,Modern,219,11,MEDIUM,55,2026-09-26
LULU-ORD-7115,LULU-TVM-01,Lulu Gold Coin,Jewellery,Lulu Gold,403,28,LOW,153,2026-10-13
LULU-ORD-7116,LULU-CLT-01,Basmati Rice 5kg,Grocery,India Gate,271,21,LOW,173,2026-10-06
LULU-ORD-7117,LULU-KOCHI-01,Bread Loaf,Bakery,Modern,72,11,MEDIUM,42,2026-09-26
LULU-ORD-7118,LULU-KOCHI-02,Atta 10kg,Grocery,Aashirvaad,389,20,LOW,37,2026-10-05
LULU-ORD-7119,LULU-KOCHI-02,Basmati Rice 5kg,Grocery,India Gate,14,35,LOW,58,2026-10-20
LULU-ORD-7120,LULU-KOCHI-02,Milma Curd 500g,Dairy,Milma,558,37,LOW,42,2026-10-22
LULU-ORD-7121,LULU-TVM-01,Milma Curd 500g,Dairy,Milma,477,15,MEDIUM,193,2026-09-30
LULU-ORD-7122,LULU-KOCHI-02,Banana Chips 1kg,Snacks,Local Kerala,505,31,LOW,126,2026-10-16
LULU-ORD-7123,LULU-KOCHI-01,Chicken 1kg,Meat,Suguna,133,33,LOW,45,2026-10-18
LULU-ORD-7124,LULU-KOCHI-02,Bread Loaf,Bakery,Modern,141,45,LOW,177,2026-10-30
LULU-ORD-7125,LULU-CLT-01,Atta 10kg,Grocery,Aashirvaad,409,13,MEDIUM,164,2026-09-28
LULU-ORD-7126,LULU-CLT-01,Milma Curd 500g,Dairy,Milma,18,29,LOW,47,2026-10-14
LULU-ORD-7127,LULU-KOCHI-01,Chicken 1kg,Meat,Suguna,59,10,MEDIUM,46,2026-09-25
LULU-ORD-7128,LULU-KOCHI-01,Basmati Rice 5kg,Grocery,India Gate,312,44,LOW,135,2026-10-29
LULU-ORD-7129,LULU-KOCHI-02,Basmati Rice 5kg,Grocery,India Gate,63,23,LOW,187,2026-10-08
LULU-ORD-7130,LULU-TVM-01,Lulu Gold Coin,Jewellery,Lulu Gold,490,7,MEDIUM,192,2026-09-22
LULU-ORD-7131,LULU-TVM-01,Dates 500g,Dry Fruits,Lulu Import,133,44,LOW,159,2026-10-29
LULU-ORD-7132,LULU-KOCHI-01,Lulu Gold Coin,Jewellery,Lulu Gold,120,25,LOW,191,2026-10-10
LULU-ORD-7133,LULU-KOCHI-02,Mango 1kg,Fruits,Local Farm,454,23,LOW,113,2026-10-08
LULU-ORD-7134,LULU-CLT-01,Lulu Gold Coin,Jewellery,Lulu Gold,426,19,LOW,165,2026-10-04
LULU-ORD-7135,LULU-CLT-02,Mango 1kg,Fruits,Local Farm,396,34,LOW,59,2026-10-19
LULU-ORD-7136,LULU-CLT-01,Paneer 200g,Dairy,Milma,282,2,HIGH,167,2026-09-17
LULU-ORD-7137,LULU-KOCHI-01,Bread Loaf,Bakery,Modern,165,11,MEDIUM,45,2026-09-26
LULU-ORD-7138,LULU-KOCHI-02,Dates 500g,Dry Fruits,Lulu Import,383,13,MEDIUM,169,2026-09-28
LULU-ORD-7139,LULU-CLT-01,Basmati Rice 5kg,Grocery,India Gate,196,9,MEDIUM,158,2026-09-24
LULU-ORD-7140,LULU-TVM-01,Chicken 1kg,Meat,Suguna,274,16,LOW,190,2026-10-01
LULU-ORD-7141,LULU-KOCHI-01,Milma Curd 500g,Dairy,Milma,479,2,HIGH,187,2026-09-17
LULU-ORD-7142,LULU-CLT-02,Paneer 200g,Dairy,Milma,499,43,LOW,117,2026-10-28
LULU-ORD-7143,LULU-KOCHI-02,Milma Curd 500g,Dairy,Milma,126,22,LOW,173,2026-10-07
LULU-ORD-7144,LULU-KOCHI-01,Mango 1kg,Fruits,Local Farm,127,6,MEDIUM,19,2026-09-21
LULU-ORD-7145,LULU-KOCHI-02,Chicken 1kg,Meat,Suguna,54,5,MEDIUM,191,2026-09-20
LULU-ORD-7146,LULU-CLT-01,Banana Chips 1kg,Snacks,Local Kerala,439,1,HIGH,139,2026-09-16
LULU-ORD-7147,LULU-KOCHI-01,Milma Curd 500g,Dairy,Milma,147,26,LOW,153,2026-10-11
LULU-ORD-7148,LULU-KOCHI-01,Mango 1kg,Fruits,Local Farm,223,43,LOW,129,2026-10-28
LULU-ORD-7149,LULU-CLT-02,Bread Loaf,Bakery,Modern,476,36,LOW,66,2026-10-21
LULU-ORD-7150,LULU-TVM-01,Bread Loaf,Bakery,Modern,305,33,LOW,192,2026-10-18
LULU-ORD-7151,LULU-CLT-01,Basmati Rice 5kg,Grocery,India Gate,376,32,LOW,163,2026-10-17
LULU-ORD-7152,LULU-TVM-01,Banana Chips 1kg,Snacks,Local Kerala,120,19,LOW,113,2026-10-04
LULU-ORD-7153,LULU-KOCHI-01,Lulu Gold Coin,Jewellery,Lulu Gold,593,6,MEDIUM,108,2026-09-21
LULU-ORD-7154,LULU-KOCHI-02,Basmati Rice 5kg,Grocery,India Gate,527,27,LOW,82,2026-10-12
LULU-ORD-7155,LULU-CLT-02,Basmati Rice 5kg,Grocery,India Gate,169,2,HIGH,33,2026-09-17
LULU-ORD-7156,LULU-KOCHI-02,Lulu Gold Coin,Jewellery,Lulu Gold,152,43,LOW,118,2026-10-28
LULU-ORD-7157,LULU-CLT-02,Bread Loaf,Bakery,Modern,159,34,LOW,89,2026-10-19
LULU-ORD-7158,LULU-KOCHI-01,Dates 500g,Dry Fruits,Lulu Import,561,22,LOW,161,2026-10-07
LULU-ORD-7159,LULU-CLT-02,Banana Chips 1kg,Snacks,Local Kerala,520,43,LOW,84,2026-10-28
LULU-ORD-7160,LULU-CLT-02,Milma Curd 500g,Dairy,Milma,50,3,LOW,15,2026-09-18
LULU-ORD-7161,LULU-CLT-01,Atta 10kg,Grocery,Aashirvaad,410,43,LOW,32,2026-10-28
LULU-ORD-7162,LULU-KOCHI-01,Paneer 200g,Dairy,Milma,396,2,HIGH,32,2026-09-17
LULU-ORD-7163,LULU-KOCHI-01,Mango 1kg,Fruits,Local Farm,34,36,LOW,81,2026-10-21
LULU-ORD-7164,LULU-CLT-01,Basmati Rice 5kg,Grocery,India Gate,156,32,LOW,112,2026-10-17
LULU-ORD-7165,LULU-CLT-02,Basmati Rice 5kg,Grocery,India Gate,68,42,LOW,70,2026-10-27
LULU-ORD-7166,LULU-CLT-02,Bread Loaf,Bakery,Modern,440,42,LOW,107,2026-10-27
LULU-ORD-7167,LULU-CLT-01,Mango 1kg,Fruits,Local Farm,215,1,HIGH,24,2026-09-16
LULU-ORD-7168,LULU-CLT-01,Milma Curd 500g,Dairy,Milma,48,38,LOW,144,2026-10-23
LULU-ORD-7169,LULU-TVM-01,Mango 1kg,Fruits,Local Farm,250,5,HIGH,123,2026-09-20
LULU-ORD-7170,LULU-KOCHI-01,Atta 10kg,Grocery,Aashirvaad,126,1,HIGH,146,2026-09-16
LULU-ORD-7171,LULU-CLT-02,Milma Curd 500g,Dairy,Milma,187,34,LOW,95,2026-10-19
LULU-ORD-7172,LULU-TVM-01,Paneer 200g,Dairy,Milma,76,22,LOW,163,2026-10-07
LULU-ORD-7173,LULU-CLT-02,Banana Chips 1kg,Snacks,Local Kerala,61,40,LOW,22,2026-10-25
LULU-ORD-7174,LULU-KOCHI-02,Paneer 200g,Dairy,Milma,235,41,LOW,116,2026-10-26
LULU-ORD-7175,LULU-KOCHI-02,Dates 500g,Dry Fruits,Lulu Import,100,16,LOW,110,2026-10-01
LULU-ORD-7176,LULU-CLT-01,Banana Chips 1kg,Snacks,Local Kerala,556,42,LOW,141,2026-10-27
LULU-ORD-7177,LULU-KOCHI-02,Chicken 1kg,Meat,Suguna,153,9,MEDIUM,143,2026-09-24
LULU-ORD-7178,LULU-KOCHI-01,Chicken 1kg,Meat,Suguna,367,37,LOW,127,2026-10-22
LULU-ORD-7179,LULU-KOCHI-01,Paneer 200g,Dairy,Milma,478,1,HIGH,193,2026-09-16
LULU-ORD-7180,LULU-CLT-01,Basmati Rice 5kg,Grocery,India Gate,85,6,MEDIUM,99,2026-09-21
LULU-ORD-7181,LULU-CLT-02,Atta 10kg,Grocery,Aashirvaad,227,44,LOW,12,2026-10-29
LULU-ORD-7182,LULU-CLT-02,Mango 1kg,Fruits,Local Farm,453,32,LOW,164,2026-10-17
LULU-ORD-7183,LULU-CLT-02,Lulu Gold Coin,Jewellery,Lulu Gold,525,19,LOW,34,2026-10-04
LULU-ORD-7184,LULU-CLT-02,Atta 10kg,Grocery,Aashirvaad,137,20,LOW,180,2026-10-05
LULU-ORD-7185,LULU-KOCHI-02,Dates 500g,Dry Fruits,Lulu Import,248,31,LOW,197,2026-10-16
LULU-ORD-7186,LULU-KOCHI-02,Bread Loaf,Bakery,Modern,39,7,LOW,134,2026-09-22
LULU-ORD-7187,LULU-CLT-01,Dates 500g,Dry Fruits,Lulu Import,500,45,LOW,140,2026-10-30
LULU-ORD-7188,LULU-CLT-02,Lulu Gold Coin,Jewellery,Lulu Gold,500,26,LOW,178,2026-10-11
LULU-ORD-7189,LULU-KOCHI-02,Atta 10kg,Grocery,Aashirvaad,565,14,MEDIUM,70,2026-09-29
LULU-ORD-7190,LULU-KOCHI-01,Dates 500g,Dry Fruits,Lulu Import,567,34,LOW,16,2026-10-19
LULU-ORD-7191,LULU-CLT-02,Chicken 1kg,Meat,Suguna,416,41,LOW,127,2026-10-26
LULU-ORD-7192,LULU-CLT-02,Dates 500g,Dry Fruits,Lulu Import,186,38,LOW,57,2026-10-23
LULU-ORD-7193,LULU-KOCHI-02,Dates 500g,Dry Fruits,Lulu Import,452,28,LOW,141,2026-10-13
LULU-ORD-7194,LULU-CLT-02,Atta 10kg,Grocery,Aashirvaad,21,37,LOW,124,2026-10-22
LULU-ORD-7195,LULU-KOCHI-01,Dates 500g,Dry Fruits,Lulu Import,97,26,LOW,53,2026-10-11
LULU-ORD-7196,LULU-TVM-01,Banana Chips 1kg,Snacks,Local Kerala,573,42,LOW,183,2026-10-27
LULU-ORD-7197,LULU-KOCHI-01,Atta 10kg,Grocery,Aashirvaad,10,30,LOW,158,2026-10-15
LULU-ORD-7198,LULU-TVM-01,Mango 1kg,Fruits,Local Farm,257,21,LOW,147,2026-10-06
LULU-ORD-7199,LULU-KOCHI-01,Chicken 1kg,Meat,Suguna,148,21,LOW,169,2026-10-06
LULU-ORD-7200,LULU-CLT-02,Lulu Gold Coin,Jewellery,Lulu Gold,501,30,LOW,121,2026-10-15
LULU-ORD-7201,LULU-KOCHI-01,Bread Loaf,Bakery,Modern,517,25,LOW,16,2026-10-10
LULU-ORD-7202,LULU-KOCHI-01,Atta 10kg,Grocery,Aashirvaad,202,36,LOW,199,2026-10-21
LULU-ORD-7203,LULU-CLT-01,Atta 10kg,Grocery,Aashirvaad,35,21,LOW,28,2026-10-06
LULU-ORD-7204,LULU-CLT-01,Paneer 200g,Dairy,Milma,137,29,LOW,109,2026-10-14
LULU-ORD-7205,LULU-TVM-01,Bread Loaf,Bakery,Modern,504,36,LOW,58,2026-10-21
LULU-ORD-7206,LULU-TVM-01,Mango 1kg,Fruits,Local Farm,81,9,MEDIUM,100,2026-09-24
LULU-ORD-7207,LULU-TVM-01,Dates 500g,Dry Fruits,Lulu Import,369,6,MEDIUM,146,2026-09-21
LULU-ORD-7208,LULU-CLT-01,Lulu Gold Coin,Jewellery,Lulu Gold,92,42,LOW,88,2026-10-27
LULU-ORD-7209,LULU-CLT-01,Atta 10kg,Grocery,Aashirvaad,448,3,HIGH,176,2026-09-18
LULU-ORD-7210,LULU-TVM-01,Bread Loaf,Bakery,Modern,54,1,MEDIUM,57,2026-09-16
LULU-ORD-7211,LULU-CLT-02,Paneer 200g,Dairy,Milma,286,39,LOW,143,2026-10-24
LULU-ORD-7212,LULU-KOCHI-01,Lulu Gold Coin,Jewellery,Lulu Gold,584,32,LOW,173,2026-10-17
LULU-ORD-7213,LULU-CLT-02,Lulu Gold Coin,Jewellery,Lulu Gold,60,41,LOW,174,2026-10-26
LULU-ORD-7214,LULU-CLT-02,Milma Curd 500g,Dairy,Milma,154,38,LOW,14,2026-10-23
LULU-ORD-7215,LULU-KOCHI-01,Chicken 1kg,Meat,Suguna,114,10,MEDIUM,172,2026-09-25
LULU-ORD-7216,LULU-TVM-01,Milma Curd 500g,Dairy,Milma,75,42,LOW,110,2026-10-27
LULU-ORD-7217,LULU-CLT-02,Milma Curd 500g,Dairy,Milma,515,18,LOW,156,2026-10-03
LULU-ORD-7218,LULU-TVM-01,Milma Curd 500g,Dairy,Milma,421,43,LOW,98,2026-10-28
LULU-ORD-7219,LULU-CLT-02,Banana Chips 1kg,Snacks,Local Kerala,195,11,MEDIUM,58,2026-09-26
LULU-ORD-7220,LULU-TVM-01,Dates 500g,Dry Fruits,Lulu Import,225,8,MEDIUM,14,2026-09-23
LULU-ORD-7221,LULU-CLT-01,Dates 500g,Dry Fruits,Lulu Import,182,3,HIGH,137,2026-09-18
LULU-ORD-7222,LULU-KOCHI-01,Basmati Rice 5kg,Grocery,India Gate,30,9,LOW,54,2026-09-24
LULU-ORD-7223,LULU-KOCHI-01,Dates 500g,Dry Fruits,Lulu Import,443,9,MEDIUM,189,2026-09-24
LULU-ORD-7224,LULU-CLT-02,Mango 1kg,Fruits,Local Farm,472,24,LOW,130,2026-10-09
LULU-ORD-7225,LULU-KOCHI-01,Paneer 200g,Dairy,Milma,35,45,LOW,136,2026-10-30
LULU-ORD-7226,LULU-KOCHI-02,Chicken 1kg,Meat,Suguna,293,20,LOW,179,2026-10-05
LULU-ORD-7227,LULU-KOCHI-02,Mango 1kg,Fruits,Local Farm,386,27,LOW,75,2026-10-12
LULU-ORD-7228,LULU-KOCHI-02,Milma Curd 500g,Dairy,Milma,399,35,LOW,63,2026-10-20
LULU-ORD-7229,LULU-KOCHI-01,Bread Loaf,Bakery,Modern,321,17,LOW,66,2026-10-02
LULU-ORD-7230,LULU-KOCHI-01,Paneer 200g,Dairy,Milma,348,5,HIGH,107,2026-09-20
LULU-ORD-7231,LULU-KOCHI-02,Dates 500g,Dry Fruits,Lulu Import,572,35,LOW,100,2026-10-20
LULU-ORD-7232,LULU-KOCHI-01,Atta 10kg,Grocery,Aashirvaad,213,43,LOW,139,2026-10-28
LULU-ORD-7233,LULU-CLT-02,Basmati Rice 5kg,Grocery,India Gate,313,36,LOW,179,2026-10-21
LULU-ORD-7234,LULU-CLT-02,Bread Loaf,Bakery,Modern,570,28,LOW,116,2026-10-13
LULU-ORD-7235,LULU-KOCHI-02,Lulu Gold Coin,Jewellery,Lulu Gold,231,28,LOW,86,2026-10-13
LULU-ORD-7236,LULU-CLT-02,Atta 10kg,Grocery,Aashirvaad,330,16,LOW,17,2026-10-01
LULU-ORD-7237,LULU-TVM-01,Lulu Gold Coin,Jewellery,Lulu Gold,494,24,LOW,130,2026-10-09
LULU-ORD-7238,LULU-KOCHI-01,Milma Curd 500g,Dairy,Milma,530,39,LOW,72,2026-10-24
LULU-ORD-7239,LULU-TVM-01,Banana Chips 1kg,Snacks,Local Kerala,428,40,LOW,65,2026-10-25
LULU-ORD-7240,LULU-KOCHI-02,Paneer 200g,Dairy,Milma,317,16,LOW,162,2026-10-01
LULU-ORD-7241,LULU-KOCHI-01,Bread Loaf,Bakery,Modern,558,3,HIGH,16,2026-09-18
LULU-ORD-7242,LULU-KOCHI-01,Paneer 200g,Dairy,Milma,336,4,HIGH,194,2026-09-19
LULU-ORD-7243,LULU-KOCHI-01,Milma Curd 500g,Dairy,Milma,189,35,LOW,112,2026-10-20
LULU-ORD-7244,LULU-CLT-01,Lulu Gold Coin,Jewellery,Lulu Gold,179,1,HIGH,127,2026-09-16
LULU-ORD-7245,LULU-TVM-01,Basmati Rice 5kg,Grocery,India Gate,297,12,MEDIUM,60,2026-09-27
LULU-ORD-7246,LULU-KOCHI-02,Mango 1kg,Fruits,Local Farm,56,45,LOW,124,2026-10-30
LULU-ORD-7247,LULU-TVM-01,Basmati Rice 5kg,Grocery,India Gate,511,10,MEDIUM,90,2026-09-25
LULU-ORD-7248,LULU-CLT-01,Paneer 200g,Dairy,Milma,363,43,LOW,71,2026-10-28
LULU-ORD-7249,LULU-KOCHI-02,Atta 10kg,Grocery,Aashirvaad,39,5,LOW,45,2026-09-20
LULU-ORD-7250,LULU-CLT-01,Bread Loaf,Bakery,Modern,582,23,LOW,100,2026-10-08
LULU-ORD-7251,LULU-CLT-01,Milma Curd 500g,Dairy,Milma,145,45,LOW,86,2026-10-30
LULU-ORD-7252,LULU-CLT-02,Bread Loaf,Bakery,Modern,33,43,LOW,153,2026-10-28
LULU-ORD-7253,LULU-KOCHI-01,Chicken 1kg,Meat,Suguna,329,14,MEDIUM,68,2026-09-29
LULU-ORD-7254,LULU-TVM-01,Chicken 1kg,Meat,Suguna,152,30,LOW,77,2026-10-15
LULU-ORD-7255,LULU-TVM-01,Basmati Rice 5kg,Grocery,India Gate,239,32,LOW,94,2026-10-17
LULU-ORD-7256,LULU-CLT-01,Basmati Rice 5kg,Grocery,India Gate,90,7,MEDIUM,46,2026-09-22
LULU-ORD-7257,LULU-CLT-01,Basmati Rice 5kg,Grocery,India Gate,371,37,LOW,80,2026-10-22
LULU-ORD-7258,LULU-CLT-02,Banana Chips 1kg,Snacks,Local Kerala,420,23,LOW,127,2026-10-08
LULU-ORD-7259,LULU-KOCHI-02,Paneer 200g,Dairy,Milma,162,36,LOW,182,2026-10-21
LULU-ORD-7260,LULU-KOCHI-01,Dates 500g,Dry Fruits,Lulu Import,197,43,LOW,38,2026-10-28
LULU-ORD-7261,LULU-KOCHI-02,Milma Curd 500g,Dairy,Milma,546,24,LOW,67,2026-10-09
LULU-ORD-7262,LULU-KOCHI-01,Atta 10kg,Grocery,Aashirvaad,207,36,LOW,99,2026-10-21
LULU-ORD-7263,LULU-KOCHI-01,Paneer 200g,Dairy,Milma,360,6,MEDIUM,171,2026-09-21
LULU-ORD-7264,LULU-CLT-01,Dates 500g,Dry Fruits,Lulu Import,51,39,LOW,159,2026-10-24
LULU-ORD-7265,LULU-CLT-01,Basmati Rice 5kg,Grocery,India Gate,341,7,MEDIUM,132,2026-09-22
LULU-ORD-7266,LULU-KOCHI-01,Paneer 200g,Dairy,Milma,362,23,LOW,185,2026-10-08
LULU-ORD-7267,LULU-CLT-01,Basmati Rice 5kg,Grocery,India Gate,474,45,LOW,116,2026-10-30
LULU-ORD-7268,LULU-TVM-01,Banana Chips 1kg,Snacks,Local Kerala,495,12,MEDIUM,37,2026-09-27
LULU-ORD-7269,LULU-CLT-02,Dates 500g,Dry Fruits,Lulu Import,476,13,MEDIUM,123,2026-09-28
LULU-ORD-7270,LULU-CLT-02,Paneer 200g,Dairy,Milma,404,7,MEDIUM,32,2026-09-22
LULU-ORD-7271,LULU-KOCHI-02,Bread Loaf,Bakery,Modern,497,24,LOW,194,2026-10-09
LULU-ORD-7272,LULU-CLT-01,Banana Chips 1kg,Snacks,Local Kerala,445,17,LOW,54,2026-10-02
LULU-ORD-7273,LULU-KOCHI-01,Dates 500g,Dry Fruits,Lulu Import,39,33,LOW,144,2026-10-18
LULU-ORD-7274,LULU-KOCHI-02,Chicken 1kg,Meat,Suguna,533,42,LOW,110,2026-10-27
LULU-ORD-7275,LULU-TVM-01,Banana Chips 1kg,Snacks,Local Kerala,24,38,LOW,25,2026-10-23
LULU-ORD-7276,LULU-CLT-01,Dates 500g,Dry Fruits,Lulu Import,594,15,MEDIUM,164,2026-09-30
LULU-ORD-7277,LULU-CLT-02,Dates 500g,Dry Fruits,Lulu Import,256,2,HIGH,168,2026-09-17
LULU-ORD-7278,LULU-KOCHI-02,Mango 1kg,Fruits,Local Farm,354,5,HIGH,200,2026-09-20
LULU-ORD-7279,LULU-KOCHI-01,Lulu Gold Coin,Jewellery,Lulu Gold,70,20,LOW,18,2026-10-05
LULU-ORD-7280,LULU-CLT-02,Bread Loaf,Bakery,Modern,562,10,MEDIUM,183,2026-09-25
LULU-ORD-7281,LULU-CLT-01,Dates 500g,Dry Fruits,Lulu Import,461,15,MEDIUM,54,2026-09-30
LULU-ORD-7282,LULU-TVM-01,Basmati Rice 5kg,Grocery,India Gate,297,15,MEDIUM,152,2026-09-30
LULU-ORD-7283,LULU-TVM-01,Atta 10kg,Grocery,Aashirvaad,49,20,LOW,98,2026-10-05
LULU-ORD-7284,LULU-CLT-02,Chicken 1kg,Meat,Suguna,308,42,LOW,24,2026-10-27
LULU-ORD-7285,LULU-CLT-02,Banana Chips 1kg,Snacks,Local Kerala,388,39,LOW,112,2026-10-24
LULU-ORD-7286,LULU-CLT-02,Paneer 200g,Dairy,Milma,385,3,HIGH,151,2026-09-18
LULU-ORD-7287,LULU-CLT-02,Banana Chips 1kg,Snacks,Local Kerala,253,7,MEDIUM,75,2026-09-22
LULU-ORD-7288,LULU-KOCHI-01,Banana Chips 1kg,Snacks,Local Kerala,492,24,LOW,123,2026-10-09
LULU-ORD-7289,LULU-TVM-01,Dates 500g,Dry Fruits,Lulu Import,487,12,MEDIUM,166,2026-09-27
LULU-ORD-7290,LULU-KOCHI-01,Chicken 1kg,Meat,Suguna,122,22,LOW,161,2026-10-07
LULU-ORD-7291,LULU-KOCHI-01,Milma Curd 500g,Dairy,Milma,302,41,LOW,59,2026-10-26
LULU-ORD-7292,LULU-KOCHI-01,Chicken 1kg,Meat,Suguna,543,13,MEDIUM,73,2026-09-28
LULU-ORD-7293,LULU-CLT-01,Dates 500g,Dry Fruits,Lulu Import,391,15,MEDIUM,19,2026-09-30
LULU-ORD-7294,LULU-CLT-01,Banana Chips 1kg,Snacks,Local Kerala,505,31,LOW,183,2026-10-16
LULU-ORD-7295,LULU-KOCHI-02,Chicken 1kg,Meat,Suguna,338,2,HIGH,47,2026-09-17
LULU-ORD-7296,LULU-KOCHI-02,Mango 1kg,Fruits,Local Farm,127,44,LOW,164,2026-10-29
LULU-ORD-7297,LULU-CLT-01,Banana Chips 1kg,Snacks,Local Kerala,409,22,LOW,125,2026-10-07
LULU-ORD-7298,LULU-CLT-01,Basmati Rice 5kg,Grocery,India Gate,175,33,LOW,119,2026-10-18
LULU-ORD-7299,LULU-TVM-01,Banana Chips 1kg,Snacks,Local Kerala,95,4,MEDIUM,135,2026-09-19
LULU-ORD-7300,LULU-CLT-01,Basmati Rice 5kg,Grocery,India Gate,169,11,MEDIUM,161,2026-09-26
LULU-ORD-7301,LULU-TVM-01,Atta 10kg,Grocery,Aashirvaad,262,26,LOW,29,2026-10-11
LULU-ORD-7302,LULU-KOCHI-02,Bread Loaf,Bakery,Modern,463,14,MEDIUM,121,2026-09-29
LULU-ORD-7303,LULU-KOCHI-01,Lulu Gold Coin,Jewellery,Lulu Gold,126,2,HIGH,45,2026-09-17
LULU-ORD-7304,LULU-KOCHI-02,Mango 1kg,Fruits,Local Farm,536,44,LOW,134,2026-10-29
LULU-ORD-7305,LULU-KOCHI-01,Milma Curd 500g,Dairy,Milma,462,42,LOW,98,2026-10-27
LULU-ORD-7306,LULU-CLT-02,Mango 1kg,Fruits,Local Farm,92,24,LOW,24,2026-10-09
LULU-ORD-7307,LULU-CLT-01,Paneer 200g,Dairy,Milma,290,21,LOW,12,2026-10-06
LULU-ORD-7308,LULU-KOCHI-02,Banana Chips 1kg,Snacks,Local Kerala,16,9,LOW,200,2026-09-24
LULU-ORD-7309,LULU-KOCHI-02,Atta 10kg,Grocery,Aashirvaad,259,36,LOW,152,2026-10-21
LULU-ORD-7310,LULU-KOCHI-01,Mango 1kg,Fruits,Local Farm,45,14,LOW,173,2026-09-29
LULU-ORD-7311,LULU-TVM-01,Bread Loaf,Bakery,Modern,66,11,MEDIUM,90,2026-09-26
LULU-ORD-7312,LULU-KOCHI-02,Atta 10kg,Grocery,Aashirvaad,419,29,LOW,22,2026-10-14
LULU-ORD-7313,LULU-CLT-01,Basmati Rice 5kg,Grocery,India Gate,58,18,LOW,164,2026-10-03
LULU-ORD-7314,LULU-KOCHI-02,Basmati Rice 5kg,Grocery,India Gate,289,27,LOW,183,2026-10-12
LULU-ORD-7315,LULU-CLT-01,Bread Loaf,Bakery,Modern,314,41,LOW,147,2026-10-26
LULU-ORD-7316,LULU-TVM-01,Banana Chips 1kg,Snacks,Local Kerala,255,28,LOW,139,2026-10-13
LULU-ORD-7317,LULU-CLT-02,Chicken 1kg,Meat,Suguna,55,5,MEDIUM,150,2026-09-20
LULU-ORD-7318,LULU-CLT-01,Banana Chips 1kg,Snacks,Local Kerala,467,12,MEDIUM,22,2026-09-27
LULU-ORD-7319,LULU-CLT-02,Bread Loaf,Bakery,Modern,112,16,LOW,81,2026-10-01
LULU-ORD-7320,LULU-TVM-01,Dates 500g,Dry Fruits,Lulu Import,71,7,MEDIUM,89,2026-09-22
LULU-ORD-7321,LULU-CLT-01,Banana Chips 1kg,Snacks,Local Kerala,162,1,HIGH,70,2026-09-16
LULU-ORD-7322,LULU-KOCHI-01,Atta 10kg,Grocery,Aashirvaad,570,11,MEDIUM,70,2026-09-26
LULU-ORD-7323,LULU-CLT-02,Banana Chips 1kg,Snacks,Local Kerala,42,36,LOW,185,2026-10-21
LULU-ORD-7324,LULU-CLT-01,Chicken 1kg,Meat,Suguna,406,34,LOW,195,2026-10-19
LULU-ORD-7325,LULU-CLT-01,Dates 500g,Dry Fruits,Lulu Import,237,27,LOW,70,2026-10-12
LULU-ORD-7326,LULU-CLT-01,Atta 10kg,Grocery,Aashirvaad,588,44,LOW,176,2026-10-29
LULU-ORD-7327,LULU-TVM-01,Lulu Gold Coin,Jewellery,Lulu Gold,261,25,LOW,13,2026-10-10
LULU-ORD-7328,LULU-KOCHI-01,Lulu Gold Coin,Jewellery,Lulu Gold,532,38,LOW,175,2026-10-23
LULU-ORD-7329,LULU-CLT-02,Lulu Gold Coin,Jewellery,Lulu Gold,448,31,LOW,21,2026-10-16
LULU-ORD-7330,LULU-CLT-02,Milma Curd 500g,Dairy,Milma,33,23,LOW,30,2026-10-08
LULU-ORD-7331,LULU-KOCHI-02,Paneer 200g,Dairy,Milma,112,4,HIGH,12,2026-09-19
LULU-ORD-7332,LULU-CLT-02,Lulu Gold Coin,Jewellery,Lulu Gold,126,28,LOW,78,2026-10-13
LULU-ORD-7333,LULU-TVM-01,Atta 10kg,Grocery,Aashirvaad,383,2,HIGH,165,2026-09-17
LULU-ORD-7334,LULU-CLT-02,Bread Loaf,Bakery,Modern,116,12,MEDIUM,127,2026-09-27
LULU-ORD-7335,LULU-CLT-01,Milma Curd 500g,Dairy,Milma,551,24,LOW,38,2026-10-09
LULU-ORD-7336,LULU-KOCHI-01,Mango 1kg,Fruits,Local Farm,92,40,LOW,174,2026-10-25
LULU-ORD-7337,LULU-KOCHI-01,Paneer 200g,Dairy,Milma,380,17,LOW,117,2026-10-02
LULU-ORD-7338,LULU-TVM-01,Mango 1kg,Fruits,Local Farm,493,10,MEDIUM,111,2026-09-25
LULU-ORD-7339,LULU-CLT-01,Bread Loaf,Bakery,Modern,356,25,LOW,163,2026-10-10
LULU-ORD-7340,LULU-KOCHI-02,Banana Chips 1kg,Snacks,Local Kerala,474,28,LOW,30,2026-10-13
LULU-ORD-7341,LULU-CLT-01,Basmati Rice 5kg,Grocery,India Gate,459,29,LOW,186,2026-10-14
LULU-ORD-7342,LULU-CLT-02,Atta 10kg,Grocery,Aashirvaad,522,27,LOW,118,2026-10-12
LULU-ORD-7343,LULU-CLT-01,Basmati Rice 5kg,Grocery,India Gate,372,26,LOW,44,2026-10-11
LULU-ORD-7344,LULU-TVM-01,Dates 500g,Dry Fruits,Lulu Import,400,29,LOW,66,2026-10-14
LULU-ORD-7345,LULU-KOCHI-02,Milma Curd 500g,Dairy,Milma,391,24,LOW,63,2026-10-09
LULU-ORD-7346,LULU-TVM-01,Lulu Gold Coin,Jewellery,Lulu Gold,110,13,MEDIUM,144,2026-09-28
LULU-ORD-7347,LULU-CLT-02,Lulu Gold Coin,Jewellery,Lulu Gold,303,3,HIGH,196,2026-09-18
LULU-ORD-7348,LULU-KOCHI-01,Banana Chips 1kg,Snacks,Local Kerala,232,44,LOW,180,2026-10-29
LULU-ORD-7349,LULU-KOCHI-01,Dates 500g,Dry Fruits,Lulu Import,80,20,LOW,110,2026-10-05
LULU-ORD-7350,LULU-KOCHI-02,Dates 500g,Dry Fruits,Lulu Import,190,32,LOW,62,2026-10-17
LULU-ORD-7351,LULU-CLT-01,Basmati Rice 5kg,Grocery,India Gate,10,19,LOW,28,2026-10-04
LULU-ORD-7352,LULU-KOCHI-01,Lulu Gold Coin,Jewellery,Lulu Gold,436,7,MEDIUM,54,2026-09-22
LULU-ORD-7353,LULU-KOCHI-01,Chicken 1kg,Meat,Suguna,393,12,MEDIUM,140,2026-09-27
LULU-ORD-7354,LULU-KOCHI-02,Basmati Rice 5kg,Grocery,India Gate,125,39,LOW,146,2026-10-24
LULU-ORD-7355,LULU-KOCHI-01,Dates 500g,Dry Fruits,Lulu Import,222,27,LOW,132,2026-10-12
LULU-ORD-7356,LULU-KOCHI-01,Milma Curd 500g,Dairy,Milma,266,25,LOW,106,2026-10-10
LULU-ORD-7357,LULU-TVM-01,Atta 10kg,Grocery,Aashirvaad,588,25,LOW,140,2026-10-10
LULU-ORD-7358,LULU-KOCHI-02,Lulu Gold Coin,Jewellery,Lulu Gold,32,14,LOW,151,2026-09-29
LULU-ORD-7359,LULU-CLT-01,Atta 10kg,Grocery,Aashirvaad,246,1,HIGH,81,2026-09-16
LULU-ORD-7360,LULU-TVM-01,Atta 10kg,Grocery,Aashirvaad,235,32,LOW,174,2026-10-17
LULU-ORD-7361,LULU-CLT-01,Basmati Rice 5kg,Grocery,India Gate,421,15,MEDIUM,98,2026-09-30
LULU-ORD-7362,LULU-TVM-01,Mango 1kg,Fruits,Local Farm,195,10,MEDIUM,39,2026-09-25
LULU-ORD-7363,LULU-KOCHI-02,Banana Chips 1kg,Snacks,Local Kerala,504,4,HIGH,94,2026-09-19
LULU-ORD-7364,LULU-CLT-01,Mango 1kg,Fruits,Local Farm,238,18,LOW,21,2026-10-03
LULU-ORD-7365,LULU-CLT-02,Paneer 200g,Dairy,Milma,61,25,LOW,158,2026-10-10
LULU-ORD-7366,LULU-KOCHI-02,Chicken 1kg,Meat,Suguna,93,35,LOW,53,2026-10-20
LULU-ORD-7367,LULU-KOCHI-01,Banana Chips 1kg,Snacks,Local Kerala,535,11,MEDIUM,132,2026-09-26
LULU-ORD-7368,LULU-CLT-01,Chicken 1kg,Meat,Suguna,541,13,MEDIUM,32,2026-09-28
LULU-ORD-7369,LULU-TVM-01,Atta 10kg,Grocery,Aashirvaad,126,29,LOW,112,2026-10-14
LULU-ORD-7370,LULU-KOCHI-02,Milma Curd 500g,Dairy,Milma,501,22,LOW,144,2026-10-07
LULU-ORD-7371,LULU-KOCHI-01,Mango 1kg,Fruits,Local Farm,543,42,LOW,157,2026-10-27
LULU-ORD-7372,LULU-TVM-01,Lulu Gold Coin,Jewellery,Lulu Gold,301,38,LOW,124,2026-10-23
LULU-ORD-7373,LULU-CLT-02,Mango 1kg,Fruits,Local Farm,68,21,LOW,44,2026-10-06
LULU-ORD-7374,LULU-CLT-01,Chicken 1kg,Meat,Suguna,512,8,MEDIUM,81,2026-09-23
LULU-ORD-7375,LULU-KOCHI-02,Atta 10kg,Grocery,Aashirvaad,429,22,LOW,101,2026-10-07
LULU-ORD-7376,LULU-TVM-01,Atta 10kg,Grocery,Aashirvaad,107,36,LOW,146,2026-10-21
LULU-ORD-7377,LULU-CLT-01,Chicken 1kg,Meat,Suguna,19,28,LOW,136,2026-10-13
LULU-ORD-7378,LULU-CLT-02,Basmati Rice 5kg,Grocery,India Gate,330,27,LOW,34,2026-10-12
LULU-ORD-7379,LULU-CLT-02,Dates 500g,Dry Fruits,Lulu Import,214,7,MEDIUM,162,2026-09-22
LULU-ORD-7380,LULU-KOCHI-02,Lulu Gold Coin,Jewellery,Lulu Gold,385,23,LOW,55,2026-10-08
LULU-ORD-7381,LULU-TVM-01,Dates 500g,Dry Fruits,Lulu Import,115,27,LOW,88,2026-10-12
LULU-ORD-7382,LULU-KOCHI-02,Mango 1kg,Fruits,Local Farm,430,14,MEDIUM,153,2026-09-29
LULU-ORD-7383,LULU-TVM-01,Atta 10kg,Grocery,Aashirvaad,82,6,MEDIUM,64,2026-09-21
LULU-ORD-7384,LULU-TVM-01,Atta 10kg,Grocery,Aashirvaad,64,26,LOW,52,2026-10-11
LULU-ORD-7385,LULU-CLT-01,Milma Curd 500g,Dairy,Milma,126,14,MEDIUM,137,2026-09-29
LULU-ORD-7386,LULU-KOCHI-01,Chicken 1kg,Meat,Suguna,446,32,LOW,58,2026-10-17
LULU-ORD-7387,LULU-CLT-02,Banana Chips 1kg,Snacks,Local Kerala,127,25,LOW,186,2026-10-10
LULU-ORD-7388,LULU-CLT-02,Basmati Rice 5kg,Grocery,India Gate,441,8,MEDIUM,29,2026-09-23
LULU-ORD-7389,LULU-KOCHI-01,Lulu Gold Coin,Jewellery,Lulu Gold,549,22,LOW,158,2026-10-07
LULU-ORD-7390,LULU-TVM-01,Milma Curd 500g,Dairy,Milma,56,20,LOW,24,2026-10-05
LULU-ORD-7391,LULU-CLT-02,Basmati Rice 5kg,Grocery,India Gate,497,44,LOW,163,2026-10-29
LULU-ORD-7392,LULU-TVM-01,Bread Loaf,Bakery,Modern,312,24,LOW,95,2026-10-09
LULU-ORD-7393,LULU-KOCHI-02,Atta 10kg,Grocery,Aashirvaad,240,22,LOW,70,2026-10-07
LULU-ORD-7394,LULU-CLT-02,Mango 1kg,Fruits,Local Farm,571,8,MEDIUM,133,2026-09-23
LULU-ORD-7395,LULU-CLT-02,Paneer 200g,Dairy,Milma,233,39,LOW,47,2026-10-24
LULU-ORD-7396,LULU-KOCHI-02,Bread Loaf,Bakery,Modern,360,7,MEDIUM,79,2026-09-22
LULU-ORD-7397,LULU-TVM-01,Chicken 1kg,Meat,Suguna,198,21,LOW,27,2026-10-06
LULU-ORD-7398,LULU-CLT-02,Paneer 200g,Dairy,Milma,515,27,LOW,37,2026-10-12
LULU-ORD-7399,LULU-CLT-01,Banana Chips 1kg,Snacks,Local Kerala,202,26,LOW,41,2026-10-11
LULU-ORD-7400,LULU-TVM-01,Atta 10kg,Grocery,Aashirvaad,414,15,MEDIUM,163,2026-09-30
LULU-ORD-7401,LULU-CLT-01,Paneer 200g,Dairy,Milma,376,17,LOW,63,2026-10-02
LULU-ORD-7402,LULU-CLT-02,Atta 10kg,Grocery,Aashirvaad,267,21,LOW,34,2026-10-06
LULU-ORD-7403,LULU-CLT-01,Bread Loaf,Bakery,Modern,408,14,MEDIUM,164,2026-09-29
LULU-ORD-7404,LULU-TVM-01,Basmati Rice 5kg,Grocery,India Gate,18,31,LOW,112,2026-10-16
LULU-ORD-7405,LULU-CLT-01,Atta 10kg,Grocery,Aashirvaad,355,40,LOW,176,2026-10-25
LULU-ORD-7406,LULU-KOCHI-01,Mango 1kg,Fruits,Local Farm,448,45,LOW,102,2026-10-30
LULU-ORD-7407,LULU-CLT-02,Mango 1kg,Fruits,Local Farm,561,30,LOW,171,2026-10-15
LULU-ORD-7408,LULU-TVM-01,Paneer 200g,Dairy,Milma,42,36,LOW,164,2026-10-21
LULU-ORD-7409,LULU-KOCHI-02,Banana Chips 1kg,Snacks,Local Kerala,120,30,LOW,172,2026-10-15
LULU-ORD-7410,LULU-CLT-01,Basmati Rice 5kg,Grocery,India Gate,346,42,LOW,117,2026-10-27
LULU-ORD-7411,LULU-CLT-01,Dates 500g,Dry Fruits,Lulu Import,530,5,HIGH,62,2026-09-20
LULU-ORD-7412,LULU-KOCHI-02,Basmati Rice 5kg,Grocery,India Gate,491,13,MEDIUM,125,2026-09-28
LULU-ORD-7413,LULU-CLT-02,Milma Curd 500g,Dairy,Milma,499,45,LOW,40,2026-10-30
LULU-ORD-7414,LULU-CLT-01,Lulu Gold Coin,Jewellery,Lulu Gold,241,19,LOW,190,2026-10-04
LULU-ORD-7415,LULU-CLT-02,Banana Chips 1kg,Snacks,Local Kerala,322,9,MEDIUM,175,2026-09-24
LULU-ORD-7416,LULU-TVM-01,Banana Chips 1kg,Snacks,Local Kerala,286,7,MEDIUM,144,2026-09-22
LULU-ORD-7417,LULU-CLT-02,Basmati Rice 5kg,Grocery,India Gate,72,27,LOW,57,2026-10-12
LULU-ORD-7418,LULU-KOCHI-01,Basmati Rice 5kg,Grocery,India Gate,454,21,LOW,13,2026-10-06
LULU-ORD-7419,LULU-KOCHI-01,Chicken 1kg,Meat,Suguna,567,7,MEDIUM,84,2026-09-22
LULU-ORD-7420,LULU-TVM-01,Paneer 200g,Dairy,Milma,182,19,LOW,79,2026-10-04
LULU-ORD-7421,LULU-KOCHI-01,Banana Chips 1kg,Snacks,Local Kerala,41,11,LOW,72,2026-09-26
LULU-ORD-7422,LULU-TVM-01,Bread Loaf,Bakery,Modern,17,45,LOW,88,2026-10-30
LULU-ORD-7423,LULU-CLT-01,Lulu Gold Coin,Jewellery,Lulu Gold,431,23,LOW,40,2026-10-08
LULU-ORD-7424,LULU-CLT-01,Atta 10kg,Grocery,Aashirvaad,446,43,LOW,96,2026-10-28
LULU-ORD-7425,LULU-TVM-01,Dates 500g,Dry Fruits,Lulu Import,290,1,HIGH,157,2026-09-16
LULU-ORD-7426,LULU-KOCHI-02,Paneer 200g,Dairy,Milma,115,20,LOW,99,2026-10-05
LULU-ORD-7427,LULU-CLT-01,Basmati Rice 5kg,Grocery,India Gate,562,40,LOW,59,2026-10-25
LULU-ORD-7428,LULU-KOCHI-01,Lulu Gold Coin,Jewellery,Lulu Gold,49,21,LOW,172,2026-10-06
LULU-ORD-7429,LULU-CLT-01,Banana Chips 1kg,Snacks,Local Kerala,317,21,LOW,185,2026-10-06
LULU-ORD-7430,LULU-CLT-02,Mango 1kg,Fruits,Local Farm,67,33,LOW,108,2026-10-18
LULU-ORD-7431,LULU-CLT-02,Chicken 1kg,Meat,Suguna,82,2,MEDIUM,91,2026-09-17
LULU-ORD-7432,LULU-KOCHI-01,Dates 500g,Dry Fruits,Lulu Import,337,40,LOW,56,2026-10-25
LULU-ORD-7433,LULU-CLT-02,Mango 1kg,Fruits,Local Farm,189,3,HIGH,71,2026-09-18
LULU-ORD-7434,LULU-KOCHI-02,Lulu Gold Coin,Jewellery,Lulu Gold,401,25,LOW,159,2026-10-10
LULU-ORD-7435,LULU-TVM-01,Dates 500g,Dry Fruits,Lulu Import,187,11,MEDIUM,98,2026-09-26
LULU-ORD-7436,LULU-KOCHI-02,Basmati Rice 5kg,Grocery,India Gate,247,35,LOW,33,2026-10-20
LULU-ORD-7437,LULU-CLT-01,Mango 1kg,Fruits,Local Farm,266,6,MEDIUM,170,2026-09-21
LULU-ORD-7438,LULU-CLT-01,Atta 10kg,Grocery,Aashirvaad,206,39,LOW,169,2026-10-24
LULU-ORD-7439,LULU-KOCHI-01,Basmati Rice 5kg,Grocery,India Gate,322,9,MEDIUM,177,2026-09-24
LULU-ORD-7440,LULU-KOCHI-02,Banana Chips 1kg,Snacks,Local Kerala,311,1,HIGH,118,2026-09-16
LULU-ORD-7441,LULU-KOCHI-01,Banana Chips 1kg,Snacks,Local Kerala,534,13,MEDIUM,114,2026-09-28
LULU-ORD-7442,LULU-TVM-01,Basmati Rice 5kg,Grocery,India Gate,216,20,LOW,147,2026-10-05
LULU-ORD-7443,LULU-KOCHI-01,Mango 1kg,Fruits,Local Farm,245,16,LOW,63,2026-10-01
LULU-ORD-7444,LULU-TVM-01,Lulu Gold Coin,Jewellery,Lulu Gold,389,7,MEDIUM,107,2026-09-22
LULU-ORD-7445,LULU-TVM-01,Dates 500g,Dry Fruits,Lulu Import,270,3,HIGH,121,2026-09-18
LULU-ORD-7446,LULU-KOCHI-01,Bread Loaf,Bakery,Modern,304,12,MEDIUM,73,2026-09-27
LULU-ORD-7447,LULU-TVM-01,Atta 10kg,Grocery,Aashirvaad,190,25,LOW,44,2026-10-10
LULU-ORD-7448,LULU-CLT-01,Atta 10kg,Grocery,Aashirvaad,347,22,LOW,125,2026-10-07
LULU-ORD-7449,LULU-CLT-01,Paneer 200g,Dairy,Milma,219,22,LOW,157,2026-10-07
LULU-ORD-7450,LULU-TVM-01,Bread Loaf,Bakery,Modern,177,36,LOW,169,2026-10-21
LULU-ORD-7451,LULU-CLT-01,Bread Loaf,Bakery,Modern,288,31,LOW,73,2026-10-16
LULU-ORD-7452,LULU-KOCHI-02,Mango 1kg,Fruits,Local Farm,447,39,LOW,82,2026-10-24
LULU-ORD-7453,LULU-TVM-01,Bread Loaf,Bakery,Modern,224,21,LOW,34,2026-10-06
LULU-ORD-7454,LULU-CLT-01,Lulu Gold Coin,Jewellery,Lulu Gold,424,22,LOW,76,2026-10-07
LULU-ORD-7455,LULU-TVM-01,Lulu Gold Coin,Jewellery,Lulu Gold,137,36,LOW,61,2026-10-21
LULU-ORD-7456,LULU-TVM-01,Milma Curd 500g,Dairy,Milma,48,38,LOW,97,2026-10-23
LULU-ORD-7457,LULU-TVM-01,Paneer 200g,Dairy,Milma,149,36,LOW,126,2026-10-21
LULU-ORD-7458,LULU-TVM-01,Basmati Rice 5kg,Grocery,India Gate,291,19,LOW,175,2026-10-04
LULU-ORD-7459,LULU-KOCHI-02,Dates 500g,Dry Fruits,Lulu Import,396,34,LOW,120,2026-10-19
LULU-ORD-7460,LULU-TVM-01,Lulu Gold Coin,Jewellery,Lulu Gold,561,40,LOW,76,2026-10-25
LULU-ORD-7461,LULU-CLT-01,Lulu Gold Coin,Jewellery,Lulu Gold,26,27,LOW,127,2026-10-12
LULU-ORD-7462,LULU-CLT-01,Milma Curd 500g,Dairy,Milma,453,38,LOW,31,2026-10-23
LULU-ORD-7463,LULU-CLT-01,Paneer 200g,Dairy,Milma,460,6,MEDIUM,16,2026-09-21
LULU-ORD-7464,LULU-KOCHI-02,Basmati Rice 5kg,Grocery,India Gate,546,17,LOW,36,2026-10-02
LULU-ORD-7465,LULU-KOCHI-01,Bread Loaf,Bakery,Modern,411,31,LOW,117,2026-10-16
LULU-ORD-7466,LULU-KOCHI-01,Dates 500g,Dry Fruits,Lulu Import,343,1,HIGH,29,2026-09-16
LULU-ORD-7467,LULU-CLT-01,Atta 10kg,Grocery,Aashirvaad,527,28,LOW,185,2026-10-13
LULU-ORD-7468,LULU-KOCHI-01,Chicken 1kg,Meat,Suguna,403,32,LOW,76,2026-10-17
LULU-ORD-7469,LULU-KOCHI-01,Mango 1kg,Fruits,Local Farm,195,14,MEDIUM,187,2026-09-29
LULU-ORD-7470,LULU-KOCHI-02,Basmati Rice 5kg,Grocery,India Gate,386,40,LOW,157,2026-10-25
LULU-ORD-7471,LULU-KOCHI-01,Atta 10kg,Grocery,Aashirvaad,345,2,HIGH,92,2026-09-17
LULU-ORD-7472,LULU-KOCHI-02,Milma Curd 500g,Dairy,Milma,353,27,LOW,191,2026-10-12
LULU-ORD-7473,LULU-KOCHI-01,Mango 1kg,Fruits,Local Farm,244,32,LOW,89,2026-10-17
LULU-ORD-7474,LULU-CLT-02,Milma Curd 500g,Dairy,Milma,148,17,LOW,153,2026-10-02
LULU-ORD-7475,LULU-TVM-01,Dates 500g,Dry Fruits,Lulu Import,83,31,LOW,160,2026-10-16
LULU-ORD-7476,LULU-CLT-01,Banana Chips 1kg,Snacks,Local Kerala,349,29,LOW,86,2026-10-14
LULU-ORD-7477,LULU-CLT-01,Milma Curd 500g,Dairy,Milma,143,22,LOW,184,2026-10-07
LULU-ORD-7478,LULU-KOCHI-02,Basmati Rice 5kg,Grocery,India Gate,561,21,LOW,119,2026-10-06
LULU-ORD-7479,LULU-TVM-01,Banana Chips 1kg,Snacks,Local Kerala,395,20,LOW,28,2026-10-05
LULU-ORD-7480,LULU-KOCHI-01,Dates 500g,Dry Fruits,Lulu Import,265,34,LOW,156,2026-10-19
LULU-ORD-7481,LULU-CLT-01,Basmati Rice 5kg,Grocery,India Gate,426,36,LOW,181,2026-10-21
LULU-ORD-7482,LULU-TVM-01,Dates 500g,Dry Fruits,Lulu Import,210,21,LOW,99,2026-10-06
LULU-ORD-7483,LULU-CLT-01,Basmati Rice 5kg,Grocery,India Gate,29,6,LOW,30,2026-09-21
LULU-ORD-7484,LULU-TVM-01,Banana Chips 1kg,Snacks,Local Kerala,459,36,LOW,106,2026-10-21
LULU-ORD-7485,LULU-TVM-01,Mango 1kg,Fruits,Local Farm,351,6,MEDIUM,176,2026-09-21
LULU-ORD-7486,LULU-TVM-01,Basmati Rice 5kg,Grocery,India Gate,11,19,LOW,104,2026-10-04
LULU-ORD-7487,LULU-KOCHI-01,Banana Chips 1kg,Snacks,Local Kerala,511,30,LOW,144,2026-10-15
LULU-ORD-7488,LULU-CLT-02,Dates 500g,Dry Fruits,Lulu Import,496,4,HIGH,109,2026-09-19
LULU-ORD-7489,LULU-CLT-01,Bread Loaf,Bakery,Modern,434,10,MEDIUM,59,2026-09-25
LULU-ORD-7490,LULU-KOCHI-01,Dates 500g,Dry Fruits,Lulu Import,230,17,LOW,184,2026-10-02
LULU-ORD-7491,LULU-TVM-01,Paneer 200g,Dairy,Milma,226,41,LOW,76,2026-10-26
LULU-ORD-7492,LULU-KOCHI-02,Dates 500g,Dry Fruits,Lulu Import,530,39,LOW,199,2026-10-24
LULU-ORD-7493,LULU-TVM-01,Basmati Rice 5kg,Grocery,India Gate,248,7,MEDIUM,28,2026-09-22
LULU-ORD-7494,LULU-KOCHI-01,Banana Chips 1kg,Snacks,Local Kerala,210,15,MEDIUM,122,2026-09-30
LULU-ORD-7495,LULU-CLT-01,Dates 500g,Dry Fruits,Lulu Import,100,31,LOW,124,2026-10-16
LULU-ORD-7496,LULU-KOCHI-01,Basmati Rice 5kg,Grocery,India Gate,137,29,LOW,81,2026-10-14
LULU-ORD-7497,LULU-KOCHI-02,Bread Loaf,Bakery,Modern,482,30,LOW,54,2026-10-15
LULU-ORD-7498,LULU-CLT-02,Dates 500g,Dry Fruits,Lulu Import,149,25,LOW,110,2026-10-10
LULU-ORD-7499,LULU-CLT-01,Lulu Gold Coin,Jewellery,Lulu Gold,561,21,LOW,140,2026-10-06
LULU-ORD-7500,LULU-KOCHI-02,Mango 1kg,Fruits,Local Farm,577,39,LOW,136,2026-10-24
LULU-ORD-7501,LULU-TVM-01,Paneer 200g,Dairy,Milma,517,24,LOW,79,2026-10-09
LULU-ORD-7502,LULU-TVM-01,Paneer 200g,Dairy,Milma,255,19,LOW,192,2026-10-04
LULU-ORD-7503,LULU-KOCHI-01,Bread Loaf,Bakery,Modern,151,38,LOW,58,2026-10-23
LULU-ORD-7504,LULU-CLT-01,Lulu Gold Coin,Jewellery,Lulu Gold,480,17,LOW,71,2026-10-02
LULU-ORD-7505,LULU-KOCHI-02,Lulu Gold Coin,Jewellery,Lulu Gold,408,30,LOW,152,2026-10-15
LULU-ORD-7506,LULU-KOCHI-01,Lulu Gold Coin,Jewellery,Lulu Gold,298,2,HIGH,48,2026-09-17
LULU-ORD-7507,LULU-KOCHI-02,Milma Curd 500g,Dairy,Milma,501,27,LOW,100,2026-10-12
LULU-ORD-7508,LULU-KOCHI-02,Chicken 1kg,Meat,Suguna,325,39,LOW,99,2026-10-24
LULU-ORD-7509,LULU-CLT-01,Basmati Rice 5kg,Grocery,India Gate,315,6,MEDIUM,91,2026-09-21
LULU-ORD-7510,LULU-CLT-02,Lulu Gold Coin,Jewellery,Lulu Gold,222,42,LOW,25,2026-10-27
LULU-ORD-7511,LULU-CLT-01,Mango 1kg,Fruits,Local Farm,69,3,MEDIUM,156,2026-09-18
LULU-ORD-7512,LULU-KOCHI-01,Paneer 200g,Dairy,Milma,44,27,LOW,111,2026-10-12
LULU-ORD-7513,LULU-CLT-02,Bread Loaf,Bakery,Modern,528,10,MEDIUM,200,2026-09-25
LULU-ORD-7514,LULU-CLT-02,Paneer 200g,Dairy,Milma,279,22,LOW,144,2026-10-07
LULU-ORD-7515,LULU-CLT-02,Bread Loaf,Bakery,Modern,442,24,LOW,97,2026-10-09
LULU-ORD-7516,LULU-CLT-02,Banana Chips 1kg,Snacks,Local Kerala,215,44,LOW,115,2026-10-29
LULU-ORD-7517,LULU-CLT-01,Dates 500g,Dry Fruits,Lulu Import,42,41,LOW,19,2026-10-26
LULU-ORD-7518,LULU-TVM-01,Paneer 200g,Dairy,Milma,487,2,HIGH,198,2026-09-17
LULU-ORD-7519,LULU-CLT-02,Chicken 1kg,Meat,Suguna,81,4,MEDIUM,88,2026-09-19
LULU-ORD-7520,LULU-CLT-01,Mango 1kg,Fruits,Local Farm,380,27,LOW,30,2026-10-12
LULU-ORD-7521,LULU-TVM-01,Mango 1kg,Fruits,Local Farm,523,37,LOW,198,2026-10-22
LULU-ORD-7522,LULU-CLT-01,Dates 500g,Dry Fruits,Lulu Import,331,6,MEDIUM,150,2026-09-21
LULU-ORD-7523,LULU-CLT-02,Chicken 1kg,Meat,Suguna,335,33,LOW,124,2026-10-18
LULU-ORD-7524,LULU-CLT-01,Paneer 200g,Dairy,Milma,421,28,LOW,89,2026-10-13
LULU-ORD-7525,LULU-KOCHI-02,Paneer 200g,Dairy,Milma,491,29,LOW,33,2026-10-14
LULU-ORD-7526,LULU-KOCHI-02,Atta 10kg,Grocery,Aashirvaad,428,33,LOW,181,2026-10-18
LULU-ORD-7527,LULU-TVM-01,Milma Curd 500g,Dairy,Milma,297,30,LOW,115,2026-10-15
LULU-ORD-7528,LULU-CLT-02,Dates 500g,Dry Fruits,Lulu Import,402,36,LOW,191,2026-10-21
LULU-ORD-7529,LULU-CLT-02,Mango 1kg,Fruits,Local Farm,26,24,LOW,104,2026-10-09
LULU-ORD-7530,LULU-TVM-01,Dates 500g,Dry Fruits,Lulu Import,361,39,LOW,105,2026-10-24
LULU-ORD-7531,LULU-TVM-01,Milma Curd 500g,Dairy,Milma,549,42,LOW,27,2026-10-27
LULU-ORD-7532,LULU-CLT-02,Paneer 200g,Dairy,Milma,178,45,LOW,187,2026-10-30
LULU-ORD-7533,LULU-TVM-01,Basmati Rice 5kg,Grocery,India Gate,13,12,LOW,190,2026-09-27
LULU-ORD-7534,LULU-KOCHI-01,Banana Chips 1kg,Snacks,Local Kerala,518,28,LOW,14,2026-10-13
LULU-ORD-7535,LULU-CLT-02,Bread Loaf,Bakery,Modern,294,31,LOW,169,2026-10-16
LULU-ORD-7536,LULU-CLT-02,Atta 10kg,Grocery,Aashirvaad,442,12,MEDIUM,27,2026-09-27
LULU-ORD-7537,LULU-CLT-01,Paneer 200g,Dairy,Milma,66,23,LOW,65,2026-10-08
LULU-ORD-7538,LULU-KOCHI-02,Chicken 1kg,Meat,Suguna,554,25,LOW,18,2026-10-10
LULU-ORD-7539,LULU-KOCHI-02,Paneer 200g,Dairy,Milma,506,20,LOW,72,2026-10-05
LULU-ORD-7540,LULU-CLT-01,Basmati Rice 5kg,Grocery,India Gate,575,38,LOW,74,2026-10-23
LULU-ORD-7541,LULU-CLT-02,Lulu Gold Coin,Jewellery,Lulu Gold,522,22,LOW,76,2026-10-07
LULU-ORD-7542,LULU-CLT-02,Lulu Gold Coin,Jewellery,Lulu Gold,316,20,LOW,10,2026-10-05
LULU-ORD-7543,LULU-KOCHI-01,Basmati Rice 5kg,Grocery,India Gate,345,39,LOW,82,2026-10-24
LULU-ORD-7544,LULU-CLT-02,Chicken 1kg,Meat,Suguna,27,44,LOW,194,2026-10-29
LULU-ORD-7545,LULU-CLT-02,Basmati Rice 5kg,Grocery,India Gate,526,31,LOW,101,2026-10-16
LULU-ORD-7546,LULU-KOCHI-02,Chicken 1kg,Meat,Suguna,560,44,LOW,115,2026-10-29
LULU-ORD-7547,LULU-KOCHI-01,Paneer 200g,Dairy,Milma,518,31,LOW,34,2026-10-16
LULU-ORD-7548,LULU-KOCHI-01,Basmati Rice 5kg,Grocery,India Gate,102,14,MEDIUM,29,2026-09-29
LULU-ORD-7549,LULU-CLT-02,Atta 10kg,Grocery,Aashirvaad,202,1,HIGH,100,2026-09-16
LULU-ORD-7550,LULU-KOCHI-01,Atta 10kg,Grocery,Aashirvaad,392,13,MEDIUM,117,2026-09-28
LULU-ORD-7551,LULU-KOCHI-01,Bread Loaf,Bakery,Modern,557,6,MEDIUM,63,2026-09-21
LULU-ORD-7552,LULU-KOCHI-01,Mango 1kg,Fruits,Local Farm,549,35,LOW,173,2026-10-20
LULU-ORD-7553,LULU-TVM-01,Banana Chips 1kg,Snacks,Local Kerala,131,32,LOW,164,2026-10-17
LULU-ORD-7554,LULU-TVM-01,Bread Loaf,Bakery,Modern,361,40,LOW,24,2026-10-25
LULU-ORD-7555,LULU-CLT-01,Mango 1kg,Fruits,Local Farm,545,20,LOW,53,2026-10-05
LULU-ORD-7556,LULU-KOCHI-01,Atta 10kg,Grocery,Aashirvaad,394,22,LOW,142,2026-10-07
LULU-ORD-7557,LULU-KOCHI-01,Chicken 1kg,Meat,Suguna,395,30,LOW,168,2026-10-15
LULU-ORD-7558,LULU-CLT-02,Banana Chips 1kg,Snacks,Local Kerala,230,35,LOW,34,2026-10-20
LULU-ORD-7559,LULU-TVM-01,Mango 1kg,Fruits,Local Farm,235,20,LOW,156,2026-10-05
LULU-ORD-7560,LULU-CLT-01,Chicken 1kg,Meat,Suguna,570,3,HIGH,60,2026-09-18
LULU-ORD-7561,LULU-KOCHI-02,Atta 10kg,Grocery,Aashirvaad,76,17,LOW,58,2026-10-02
LULU-ORD-7562,LULU-CLT-02,Paneer 200g,Dairy,Milma,140,39,LOW,89,2026-10-24
LULU-ORD-7563,LULU-TVM-01,Banana Chips 1kg,Snacks,Local Kerala,115,45,LOW,104,2026-10-30
LULU-ORD-7564,LULU-CLT-01,Mango 1kg,Fruits,Local Farm,484,16,LOW,160,2026-10-01
LULU-ORD-7565,LULU-TVM-01,Chicken 1kg,Meat,Suguna,187,5,HIGH,90,2026-09-20
LULU-ORD-7566,LULU-KOCHI-01,Banana Chips 1kg,Snacks,Local Kerala,493,13,MEDIUM,33,2026-09-28
LULU-ORD-7567,LULU-CLT-01,Chicken 1kg,Meat,Suguna,312,26,LOW,60,2026-10-11
LULU-ORD-7568,LULU-KOCHI-01,Basmati Rice 5kg,Grocery,India Gate,95,22,LOW,102,2026-10-07
LULU-ORD-7569,LULU-KOCHI-01,Basmati Rice 5kg,Grocery,India Gate,65,5,MEDIUM,67,2026-09-20
LULU-ORD-7570,LULU-KOCHI-01,Milma Curd 500g,Dairy,Milma,204,4,HIGH,85,2026-09-19
LULU-ORD-7571,LULU-TVM-01,Milma Curd 500g,Dairy,Milma,470,29,LOW,32,2026-10-14
LULU-ORD-7572,LULU-KOCHI-02,Chicken 1kg,Meat,Suguna,58,40,LOW,102,2026-10-25
LULU-ORD-7573,LULU-KOCHI-01,Mango 1kg,Fruits,Local Farm,572,20,LOW,91,2026-10-05
LULU-ORD-7574,LULU-CLT-02,Lulu Gold Coin,Jewellery,Lulu Gold,426,28,LOW,88,2026-10-13
LULU-ORD-7575,LULU-TVM-01,Bread Loaf,Bakery,Modern,320,8,MEDIUM,199,2026-09-23
LULU-ORD-7576,LULU-KOCHI-02,Banana Chips 1kg,Snacks,Local Kerala,110,10,MEDIUM,167,2026-09-25
LULU-ORD-7577,LULU-CLT-02,Mango 1kg,Fruits,Local Farm,283,22,LOW,24,2026-10-07
LULU-ORD-7578,LULU-CLT-01,Dates 500g,Dry Fruits,Lulu Import,324,44,LOW,168,2026-10-29
LULU-ORD-7579,LULU-CLT-01,Chicken 1kg,Meat,Suguna,33,27,LOW,187,2026-10-12
LULU-ORD-7580,LULU-TVM-01,Dates 500g,Dry Fruits,Lulu Import,399,45,LOW,33,2026-10-30
LULU-ORD-7581,LULU-TVM-01,Milma Curd 500g,Dairy,Milma,70,45,LOW,172,2026-10-30
LULU-ORD-7582,LULU-KOCHI-01,Banana Chips 1kg,Snacks,Local Kerala,173,43,LOW,44,2026-10-28
LULU-ORD-7583,LULU-CLT-02,Chicken 1kg,Meat,Suguna,424,35,LOW,116,2026-10-20
LULU-ORD-7584,LULU-CLT-01,Atta 10kg,Grocery,Aashirvaad,138,10,MEDIUM,172,2026-09-25
LULU-ORD-7585,LULU-KOCHI-02,Lulu Gold Coin,Jewellery,Lulu Gold,374,41,LOW,53,2026-10-26
LULU-ORD-7586,LULU-CLT-02,Dates 500g,Dry Fruits,Lulu Import,592,25,LOW,17,2026-10-10
LULU-ORD-7587,LULU-KOCHI-01,Atta 10kg,Grocery,Aashirvaad,208,41,LOW,137,2026-10-26
LULU-ORD-7588,LULU-CLT-01,Mango 1kg,Fruits,Local Farm,98,1,MEDIUM,98,2026-09-16
LULU-ORD-7589,LULU-KOCHI-01,Mango 1kg,Fruits,Local Farm,245,9,MEDIUM,136,2026-09-24
LULU-ORD-7590,LULU-KOCHI-02,Banana Chips 1kg,Snacks,Local Kerala,145,36,LOW,22,2026-10-21
LULU-ORD-7591,LULU-CLT-01,Basmati Rice 5kg,Grocery,India Gate,171,10,MEDIUM,21,2026-09-25
LULU-ORD-7592,LULU-KOCHI-01,Lulu Gold Coin,Jewellery,Lulu Gold,283,36,LOW,167,2026-10-21
LULU-ORD-7593,LULU-CLT-02,Lulu Gold Coin,Jewellery,Lulu Gold,141,17,LOW,152,2026-10-02
LULU-ORD-7594,LULU-TVM-01,Lulu Gold Coin,Jewellery,Lulu Gold,135,10,MEDIUM,99,2026-09-25
LULU-ORD-7595,LULU-CLT-02,Chicken 1kg,Meat,Suguna,312,22,LOW,193,2026-10-07
LULU-ORD-7596,LULU-TVM-01,Milma Curd 500g,Dairy,Milma,349,44,LOW,174,2026-10-29
LULU-ORD-7597,LULU-TVM-01,Milma Curd 500g,Dairy,Milma,160,41,LOW,112,2026-10-26
LULU-ORD-7598,LULU-KOCHI-01,Milma Curd 500g,Dairy,Milma,399,3,HIGH,151,2026-09-18
LULU-ORD-7599,LULU-KOCHI-01,Milma Curd 500g,Dairy,Milma,187,12,MEDIUM,13,2026-09-27
LULU-ORD-7600,LULU-KOCHI-02,Dates 500g,Dry Fruits,Lulu Import,377,20,LOW,77,2026-10-05
LULU-ORD-7601,LULU-TVM-01,Lulu Gold Coin,Jewellery,Lulu Gold,418,45,LOW,97,2026-10-30
LULU-ORD-7602,LULU-CLT-01,Milma Curd 500g,Dairy,Milma,33,17,LOW,172,2026-10-02
LULU-ORD-7603,LULU-KOCHI-02,Atta 10kg,Grocery,Aashirvaad,527,22,LOW,110,2026-10-07
LULU-ORD-7604,LULU-CLT-01,Paneer 200g,Dairy,Milma,219,3,HIGH,109,2026-09-18
LULU-ORD-7605,LULU-CLT-02,Bread Loaf,Bakery,Modern,372,28,LOW,66,2026-10-13
LULU-ORD-7606,LULU-TVM-01,Atta 10kg,Grocery,Aashirvaad,582,32,LOW,140,2026-10-17
LULU-ORD-7607,LULU-KOCHI-01,Atta 10kg,Grocery,Aashirvaad,463,25,LOW,118,2026-10-10
LULU-ORD-7608,LULU-CLT-02,Mango 1kg,Fruits,Local Farm,253,5,HIGH,109,2026-09-20
LULU-ORD-7609,LULU-CLT-02,Milma Curd 500g,Dairy,Milma,436,42,LOW,45,2026-10-27
LULU-ORD-7610,LULU-CLT-01,Mango 1kg,Fruits,Local Farm,33,6,LOW,196,2026-09-21
LULU-ORD-7611,LULU-CLT-01,Basmati Rice 5kg,Grocery,India Gate,579,25,LOW,81,2026-10-10
LULU-ORD-7612,LULU-KOCHI-02,Lulu Gold Coin,Jewellery,Lulu Gold,293,43,LOW,30,2026-10-28
LULU-ORD-7613,LULU-TVM-01,Mango 1kg,Fruits,Local Farm,25,14,LOW,14,2026-09-29
LULU-ORD-7614,LULU-KOCHI-01,Basmati Rice 5kg,Grocery,India Gate,347,8,MEDIUM,143,2026-09-23
LULU-ORD-7615,LULU-TVM-01,Mango 1kg,Fruits,Local Farm,340,16,LOW,53,2026-10-01
LULU-ORD-7616,LULU-CLT-01,Mango 1kg,Fruits,Local Farm,306,20,LOW,160,2026-10-05
LULU-ORD-7617,LULU-TVM-01,Chicken 1kg,Meat,Suguna,275,30,LOW,197,2026-10-15
LULU-ORD-7618,LULU-KOCHI-01,Milma Curd 500g,Dairy,Milma,380,15,MEDIUM,122,2026-09-30
LULU-ORD-7619,LULU-TVM-01,Banana Chips 1kg,Snacks,Local Kerala,584,16,LOW,101,2026-10-01
LULU-ORD-7620,LULU-CLT-02,Chicken 1kg,Meat,Suguna,428,31,LOW,173,2026-10-16
LULU-ORD-7621,LULU-CLT-02,Milma Curd 500g,Dairy,Milma,587,22,LOW,42,2026-10-07
LULU-ORD-7622,LULU-TVM-01,Dates 500g,Dry Fruits,Lulu Import,515,1,HIGH,75,2026-09-16
LULU-ORD-7623,LULU-TVM-01,Atta 10kg,Grocery,Aashirvaad,539,26,LOW,115,2026-10-11
LULU-ORD-7624,LULU-CLT-02,Bread Loaf,Bakery,Modern,399,45,LOW,161,2026-10-30
LULU-ORD-7625,LULU-TVM-01,Banana Chips 1kg,Snacks,Local Kerala,386,43,LOW,179,2026-10-28
LULU-ORD-7626,LULU-CLT-02,Banana Chips 1kg,Snacks,Local Kerala,172,34,LOW,193,2026-10-19
LULU-ORD-7627,LULU-TVM-01,Atta 10kg,Grocery,Aashirvaad,11,8,LOW,65,2026-09-23
LULU-ORD-7628,LULU-CLT-02,Banana Chips 1kg,Snacks,Local Kerala,261,24,LOW,20,2026-10-09
LULU-ORD-7629,LULU-KOCHI-01,Dates 500g,Dry Fruits,Lulu Import,532,33,LOW,119,2026-10-18
LULU-ORD-7630,LULU-KOCHI-02,Atta 10kg,Grocery,Aashirvaad,315,44,LOW,134,2026-10-29
LULU-ORD-7631,LULU-CLT-01,Dates 500g,Dry Fruits,Lulu Import,517,33,LOW,166,2026-10-18
LULU-ORD-7632,LULU-TVM-01,Dates 500g,Dry Fruits,Lulu Import,295,21,LOW,66,2026-10-06
LULU-ORD-7633,LULU-TVM-01,Lulu Gold Coin,Jewellery,Lulu Gold,285,18,LOW,93,2026-10-03
LULU-ORD-7634,LULU-CLT-02,Mango 1kg,Fruits,Local Farm,496,22,LOW,30,2026-10-07
LULU-ORD-7635,LULU-CLT-02,Basmati Rice 5kg,Grocery,India Gate,375,41,LOW,30,2026-10-26
LULU-ORD-7636,LULU-KOCHI-01,Lulu Gold Coin,Jewellery,Lulu Gold,340,23,LOW,163,2026-10-08
LULU-ORD-7637,LULU-TVM-01,Banana Chips 1kg,Snacks,Local Kerala,525,45,LOW,135,2026-10-30
LULU-ORD-7638,LULU-KOCHI-01,Paneer 200g,Dairy,Milma,560,30,LOW,32,2026-10-15
LULU-ORD-7639,LULU-KOCHI-02,Chicken 1kg,Meat,Suguna,308,34,LOW,185,2026-10-19
LULU-ORD-7640,LULU-KOCHI-01,Banana Chips 1kg,Snacks,Local Kerala,448,29,LOW,40,2026-10-14
LULU-ORD-7641,LULU-KOCHI-01,Chicken 1kg,Meat,Suguna,514,28,LOW,95,2026-10-13
LULU-ORD-7642,LULU-KOCHI-02,Basmati Rice 5kg,Grocery,India Gate,284,40,LOW,101,2026-10-25
LULU-ORD-7643,LULU-KOCHI-02,Bread Loaf,Bakery,Modern,83,23,LOW,89,2026-10-08
LULU-ORD-7644,LULU-TVM-01,Chicken 1kg,Meat,Suguna,422,29,LOW,163,2026-10-14
LULU-ORD-7645,LULU-CLT-01,Dates 500g,Dry Fruits,Lulu Import,253,1,HIGH,154,2026-09-16
LULU-ORD-7646,LULU-CLT-02,Basmati Rice 5kg,Grocery,India Gate,369,33,LOW,25,2026-10-18
LULU-ORD-7647,LULU-CLT-01,Chicken 1kg,Meat,Suguna,415,13,MEDIUM,31,2026-09-28
LULU-ORD-7648,LULU-CLT-02,Bread Loaf,Bakery,Modern,599,31,LOW,54,2026-10-16
LULU-ORD-7649,LULU-TVM-01,Paneer 200g,Dairy,Milma,158,9,MEDIUM,81,2026-09-24
LULU-ORD-7650,LULU-TVM-01,Atta 10kg,Grocery,Aashirvaad,230,20,LOW,52,2026-10-05
LULU-ORD-7651,LULU-TVM-01,Lulu Gold Coin,Jewellery,Lulu Gold,400,27,LOW,22,2026-10-12
LULU-ORD-7652,LULU-KOCHI-02,Mango 1kg,Fruits,Local Farm,542,17,LOW,177,2026-10-02
LULU-ORD-7653,LULU-TVM-01,Milma Curd 500g,Dairy,Milma,94,41,LOW,18,2026-10-26
LULU-ORD-7654,LULU-CLT-02,Paneer 200g,Dairy,Milma,18,14,LOW,86,2026-09-29
LULU-ORD-7655,LULU-KOCHI-01,Atta 10kg,Grocery,Aashirvaad,15,5,LOW,66,2026-09-20
LULU-ORD-7656,LULU-TVM-01,Lulu Gold Coin,Jewellery,Lulu Gold,257,24,LOW,112,2026-10-09
LULU-ORD-7657,LULU-KOCHI-01,Dates 500g,Dry Fruits,Lulu Import,507,7,MEDIUM,93,2026-09-22
LULU-ORD-7658,LULU-CLT-01,Paneer 200g,Dairy,Milma,289,27,LOW,98,2026-10-12
LULU-ORD-7659,LULU-CLT-01,Basmati Rice 5kg,Grocery,India Gate,167,26,LOW,167,2026-10-11
LULU-ORD-7660,LULU-KOCHI-02,Dates 500g,Dry Fruits,Lulu Import,506,18,LOW,172,2026-10-03
LULU-ORD-7661,LULU-CLT-01,Banana Chips 1kg,Snacks,Local Kerala,517,9,MEDIUM,171,2026-09-24
LULU-ORD-7662,LULU-KOCHI-01,Bread Loaf,Bakery,Modern,221,26,LOW,169,2026-10-11
LULU-ORD-7663,LULU-TVM-01,Mango 1kg,Fruits,Local Farm,74,7,MEDIUM,186,2026-09-22
LULU-ORD-7664,LULU-KOCHI-02,Banana Chips 1kg,Snacks,Local Kerala,553,23,LOW,123,2026-10-08
LULU-ORD-7665,LULU-CLT-01,Banana Chips 1kg,Snacks,Local Kerala,523,24,LOW,53,2026-10-09
LULU-ORD-7666,LULU-CLT-02,Chicken 1kg,Meat,Suguna,375,21,LOW,152,2026-10-06
LULU-ORD-7667,LULU-KOCHI-02,Basmati Rice 5kg,Grocery,India Gate,30,44,LOW,126,2026-10-29
LULU-ORD-7668,LULU-CLT-02,Bread Loaf,Bakery,Modern,337,36,LOW,32,2026-10-21
LULU-ORD-7669,LULU-KOCHI-02,Banana Chips 1kg,Snacks,Local Kerala,405,12,MEDIUM,76,2026-09-27
LULU-ORD-7670,LULU-KOCHI-02,Basmati Rice 5kg,Grocery,India Gate,389,26,LOW,174,2026-10-11
LULU-ORD-7671,LULU-KOCHI-02,Atta 10kg,Grocery,Aashirvaad,283,19,LOW,10,2026-10-04
LULU-ORD-7672,LULU-CLT-01,Lulu Gold Coin,Jewellery,Lulu Gold,584,40,LOW,133,2026-10-25
LULU-ORD-7673,LULU-TVM-01,Bread Loaf,Bakery,Modern,94,43,LOW,188,2026-10-28
LULU-ORD-7674,LULU-TVM-01,Mango 1kg,Fruits,Local Farm,112,39,LOW,26,2026-10-24
LULU-ORD-7675,LULU-KOCHI-01,Lulu Gold Coin,Jewellery,Lulu Gold,504,24,LOW,27,2026-10-09
LULU-ORD-7676,LULU-KOCHI-01,Banana Chips 1kg,Snacks,Local Kerala,596,44,LOW,86,2026-10-29
LULU-ORD-7677,LULU-CLT-02,Chicken 1kg,Meat,Suguna,324,39,LOW,96,2026-10-24
LULU-ORD-7678,LULU-KOCHI-01,Basmati Rice 5kg,Grocery,India Gate,112,28,LOW,168,2026-10-13
LULU-ORD-7679,LULU-CLT-02,Atta 10kg,Grocery,Aashirvaad,192,34,LOW,142,2026-10-19
LULU-ORD-7680,LULU-KOCHI-01,Bread Loaf,Bakery,Modern,594,31,LOW,122,2026-10-16
LULU-ORD-7681,LULU-KOCHI-02,Lulu Gold Coin,Jewellery,Lulu Gold,454,23,LOW,91,2026-10-08
LULU-ORD-7682,LULU-CLT-01,Mango 1kg,Fruits,Local Farm,47,31,LOW,102,2026-10-16
LULU-ORD-7683,LULU-KOCHI-01,Bread Loaf,Bakery,Modern,320,40,LOW,176,2026-10-25
LULU-ORD-7684,LULU-KOCHI-02,Basmati Rice 5kg,Grocery,India Gate,323,15,MEDIUM,147,2026-09-30
LULU-ORD-7685,LULU-KOCHI-01,Lulu Gold Coin,Jewellery,Lulu Gold,514,7,MEDIUM,115,2026-09-22
LULU-ORD-7686,LULU-CLT-01,Mango 1kg,Fruits,Local Farm,188,10,MEDIUM,159,2026-09-25
LULU-ORD-7687,LULU-KOCHI-02,Paneer 200g,Dairy,Milma,65,32,LOW,187,2026-10-17
LULU-ORD-7688,LULU-KOCHI-01,Basmati Rice 5kg,Grocery,India Gate,315,8,MEDIUM,63,2026-09-23
LULU-ORD-7689,LULU-CLT-01,Bread Loaf,Bakery,Modern,484,30,LOW,23,2026-10-15
LULU-ORD-7690,LULU-KOCHI-01,Milma Curd 500g,Dairy,Milma,122,8,MEDIUM,174,2026-09-23
LULU-ORD-7691,LULU-CLT-02,Paneer 200g,Dairy,Milma,483,30,LOW,83,2026-10-15
LULU-ORD-7692,LULU-CLT-01,Mango 1kg,Fruits,Local Farm,279,16,LOW,178,2026-10-01
LULU-ORD-7693,LULU-CLT-02,Paneer 200g,Dairy,Milma,559,31,LOW,54,2026-10-16
LULU-ORD-7694,LULU-TVM-01,Bread Loaf,Bakery,Modern,384,30,LOW,96,2026-10-15
LULU-ORD-7695,LULU-CLT-02,Dates 500g,Dry Fruits,Lulu Import,270,7,MEDIUM,97,2026-09-22
LULU-ORD-7696,LULU-CLT-01,Paneer 200g,Dairy,Milma,509,20,LOW,110,2026-10-05
LULU-ORD-7697,LULU-KOCHI-01,Atta 10kg,Grocery,Aashirvaad,346,42,LOW,129,2026-10-27
LULU-ORD-7698,LULU-CLT-02,Basmati Rice 5kg,Grocery,India Gate,331,10,MEDIUM,47,2026-09-25
LULU-ORD-7699,LULU-KOCHI-01,Atta 10kg,Grocery,Aashirvaad,385,24,LOW,151,2026-10-09
LULU-ORD-7700,LULU-TVM-01,Milma Curd 500g,Dairy,Milma,362,32,LOW,87,2026-10-17
LULU-ORD-7701,LULU-CLT-01,Lulu Gold Coin,Jewellery,Lulu Gold,380,33,LOW,177,2026-10-18
LULU-ORD-7702,LULU-CLT-02,Dates 500g,Dry Fruits,Lulu Import,422,3,HIGH,145,2026-09-18
LULU-ORD-7703,LULU-KOCHI-02,Paneer 200g,Dairy,Milma,130,13,MEDIUM,52,2026-09-28
LULU-ORD-7704,LULU-KOCHI-01,Basmati Rice 5kg,Grocery,India Gate,228,42,LOW,123,2026-10-27
LULU-ORD-7705,LULU-KOCHI-02,Milma Curd 500g,Dairy,Milma,317,2,HIGH,36,2026-09-17
LULU-ORD-7706,LULU-KOCHI-02,Paneer 200g,Dairy,Milma,420,38,LOW,172,2026-10-23
LULU-ORD-7707,LULU-TVM-01,Chicken 1kg,Meat,Suguna,270,32,LOW,135,2026-10-17
LULU-ORD-7708,LULU-TVM-01,Basmati Rice 5kg,Grocery,India Gate,307,8,MEDIUM,99,2026-09-23
LULU-ORD-7709,LULU-CLT-01,Bread Loaf,Bakery,Modern,595,22,LOW,142,2026-10-07
LULU-ORD-7710,LULU-KOCHI-01,Basmati Rice 5kg,Grocery,India Gate,521,19,LOW,192,2026-10-04
LULU-ORD-7711,LULU-KOCHI-02,Dates 500g,Dry Fruits,Lulu Import,47,8,LOW,16,2026-09-23
LULU-ORD-7712,LULU-CLT-01,Basmati Rice 5kg,Grocery,India Gate,407,7,MEDIUM,29,2026-09-22
LULU-ORD-7713,LULU-CLT-01,Lulu Gold Coin,Jewellery,Lulu Gold,366,40,LOW,178,2026-10-25
LULU-ORD-7714,LULU-CLT-01,Milma Curd 500g,Dairy,Milma,117,29,LOW,108,2026-10-14
LULU-ORD-7715,LULU-KOCHI-01,Lulu Gold Coin,Jewellery,Lulu Gold,596,42,LOW,157,2026-10-27
LULU-ORD-7716,LULU-KOCHI-02,Milma Curd 500g,Dairy,Milma,510,35,LOW,189,2026-10-20
LULU-ORD-7717,LULU-KOCHI-01,Mango 1kg,Fruits,Local Farm,192,34,LOW,90,2026-10-19
LULU-ORD-7718,LULU-CLT-01,Chicken 1kg,Meat,Suguna,417,10,MEDIUM,103,2026-09-25
LULU-ORD-7719,LULU-TVM-01,Mango 1kg,Fruits,Local Farm,252,43,LOW,159,2026-10-28
LULU-ORD-7720,LULU-CLT-02,Dates 500g,Dry Fruits,Lulu Import,465,26,LOW,100,2026-10-11
LULU-ORD-7721,LULU-CLT-02,Basmati Rice 5kg,Grocery,India Gate,448,32,LOW,104,2026-10-17
LULU-ORD-7722,LULU-KOCHI-02,Bread Loaf,Bakery,Modern,549,39,LOW,21,2026-10-24
LULU-ORD-7723,LULU-CLT-02,Lulu Gold Coin,Jewellery,Lulu Gold,69,30,LOW,44,2026-10-15
LULU-ORD-7724,LULU-KOCHI-01,Atta 10kg,Grocery,Aashirvaad,561,14,MEDIUM,31,2026-09-29
LULU-ORD-7725,LULU-CLT-01,Basmati Rice 5kg,Grocery,India Gate,246,23,LOW,59,2026-10-08
LULU-ORD-7726,LULU-KOCHI-01,Mango 1kg,Fruits,Local Farm,17,5,LOW,58,2026-09-20
LULU-ORD-7727,LULU-CLT-02,Milma Curd 500g,Dairy,Milma,489,20,LOW,136,2026-10-05
LULU-ORD-7728,LULU-KOCHI-02,Paneer 200g,Dairy,Milma,242,28,LOW,182,2026-10-13
LULU-ORD-7729,LULU-TVM-01,Basmati Rice 5kg,Grocery,India Gate,331,31,LOW,115,2026-10-16
LULU-ORD-7730,LULU-KOCHI-01,Lulu Gold Coin,Jewellery,Lulu Gold,74,45,LOW,143,2026-10-30
LULU-ORD-7731,LULU-CLT-01,Milma Curd 500g,Dairy,Milma,210,43,LOW,180,2026-10-28
LULU-ORD-7732,LULU-CLT-02,Milma Curd 500g,Dairy,Milma,477,44,LOW,103,2026-10-29
LULU-ORD-7733,LULU-CLT-02,Dates 500g,Dry Fruits,Lulu Import,383,36,LOW,109,2026-10-21
LULU-ORD-7734,LULU-KOCHI-01,Milma Curd 500g,Dairy,Milma,535,12,MEDIUM,56,2026-09-27
LULU-ORD-7735,LULU-TVM-01,Dates 500g,Dry Fruits,Lulu Import,252,31,LOW,77,2026-10-16
LULU-ORD-7736,LULU-TVM-01,Chicken 1kg,Meat,Suguna,154,33,LOW,109,2026-10-18
LULU-ORD-7737,LULU-CLT-02,Dates 500g,Dry Fruits,Lulu Import,116,6,MEDIUM,182,2026-09-21
LULU-ORD-7738,LULU-CLT-01,Banana Chips 1kg,Snacks,Local Kerala,210,11,MEDIUM,77,2026-09-26
LULU-ORD-7739,LULU-KOCHI-02,Banana Chips 1kg,Snacks,Local Kerala,340,11,MEDIUM,31,2026-09-26
LULU-ORD-7740,LULU-TVM-01,Chicken 1kg,Meat,Suguna,510,42,LOW,155,2026-10-27
LULU-ORD-7741,LULU-KOCHI-01,Banana Chips 1kg,Snacks,Local Kerala,351,40,LOW,110,2026-10-25
LULU-ORD-7742,LULU-KOCHI-01,Bread Loaf,Bakery,Modern,472,17,LOW,106,2026-10-02
LULU-ORD-7743,LULU-KOCHI-01,Bread Loaf,Bakery,Modern,229,12,MEDIUM,185,2026-09-27
LULU-ORD-7744,LULU-CLT-01,Bread Loaf,Bakery,Modern,296,19,LOW,38,2026-10-04
LULU-ORD-7745,LULU-TVM-01,Atta 10kg,Grocery,Aashirvaad,109,45,LOW,180,2026-10-30
LULU-ORD-7746,LULU-KOCHI-02,Bread Loaf,Bakery,Modern,97,14,MEDIUM,125,2026-09-29
LULU-ORD-7747,LULU-KOCHI-01,Basmati Rice 5kg,Grocery,India Gate,533,2,HIGH,46,2026-09-17
LULU-ORD-7748,LULU-TVM-01,Milma Curd 500g,Dairy,Milma,221,36,LOW,35,2026-10-21
LULU-ORD-7749,LULU-KOCHI-02,Mango 1kg,Fruits,Local Farm,231,29,LOW,141,2026-10-14
LULU-ORD-7750,LULU-KOCHI-01,Paneer 200g,Dairy,Milma,112,35,LOW,137,2026-10-20
LULU-ORD-7751,LULU-CLT-02,Chicken 1kg,Meat,Suguna,276,25,LOW,52,2026-10-10
LULU-ORD-7752,LULU-TVM-01,Milma Curd 500g,Dairy,Milma,86,17,LOW,72,2026-10-02
LULU-ORD-7753,LULU-KOCHI-01,Basmati Rice 5kg,Grocery,India Gate,258,21,LOW,25,2026-10-06
LULU-ORD-7754,LULU-KOCHI-02,Chicken 1kg,Meat,Suguna,123,12,MEDIUM,53,2026-09-27
LULU-ORD-7755,LULU-CLT-01,Atta 10kg,Grocery,Aashirvaad,222,25,LOW,60,2026-10-10
LULU-ORD-7756,LULU-KOCHI-02,Milma Curd 500g,Dairy,Milma,530,31,LOW,84,2026-10-16
LULU-ORD-7757,LULU-TVM-01,Lulu Gold Coin,Jewellery,Lulu Gold,504,3,HIGH,12,2026-09-18
LULU-ORD-7758,LULU-CLT-01,Dates 500g,Dry Fruits,Lulu Import,504,28,LOW,149,2026-10-13
LULU-ORD-7759,LULU-CLT-02,Basmati Rice 5kg,Grocery,India Gate,486,25,LOW,199,2026-10-10
LULU-ORD-7760,LULU-KOCHI-02,Mango 1kg,Fruits,Local Farm,392,1,HIGH,117,2026-09-16
LULU-ORD-7761,LULU-KOCHI-02,Lulu Gold Coin,Jewellery,Lulu Gold,77,41,LOW,57,2026-10-26
LULU-ORD-7762,LULU-CLT-01,Chicken 1kg,Meat,Suguna,520,10,MEDIUM,82,2026-09-25
LULU-ORD-7763,LULU-KOCHI-02,Atta 10kg,Grocery,Aashirvaad,546,34,LOW,153,2026-10-19
LULU-ORD-7764,LULU-TVM-01,Milma Curd 500g,Dairy,Milma,316,7,MEDIUM,109,2026-09-22
LULU-ORD-7765,LULU-CLT-02,Mango 1kg,Fruits,Local Farm,237,3,HIGH,181,2026-09-18
LULU-ORD-7766,LULU-KOCHI-01,Banana Chips 1kg,Snacks,Local Kerala,406,20,LOW,112,2026-10-05
LULU-ORD-7767,LULU-KOCHI-01,Paneer 200g,Dairy,Milma,449,30,LOW,37,2026-10-15
LULU-ORD-7768,LULU-CLT-01,Mango 1kg,Fruits,Local Farm,95,26,LOW,92,2026-10-11
LULU-ORD-7769,LULU-KOCHI-01,Basmati Rice 5kg,Grocery,India Gate,30,25,LOW,155,2026-10-10
LULU-ORD-7770,LULU-CLT-01,Milma Curd 500g,Dairy,Milma,588,32,LOW,68,2026-10-17
LULU-ORD-7771,LULU-CLT-01,Paneer 200g,Dairy,Milma,143,22,LOW,190,2026-10-07
LULU-ORD-7772,LULU-CLT-01,Mango 1kg,Fruits,Local Farm,471,44,LOW,41,2026-10-29
LULU-ORD-7773,LULU-TVM-01,Atta 10kg,Grocery,Aashirvaad,80,24,LOW,156,2026-10-09
LULU-ORD-7774,LULU-TVM-01,Chicken 1kg,Meat,Suguna,202,26,LOW,46,2026-10-11
LULU-ORD-7775,LULU-CLT-01,Mango 1kg,Fruits,Local Farm,410,30,LOW,128,2026-10-15
LULU-ORD-7776,LULU-KOCHI-01,Paneer 200g,Dairy,Milma,189,8,MEDIUM,73,2026-09-23
LULU-ORD-7777,LULU-KOCHI-02,Chicken 1kg,Meat,Suguna,264,41,LOW,196,2026-10-26
LULU-ORD-7778,LULU-KOCHI-02,Banana Chips 1kg,Snacks,Local Kerala,359,11,MEDIUM,10,2026-09-26
LULU-ORD-7779,LULU-KOCHI-02,Banana Chips 1kg,Snacks,Local Kerala,188,8,MEDIUM,156,2026-09-23
LULU-ORD-7780,LULU-KOCHI-02,Milma Curd 500g,Dairy,Milma,573,33,LOW,103,2026-10-18
LULU-ORD-7781,LULU-CLT-02,Paneer 200g,Dairy,Milma,536,1,HIGH,164,2026-09-16
LULU-ORD-7782,LULU-TVM-01,Basmati Rice 5kg,Grocery,India Gate,213,24,LOW,69,2026-10-09
LULU-ORD-7783,LULU-TVM-01,Atta 10kg,Grocery,Aashirvaad,315,13,MEDIUM,173,2026-09-28
LULU-ORD-7784,LULU-KOCHI-01,Chicken 1kg,Meat,Suguna,14,27,LOW,124,2026-10-12
LULU-ORD-7785,LULU-KOCHI-02,Basmati Rice 5kg,Grocery,India Gate,344,6,MEDIUM,89,2026-09-21
LULU-ORD-7786,LULU-TVM-01,Bread Loaf,Bakery,Modern,269,25,LOW,65,2026-10-10
LULU-ORD-7787,LULU-CLT-02,Bread Loaf,Bakery,Modern,135,2,HIGH,198,2026-09-17
LULU-ORD-7788,LULU-CLT-01,Chicken 1kg,Meat,Suguna,321,4,HIGH,48,2026-09-19
LULU-ORD-7789,LULU-CLT-01,Atta 10kg,Grocery,Aashirvaad,260,13,MEDIUM,156,2026-09-28
LULU-ORD-7790,LULU-TVM-01,Bread Loaf,Bakery,Modern,386,33,LOW,190,2026-10-18
LULU-ORD-7791,LULU-CLT-01,Lulu Gold Coin,Jewellery,Lulu Gold,589,38,LOW,66,2026-10-23
LULU-ORD-7792,LULU-KOCHI-02,Bread Loaf,Bakery,Modern,474,7,MEDIUM,136,2026-09-22
LULU-ORD-7793,LULU-CLT-01,Chicken 1kg,Meat,Suguna,507,45,LOW,59,2026-10-30
LULU-ORD-7794,LULU-TVM-01,Milma Curd 500g,Dairy,Milma,363,27,LOW,125,2026-10-12
LULU-ORD-7795,LULU-CLT-01,Milma Curd 500g,Dairy,Milma,596,20,LOW,43,2026-10-05
LULU-ORD-7796,LULU-KOCHI-01,Paneer 200g,Dairy,Milma,401,1,HIGH,33,2026-09-16
LULU-ORD-7797,LULU-CLT-02,Dates 500g,Dry Fruits,Lulu Import,269,35,LOW,172,2026-10-20
LULU-ORD-7798,LULU-CLT-02,Atta 10kg,Grocery,Aashirvaad,338,14,MEDIUM,124,2026-09-29
LULU-ORD-7799,LULU-CLT-01,Dates 500g,Dry Fruits,Lulu Import,582,17,LOW,152,2026-10-02
LULU-ORD-7800,LULU-KOCHI-02,Lulu Gold Coin,Jewellery,Lulu Gold,423,30,LOW,180,2026-10-15
LULU-ORD-7801,LULU-KOCHI-02,Dates 500g,Dry Fruits,Lulu Import,72,1,MEDIUM,81,2026-09-16
LULU-ORD-7802,LULU-TVM-01,Basmati Rice 5kg,Grocery,India Gate,327,21,LOW,193,2026-10-06
LULU-ORD-7803,LULU-KOCHI-02,Lulu Gold Coin,Jewellery,Lulu Gold,248,6,MEDIUM,70,2026-09-21
LULU-ORD-7804,LULU-CLT-02,Milma Curd 500g,Dairy,Milma,243,15,MEDIUM,77,2026-09-30
LULU-ORD-7805,LULU-KOCHI-01,Mango 1kg,Fruits,Local Farm,440,29,LOW,137,2026-10-14
LULU-ORD-7806,LULU-CLT-01,Paneer 200g,Dairy,Milma,358,8,MEDIUM,87,2026-09-23
LULU-ORD-7807,LULU-CLT-01,Atta 10kg,Grocery,Aashirvaad,297,35,LOW,160,2026-10-20
LULU-ORD-7808,LULU-CLT-01,Paneer 200g,Dairy,Milma,459,14,MEDIUM,148,2026-09-29
LULU-ORD-7809,LULU-CLT-01,Chicken 1kg,Meat,Suguna,362,25,LOW,97,2026-10-10
LULU-ORD-7810,LULU-CLT-01,Paneer 200g,Dairy,Milma,176,31,LOW,126,2026-10-16
LULU-ORD-7811,LULU-KOCHI-01,Mango 1kg,Fruits,Local Farm,378,38,LOW,132,2026-10-23
LULU-ORD-7812,LULU-CLT-01,Dates 500g,Dry Fruits,Lulu Import,130,7,MEDIUM,23,2026-09-22
LULU-ORD-7813,LULU-KOCHI-02,Lulu Gold Coin,Jewellery,Lulu Gold,599,31,LOW,88,2026-10-16
LULU-ORD-7814,LULU-KOCHI-01,Lulu Gold Coin,Jewellery,Lulu Gold,380,19,LOW,117,2026-10-04
LULU-ORD-7815,LULU-TVM-01,Bread Loaf,Bakery,Modern,482,10,MEDIUM,154,2026-09-25
LULU-ORD-7816,LULU-KOCHI-02,Lulu Gold Coin,Jewellery,Lulu Gold,165,11,MEDIUM,184,2026-09-26
LULU-ORD-7817,LULU-TVM-01,Mango 1kg,Fruits,Local Farm,225,19,LOW,96,2026-10-04
LULU-ORD-7818,LULU-TVM-01,Paneer 200g,Dairy,Milma,35,14,LOW,12,2026-09-29
LULU-ORD-7819,LULU-KOCHI-02,Mango 1kg,Fruits,Local Farm,529,17,LOW,145,2026-10-02
LULU-ORD-7820,LULU-KOCHI-02,Bread Loaf,Bakery,Modern,436,1,HIGH,107,2026-09-16
LULU-ORD-7821,LULU-KOCHI-02,Mango 1kg,Fruits,Local Farm,196,42,LOW,27,2026-10-27
LULU-ORD-7822,LULU-KOCHI-02,Basmati Rice 5kg,Grocery,India Gate,541,9,MEDIUM,150,2026-09-24
LULU-ORD-7823,LULU-KOCHI-02,Lulu Gold Coin,Jewellery,Lulu Gold,44,40,LOW,122,2026-10-25
LULU-ORD-7824,LULU-KOCHI-01,Lulu Gold Coin,Jewellery,Lulu Gold,459,39,LOW,129,2026-10-24
LULU-ORD-7825,LULU-TVM-01,Milma Curd 500g,Dairy,Milma,220,37,LOW,114,2026-10-22
LULU-ORD-7826,LULU-KOCHI-02,Banana Chips 1kg,Snacks,Local Kerala,395,15,MEDIUM,129,2026-09-30
LULU-ORD-7827,LULU-CLT-01,Mango 1kg,Fruits,Local Farm,198,29,LOW,181,2026-10-14
LULU-ORD-7828,LULU-CLT-02,Chicken 1kg,Meat,Suguna,66,29,LOW,101,2026-10-14
LULU-ORD-7829,LULU-TVM-01,Chicken 1kg,Meat,Suguna,143,36,LOW,117,2026-10-21
LULU-ORD-7830,LULU-CLT-01,Banana Chips 1kg,Snacks,Local Kerala,201,43,LOW,114,2026-10-28
LULU-ORD-7831,LULU-CLT-02,Atta 10kg,Grocery,Aashirvaad,181,19,LOW,51,2026-10-04
LULU-ORD-7832,LULU-CLT-02,Basmati Rice 5kg,Grocery,India Gate,207,44,LOW,23,2026-10-29
LULU-ORD-7833,LULU-TVM-01,Banana Chips 1kg,Snacks,Local Kerala,230,40,LOW,68,2026-10-25
LULU-ORD-7834,LULU-CLT-01,Paneer 200g,Dairy,Milma,296,25,LOW,112,2026-10-10
LULU-ORD-7835,LULU-KOCHI-01,Milma Curd 500g,Dairy,Milma,396,37,LOW,191,2026-10-22
LULU-ORD-7836,LULU-TVM-01,Basmati Rice 5kg,Grocery,India Gate,12,26,LOW,98,2026-10-11
LULU-ORD-7837,LULU-KOCHI-02,Banana Chips 1kg,Snacks,Local Kerala,205,22,LOW,147,2026-10-07
LULU-ORD-7838,LULU-TVM-01,Dates 500g,Dry Fruits,Lulu Import,340,9,MEDIUM,88,2026-09-24
LULU-ORD-7839,LULU-KOCHI-01,Chicken 1kg,Meat,Suguna,149,33,LOW,72,2026-10-18
LULU-ORD-7840,LULU-KOCHI-02,Lulu Gold Coin,Jewellery,Lulu Gold,59,3,MEDIUM,77,2026-09-18
LULU-ORD-7841,LULU-KOCHI-01,Paneer 200g,Dairy,Milma,553,36,LOW,83,2026-10-21
LULU-ORD-7842,LULU-CLT-02,Atta 10kg,Grocery,Aashirvaad,500,22,LOW,37,2026-10-07
LULU-ORD-7843,LULU-KOCHI-01,Chicken 1kg,Meat,Suguna,542,1,HIGH,52,2026-09-16
LULU-ORD-7844,LULU-CLT-02,Bread Loaf,Bakery,Modern,368,20,LOW,145,2026-10-05
LULU-ORD-7845,LULU-KOCHI-02,Milma Curd 500g,Dairy,Milma,341,16,LOW,115,2026-10-01
LULU-ORD-7846,LULU-KOCHI-01,Paneer 200g,Dairy,Milma,145,24,LOW,17,2026-10-09
LULU-ORD-7847,LULU-TVM-01,Lulu Gold Coin,Jewellery,Lulu Gold,580,28,LOW,145,2026-10-13
LULU-ORD-7848,LULU-CLT-01,Lulu Gold Coin,Jewellery,Lulu Gold,567,26,LOW,183,2026-10-11
LULU-ORD-7849,LULU-TVM-01,Banana Chips 1kg,Snacks,Local Kerala,53,15,MEDIUM,43,2026-09-30
LULU-ORD-7850,LULU-CLT-01,Banana Chips 1kg,Snacks,Local Kerala,135,16,LOW,133,2026-10-01
LULU-ORD-7851,LULU-KOCHI-01,Milma Curd 500g,Dairy,Milma,105,40,LOW,153,2026-10-25
LULU-ORD-7852,LULU-TVM-01,Dates 500g,Dry Fruits,Lulu Import,434,14,MEDIUM,157,2026-09-29
LULU-ORD-7853,LULU-TVM-01,Banana Chips 1kg,Snacks,Local Kerala,562,31,LOW,144,2026-10-16
LULU-ORD-7854,LULU-KOCHI-02,Lulu Gold Coin,Jewellery,Lulu Gold,173,34,LOW,61,2026-10-19
LULU-ORD-7855,LULU-KOCHI-01,Chicken 1kg,Meat,Suguna,267,11,MEDIUM,155,2026-09-26
LULU-ORD-7856,LULU-TVM-01,Bread Loaf,Bakery,Modern,428,12,MEDIUM,38,2026-09-27
LULU-ORD-7857,LULU-KOCHI-01,Lulu Gold Coin,Jewellery,Lulu Gold,411,20,LOW,39,2026-10-05
LULU-ORD-7858,LULU-CLT-02,Dates 500g,Dry Fruits,Lulu Import,18,16,LOW,56,2026-10-01
LULU-ORD-7859,LULU-CLT-01,Atta 10kg,Grocery,Aashirvaad,580,33,LOW,130,2026-10-18
LULU-ORD-7860,LULU-CLT-01,Milma Curd 500g,Dairy,Milma,29,21,LOW,189,2026-10-06
LULU-ORD-7861,LULU-KOCHI-02,Milma Curd 500g,Dairy,Milma,193,34,LOW,89,2026-10-19
LULU-ORD-7862,LULU-CLT-01,Bread Loaf,Bakery,Modern,91,10,MEDIUM,47,2026-09-25
LULU-ORD-7863,LULU-KOCHI-02,Banana Chips 1kg,Snacks,Local Kerala,13,6,LOW,102,2026-09-21
LULU-ORD-7864,LULU-CLT-01,Paneer 200g,Dairy,Milma,385,18,LOW,111,2026-10-03
LULU-ORD-7865,LULU-TVM-01,Paneer 200g,Dairy,Milma,552,32,LOW,45,2026-10-17
LULU-ORD-7866,LULU-KOCHI-02,Chicken 1kg,Meat,Suguna,66,18,LOW,116,2026-10-03
LULU-ORD-7867,LULU-CLT-01,Banana Chips 1kg,Snacks,Local Kerala,487,21,LOW,35,2026-10-06
LULU-ORD-7868,LULU-TVM-01,Bread Loaf,Bakery,Modern,185,26,LOW,124,2026-10-11
LULU-ORD-7869,LULU-CLT-01,Paneer 200g,Dairy,Milma,292,11,MEDIUM,68,2026-09-26
LULU-ORD-7870,LULU-TVM-01,Dates 500g,Dry Fruits,Lulu Import,66,31,LOW,97,2026-10-16
LULU-ORD-7871,LULU-CLT-02,Paneer 200g,Dairy,Milma,565,13,MEDIUM,13,2026-09-28
LULU-ORD-7872,LULU-KOCHI-02,Mango 1kg,Fruits,Local Farm,391,33,LOW,46,2026-10-18
LULU-ORD-7873,LULU-KOCHI-02,Basmati Rice 5kg,Grocery,India Gate,578,14,MEDIUM,146,2026-09-29
LULU-ORD-7874,LULU-CLT-01,Milma Curd 500g,Dairy,Milma,446,4,HIGH,76,2026-09-19
LULU-ORD-7875,LULU-CLT-02,Bread Loaf,Bakery,Modern,466,39,LOW,68,2026-10-24
LULU-ORD-7876,LULU-CLT-01,Banana Chips 1kg,Snacks,Local Kerala,420,32,LOW,78,2026-10-17
LULU-ORD-7877,LULU-CLT-01,Atta 10kg,Grocery,Aashirvaad,360,33,LOW,168,2026-10-18
LULU-ORD-7878,LULU-KOCHI-01,Lulu Gold Coin,Jewellery,Lulu Gold,17,7,LOW,21,2026-09-22
LULU-ORD-7879,LULU-KOCHI-02,Chicken 1kg,Meat,Suguna,589,28,LOW,165,2026-10-13
LULU-ORD-7880,LULU-TVM-01,Lulu Gold Coin,Jewellery,Lulu Gold,145,2,HIGH,43,2026-09-17
LULU-ORD-7881,LULU-CLT-02,Bread Loaf,Bakery,Modern,85,37,LOW,21,2026-10-22
LULU-ORD-7882,LULU-TVM-01,Chicken 1kg,Meat,Suguna,585,10,MEDIUM,195,2026-09-25
LULU-ORD-7883,LULU-CLT-02,Bread Loaf,Bakery,Modern,139,16,LOW,190,2026-10-01
LULU-ORD-7884,LULU-CLT-01,Banana Chips 1kg,Snacks,Local Kerala,588,29,LOW,78,2026-10-14
LULU-ORD-7885,LULU-TVM-01,Mango 1kg,Fruits,Local Farm,212,31,LOW,97,2026-10-16
LULU-ORD-7886,LULU-CLT-01,Atta 10kg,Grocery,Aashirvaad,175,38,LOW,97,2026-10-23
LULU-ORD-7887,LULU-CLT-01,Atta 10kg,Grocery,Aashirvaad,390,21,LOW,29,2026-10-06
LULU-ORD-7888,LULU-KOCHI-02,Dates 500g,Dry Fruits,Lulu Import,226,39,LOW,31,2026-10-24
LULU-ORD-7889,LULU-KOCHI-02,Paneer 200g,Dairy,Milma,178,2,HIGH,95,2026-09-17
LULU-ORD-7890,LULU-CLT-01,Lulu Gold Coin,Jewellery,Lulu Gold,319,45,LOW,89,2026-10-30
LULU-ORD-7891,LULU-KOCHI-02,Banana Chips 1kg,Snacks,Local Kerala,316,36,LOW,70,2026-10-21
LULU-ORD-7892,LULU-KOCHI-02,Mango 1kg,Fruits,Local Farm,431,11,MEDIUM,43,2026-09-26
LULU-ORD-7893,LULU-TVM-01,Bread Loaf,Bakery,Modern,91,34,LOW,70,2026-10-19
LULU-ORD-7894,LULU-TVM-01,Chicken 1kg,Meat,Suguna,192,20,LOW,130,2026-10-05
LULU-ORD-7895,LULU-KOCHI-02,Lulu Gold Coin,Jewellery,Lulu Gold,251,42,LOW,191,2026-10-27
LULU-ORD-7896,LULU-KOCHI-01,Lulu Gold Coin,Jewellery,Lulu Gold,501,11,MEDIUM,86,2026-09-26
LULU-ORD-7897,LULU-KOCHI-01,Basmati Rice 5kg,Grocery,India Gate,323,13,MEDIUM,87,2026-09-28
LULU-ORD-7898,LULU-KOCHI-02,Mango 1kg,Fruits,Local Farm,483,34,LOW,52,2026-10-19
LULU-ORD-7899,LULU-KOCHI-02,Mango 1kg,Fruits,Local Farm,395,24,LOW,38,2026-10-09
LULU-ORD-7900,LULU-CLT-02,Bread Loaf,Bakery,Modern,425,20,LOW,142,2026-10-05
LULU-ORD-7901,LULU-TVM-01,Milma Curd 500g,Dairy,Milma,170,40,LOW,22,2026-10-25
LULU-ORD-7902,LULU-CLT-01,Basmati Rice 5kg,Grocery,India Gate,286,35,LOW,174,2026-10-20
LULU-ORD-7903,LULU-KOCHI-02,Paneer 200g,Dairy,Milma,138,19,LOW,158,2026-10-04
LULU-ORD-7904,LULU-CLT-01,Dates 500g,Dry Fruits,Lulu Import,61,41,LOW,194,2026-10-26
LULU-ORD-7905,LULU-CLT-01,Milma Curd 500g,Dairy,Milma,591,19,LOW,163,2026-10-04
LULU-ORD-7906,LULU-KOCHI-01,Chicken 1kg,Meat,Suguna,439,45,LOW,133,2026-10-30
LULU-ORD-7907,LULU-CLT-02,Basmati Rice 5kg,Grocery,India Gate,499,27,LOW,83,2026-10-12
LULU-ORD-7908,LULU-CLT-02,Banana Chips 1kg,Snacks,Local Kerala,425,25,LOW,42,2026-10-10
LULU-ORD-7909,LULU-CLT-02,Bread Loaf,Bakery,Modern,277,39,LOW,18,2026-10-24
LULU-ORD-7910,LULU-CLT-02,Basmati Rice 5kg,Grocery,India Gate,432,39,LOW,23,2026-10-24
LULU-ORD-7911,LULU-CLT-01,Mango 1kg,Fruits,Local Farm,96,18,LOW,35,2026-10-03
LULU-ORD-7912,LULU-CLT-02,Bread Loaf,Bakery,Modern,161,30,LOW,37,2026-10-15
LULU-ORD-7913,LULU-CLT-02,Chicken 1kg,Meat,Suguna,481,12,MEDIUM,111,2026-09-27
LULU-ORD-7914,LULU-KOCHI-02,Paneer 200g,Dairy,Milma,77,17,LOW,94,2026-10-02
LULU-ORD-7915,LULU-CLT-01,Dates 500g,Dry Fruits,Lulu Import,595,1,HIGH,172,2026-09-16
LULU-ORD-7916,LULU-CLT-02,Chicken 1kg,Meat,Suguna,544,18,LOW,166,2026-10-03
LULU-ORD-7917,LULU-TVM-01,Basmati Rice 5kg,Grocery,India Gate,232,22,LOW,145,2026-10-07
LULU-ORD-7918,LULU-CLT-02,Paneer 200g,Dairy,Milma,469,20,LOW,50,2026-10-05
LULU-ORD-7919,LULU-CLT-02,Mango 1kg,Fruits,Local Farm,561,41,LOW,175,2026-10-26
LULU-ORD-7920,LULU-KOCHI-02,Bread Loaf,Bakery,Modern,437,44,LOW,187,2026-10-29
LULU-ORD-7921,LULU-KOCHI-01,Lulu Gold Coin,Jewellery,Lulu Gold,498,6,MEDIUM,73,2026-09-21
LULU-ORD-7922,LULU-CLT-02,Mango 1kg,Fruits,Local Farm,30,11,LOW,120,2026-09-26
LULU-ORD-7923,LULU-CLT-02,Banana Chips 1kg,Snacks,Local Kerala,318,30,LOW,113,2026-10-15
LULU-ORD-7924,LULU-CLT-02,Bread Loaf,Bakery,Modern,20,3,LOW,46,2026-09-18
LULU-ORD-7925,LULU-TVM-01,Mango 1kg,Fruits,Local Farm,586,2,HIGH,19,2026-09-17
LULU-ORD-7926,LULU-KOCHI-02,Milma Curd 500g,Dairy,Milma,452,20,LOW,114,2026-10-05
LULU-ORD-7927,LULU-CLT-02,Chicken 1kg,Meat,Suguna,329,20,LOW,125,2026-10-05
LULU-ORD-7928,LULU-KOCHI-01,Atta 10kg,Grocery,Aashirvaad,510,16,LOW,91,2026-10-01
LULU-ORD-7929,LULU-CLT-02,Paneer 200g,Dairy,Milma,63,19,LOW,174,2026-10-04
LULU-ORD-7930,LULU-TVM-01,Basmati Rice 5kg,Grocery,India Gate,137,26,LOW,136,2026-10-11
LULU-ORD-7931,LULU-KOCHI-02,Mango 1kg,Fruits,Local Farm,157,4,HIGH,123,2026-09-19
LULU-ORD-7932,LULU-CLT-02,Bread Loaf,Bakery,Modern,284,37,LOW,169,2026-10-22
LULU-ORD-7933,LULU-TVM-01,Basmati Rice 5kg,Grocery,India Gate,323,15,MEDIUM,112,2026-09-30
LULU-ORD-7934,LULU-KOCHI-01,Mango 1kg,Fruits,Local Farm,29,18,LOW,64,2026-10-03
LULU-ORD-7935,LULU-KOCHI-01,Mango 1kg,Fruits,Local Farm,197,45,LOW,54,2026-10-30
LULU-ORD-7936,LULU-CLT-02,Atta 10kg,Grocery,Aashirvaad,490,36,LOW,95,2026-10-21
LULU-ORD-7937,LULU-TVM-01,Lulu Gold Coin,Jewellery,Lulu Gold,212,16,LOW,35,2026-10-01
LULU-ORD-7938,LULU-KOCHI-02,Basmati Rice 5kg,Grocery,India Gate,262,2,HIGH,69,2026-09-17
LULU-ORD-7939,LULU-CLT-02,Paneer 200g,Dairy,Milma,358,16,LOW,22,2026-10-01
LULU-ORD-7940,LULU-KOCHI-01,Banana Chips 1kg,Snacks,Local Kerala,245,28,LOW,35,2026-10-13
LULU-ORD-7941,LULU-KOCHI-02,Banana Chips 1kg,Snacks,Local Kerala,166,19,LOW,74,2026-10-04
LULU-ORD-7942,LULU-KOCHI-01,Milma Curd 500g,Dairy,Milma,593,35,LOW,58,2026-10-20
LULU-ORD-7943,LULU-CLT-02,Lulu Gold Coin,Jewellery,Lulu Gold,171,4,HIGH,68,2026-09-19
LULU-ORD-7944,LULU-CLT-01,Bread Loaf,Bakery,Modern,55,21,LOW,112,2026-10-06
LULU-ORD-7945,LULU-CLT-02,Milma Curd 500g,Dairy,Milma,138,16,LOW,93,2026-10-01
LULU-ORD-7946,LULU-CLT-01,Chicken 1kg,Meat,Suguna,39,32,LOW,103,2026-10-17
LULU-ORD-7947,LULU-KOCHI-02,Bread Loaf,Bakery,Modern,342,35,LOW,23,2026-10-20
LULU-ORD-7948,LULU-CLT-01,Mango 1kg,Fruits,Local Farm,283,41,LOW,79,2026-10-26
LULU-ORD-7949,LULU-KOCHI-01,Banana Chips 1kg,Snacks,Local Kerala,165,42,LOW,97,2026-10-27
LULU-ORD-7950,LULU-CLT-01,Dates 500g,Dry Fruits,Lulu Import,322,5,HIGH,161,2026-09-20
LULU-ORD-7951,LULU-KOCHI-01,Mango 1kg,Fruits,Local Farm,170,24,LOW,32,2026-10-09
LULU-ORD-7952,LULU-TVM-01,Banana Chips 1kg,Snacks,Local Kerala,338,15,MEDIUM,19,2026-09-30
LULU-ORD-7953,LULU-TVM-01,Lulu Gold Coin,Jewellery,Lulu Gold,539,5,HIGH,33,2026-09-20
LULU-ORD-7954,LULU-KOCHI-01,Basmati Rice 5kg,Grocery,India Gate,363,2,HIGH,193,2026-09-17
LULU-ORD-7955,LULU-KOCHI-01,Basmati Rice 5kg,Grocery,India Gate,327,40,LOW,27,2026-10-25
LULU-ORD-7956,LULU-KOCHI-01,Mango 1kg,Fruits,Local Farm,491,8,MEDIUM,187,2026-09-23
LULU-ORD-7957,LULU-KOCHI-02,Lulu Gold Coin,Jewellery,Lulu Gold,331,23,LOW,41,2026-10-08
LULU-ORD-7958,LULU-CLT-02,Dates 500g,Dry Fruits,Lulu Import,452,15,MEDIUM,141,2026-09-30
LULU-ORD-7959,LULU-CLT-02,Banana Chips 1kg,Snacks,Local Kerala,294,27,LOW,14,2026-10-12
LULU-ORD-7960,LULU-CLT-02,Dates 500g,Dry Fruits,Lulu Import,133,27,LOW,29,2026-10-12
LULU-ORD-7961,LULU-CLT-02,Atta 10kg,Grocery,Aashirvaad,383,28,LOW,90,2026-10-13
LULU-ORD-7962,LULU-KOCHI-02,Banana Chips 1kg,Snacks,Local Kerala,19,1,LOW,121,2026-09-16
LULU-ORD-7963,LULU-KOCHI-01,Chicken 1kg,Meat,Suguna,330,3,HIGH,49,2026-09-18
LULU-ORD-7964,LULU-TVM-01,Milma Curd 500g,Dairy,Milma,331,39,LOW,178,2026-10-24
LULU-ORD-7965,LULU-KOCHI-02,Dates 500g,Dry Fruits,Lulu Import,522,23,LOW,162,2026-10-08
LULU-ORD-7966,LULU-KOCHI-01,Lulu Gold Coin,Jewellery,Lulu Gold,481,5,HIGH,58,2026-09-20
LULU-ORD-7967,LULU-TVM-01,Basmati Rice 5kg,Grocery,India Gate,442,2,HIGH,20,2026-09-17
LULU-ORD-7968,LULU-CLT-01,Mango 1kg,Fruits,Local Farm,48,7,LOW,30,2026-09-22
LULU-ORD-7969,LULU-CLT-01,Paneer 200g,Dairy,Milma,437,7,MEDIUM,197,2026-09-22
LULU-ORD-7970,LULU-TVM-01,Basmati Rice 5kg,Grocery,India Gate,162,32,LOW,144,2026-10-17
LULU-ORD-7971,LULU-TVM-01,Atta 10kg,Grocery,Aashirvaad,580,7,MEDIUM,162,2026-09-22
LULU-ORD-7972,LULU-KOCHI-02,Basmati Rice 5kg,Grocery,India Gate,49,18,LOW,178,2026-10-03
LULU-ORD-7973,LULU-TVM-01,Chicken 1kg,Meat,Suguna,405,16,LOW,143,2026-10-01
LULU-ORD-7974,LULU-KOCHI-02,Chicken 1kg,Meat,Suguna,427,33,LOW,191,2026-10-18
LULU-ORD-7975,LULU-TVM-01,Atta 10kg,Grocery,Aashirvaad,370,6,MEDIUM,185,2026-09-21
LULU-ORD-7976,LULU-CLT-01,Bread Loaf,Bakery,Modern,440,39,LOW,99,2026-10-24
LULU-ORD-7977,LULU-KOCHI-02,Milma Curd 500g,Dairy,Milma,400,22,LOW,152,2026-10-07
LULU-ORD-7978,LULU-KOCHI-02,Atta 10kg,Grocery,Aashirvaad,174,25,LOW,55,2026-10-10
LULU-ORD-7979,LULU-KOCHI-02,Atta 10kg,Grocery,Aashirvaad,45,1,LOW,49,2026-09-16
LULU-ORD-7980,LULU-TVM-01,Lulu Gold Coin,Jewellery,Lulu Gold,170,1,HIGH,38,2026-09-16
LULU-ORD-7981,LULU-CLT-02,Paneer 200g,Dairy,Milma,468,10,MEDIUM,127,2026-09-25
LULU-ORD-7982,LULU-KOCHI-01,Basmati Rice 5kg,Grocery,India Gate,370,27,LOW,14,2026-10-12
LULU-ORD-7983,LULU-CLT-01,Lulu Gold Coin,Jewellery,Lulu Gold,538,15,MEDIUM,146,2026-09-30
LULU-ORD-7984,LULU-TVM-01,Basmati Rice 5kg,Grocery,India Gate,60,26,LOW,123,2026-10-11
LULU-ORD-7985,LULU-CLT-01,Atta 10kg,Grocery,Aashirvaad,593,24,LOW,174,2026-10-09
LULU-ORD-7986,LULU-TVM-01,Paneer 200g,Dairy,Milma,364,19,LOW,150,2026-10-04
LULU-ORD-7987,LULU-CLT-01,Basmati Rice 5kg,Grocery,India Gate,431,30,LOW,76,2026-10-15
LULU-ORD-7988,LULU-TVM-01,Dates 500g,Dry Fruits,Lulu Import,502,17,LOW,19,2026-10-02
LULU-ORD-7989,LULU-TVM-01,Dates 500g,Dry Fruits,Lulu Import,398,34,LOW,195,2026-10-19
LULU-ORD-7990,LULU-CLT-01,Dates 500g,Dry Fruits,Lulu Import,470,24,LOW,153,2026-10-09
LULU-ORD-7991,LULU-CLT-01,Bread Loaf,Bakery,Modern,513,7,MEDIUM,118,2026-09-22
LULU-ORD-7992,LULU-CLT-01,Paneer 200g,Dairy,Milma,372,28,LOW,99,2026-10-13
LULU-ORD-7993,LULU-CLT-02,Mango 1kg,Fruits,Local Farm,384,26,LOW,87,2026-10-11
LULU-ORD-7994,LULU-CLT-01,Basmati Rice 5kg,Grocery,India Gate,101,33,LOW,170,2026-10-18
LULU-ORD-7995,LULU-CLT-02,Lulu Gold Coin,Jewellery,Lulu Gold,224,38,LOW,14,2026-10-23
LULU-ORD-7996,LULU-TVM-01,Milma Curd 500g,Dairy,Milma,147,23,LOW,98,2026-10-08
LULU-ORD-7997,LULU-CLT-02,Dates 500g,Dry Fruits,Lulu Import,349,14,MEDIUM,130,2026-09-29
LULU-ORD-7998,LULU-CLT-01,Lulu Gold Coin,Jewellery,Lulu Gold,503,16,LOW,183,2026-10-01
LULU-ORD-7999,LULU-KOCHI-02,Basmati Rice 5kg,Grocery,India Gate,111,25,LOW,186,2026-10-10
LULU-ORD-8000,LULU-TVM-01,Atta 10kg,Grocery,Aashirvaad,502,7,MEDIUM,51,2026-09-22
LULU-ORD-8001,LULU-KOCHI-01,Dates 500g,Dry Fruits,Lulu Import,120,24,LOW,150,2026-10-09
LULU-ORD-8002,LULU-CLT-01,Lulu Gold Coin,Jewellery,Lulu Gold,167,1,HIGH,46,2026-09-16
LULU-ORD-8003,LULU-KOCHI-01,Paneer 200g,Dairy,Milma,68,9,MEDIUM,84,2026-09-24
LULU-ORD-8004,LULU-CLT-01,Bread Loaf,Bakery,Modern,338,2,HIGH,97,2026-09-17
LULU-ORD-8005,LULU-CLT-01,Paneer 200g,Dairy,Milma,42,33,LOW,180,2026-10-18
LULU-ORD-8006,LULU-TVM-01,Mango 1kg,Fruits,Local Farm,573,14,MEDIUM,136,2026-09-29
LULU-ORD-8007,LULU-TVM-01,Dates 500g,Dry Fruits,Lulu Import,479,16,LOW,140,2026-10-01
LULU-ORD-8008,LULU-KOCHI-02,Lulu Gold Coin,Jewellery,Lulu Gold,148,20,LOW,34,2026-10-05
LULU-ORD-8009,LULU-CLT-02,Dates 500g,Dry Fruits,Lulu Import,229,1,HIGH,82,2026-09-16
LULU-ORD-8010,LULU-CLT-01,Basmati Rice 5kg,Grocery,India Gate,548,15,MEDIUM,17,2026-09-30
LULU-ORD-8011,LULU-CLT-02,Milma Curd 500g,Dairy,Milma,91,19,LOW,90,2026-10-04
LULU-ORD-8012,LULU-CLT-02,Banana Chips 1kg,Snacks,Local Kerala,324,40,LOW,14,2026-10-25
LULU-ORD-8013,LULU-KOCHI-02,Lulu Gold Coin,Jewellery,Lulu Gold,294,7,MEDIUM,155,2026-09-22
LULU-ORD-8014,LULU-KOCHI-01,Mango 1kg,Fruits,Local Farm,432,21,LOW,115,2026-10-06
LULU-ORD-8015,LULU-TVM-01,Dates 500g,Dry Fruits,Lulu Import,166,33,LOW,137,2026-10-18
LULU-ORD-8016,LULU-TVM-01,Basmati Rice 5kg,Grocery,India Gate,377,7,MEDIUM,165,2026-09-22
LULU-ORD-8017,LULU-KOCHI-01,Dates 500g,Dry Fruits,Lulu Import,170,10,MEDIUM,49,2026-09-25
LULU-ORD-8018,LULU-KOCHI-02,Lulu Gold Coin,Jewellery,Lulu Gold,345,41,LOW,24,2026-10-26
LULU-ORD-8019,LULU-CLT-02,Milma Curd 500g,Dairy,Milma,179,9,MEDIUM,19,2026-09-24
LULU-ORD-8020,LULU-CLT-01,Banana Chips 1kg,Snacks,Local Kerala,239,19,LOW,105,2026-10-04
LULU-ORD-8021,LULU-CLT-01,Dates 500g,Dry Fruits,Lulu Import,489,29,LOW,57,2026-10-14
LULU-ORD-8022,LULU-KOCHI-01,Bread Loaf,Bakery,Modern,90,43,LOW,142,2026-10-28
LULU-ORD-8023,LULU-CLT-01,Mango 1kg,Fruits,Local Farm,54,17,LOW,142,2026-10-02
LULU-ORD-8024,LULU-KOCHI-01,Banana Chips 1kg,Snacks,Local Kerala,529,1,HIGH,27,2026-09-16
LULU-ORD-8025,LULU-CLT-01,Dates 500g,Dry Fruits,Lulu Import,422,28,LOW,191,2026-10-13
LULU-ORD-8026,LULU-CLT-02,Atta 10kg,Grocery,Aashirvaad,127,12,MEDIUM,158,2026-09-27
LULU-ORD-8027,LULU-TVM-01,Banana Chips 1kg,Snacks,Local Kerala,509,34,LOW,85,2026-10-19
LULU-ORD-8028,LULU-TVM-01,Paneer 200g,Dairy,Milma,507,41,LOW,18,2026-10-26
LULU-ORD-8029,LULU-CLT-02,Mango 1kg,Fruits,Local Farm,580,25,LOW,116,2026-10-10
LULU-ORD-8030,LULU-KOCHI-02,Chicken 1kg,Meat,Suguna,344,9,MEDIUM,110,2026-09-24
LULU-ORD-8031,LULU-KOCHI-01,Mango 1kg,Fruits,Local Farm,340,36,LOW,87,2026-10-21
LULU-ORD-8032,LULU-CLT-02,Paneer 200g,Dairy,Milma,169,1,HIGH,50,2026-09-16
LULU-ORD-8033,LULU-KOCHI-01,Paneer 200g,Dairy,Milma,578,10,MEDIUM,147,2026-09-25
LULU-ORD-8034,LULU-CLT-01,Atta 10kg,Grocery,Aashirvaad,412,13,MEDIUM,72,2026-09-28
LULU-ORD-8035,LULU-CLT-01,Lulu Gold Coin,Jewellery,Lulu Gold,250,30,LOW,86,2026-10-15
LULU-ORD-8036,LULU-CLT-01,Bread Loaf,Bakery,Modern,52,15,MEDIUM,38,2026-09-30
LULU-ORD-8037,LULU-CLT-02,Atta 10kg,Grocery,Aashirvaad,42,45,LOW,107,2026-10-30
LULU-ORD-8038,LULU-CLT-01,Dates 500g,Dry Fruits,Lulu Import,134,17,LOW,164,2026-10-02
LULU-ORD-8039,LULU-CLT-01,Basmati Rice 5kg,Grocery,India Gate,597,27,LOW,108,2026-10-12
LULU-ORD-8040,LULU-KOCHI-02,Chicken 1kg,Meat,Suguna,35,17,LOW,33,2026-10-02
LULU-ORD-8041,LULU-CLT-01,Atta 10kg,Grocery,Aashirvaad,591,8,MEDIUM,158,2026-09-23
LULU-ORD-8042,LULU-KOCHI-02,Mango 1kg,Fruits,Local Farm,138,21,LOW,178,2026-10-06
LULU-ORD-8043,LULU-KOCHI-02,Mango 1kg,Fruits,Local Farm,156,20,LOW,114,2026-10-05
LULU-ORD-8044,LULU-CLT-02,Atta 10kg,Grocery,Aashirvaad,575,43,LOW,84,2026-10-28
LULU-ORD-8045,LULU-KOCHI-01,Chicken 1kg,Meat,Suguna,56,15,MEDIUM,30,2026-09-30
LULU-ORD-8046,LULU-CLT-01,Paneer 200g,Dairy,Milma,105,13,MEDIUM,142,2026-09-28
LULU-ORD-8047,LULU-CLT-01,Chicken 1kg,Meat,Suguna,123,36,LOW,89,2026-10-21
LULU-ORD-8048,LULU-CLT-02,Milma Curd 500g,Dairy,Milma,360,6,MEDIUM,50,2026-09-21
LULU-ORD-8049,LULU-TVM-01,Bread Loaf,Bakery,Modern,128,29,LOW,181,2026-10-14
LULU-ORD-8050,LULU-KOCHI-02,Milma Curd 500g,Dairy,Milma,327,20,LOW,19,2026-10-05
LULU-ORD-8051,LULU-CLT-01,Atta 10kg,Grocery,Aashirvaad,379,27,LOW,156,2026-10-12
LULU-ORD-8052,LULU-KOCHI-02,Paneer 200g,Dairy,Milma,58,25,LOW,35,2026-10-10
LULU-ORD-8053,LULU-TVM-01,Paneer 200g,Dairy,Milma,525,30,LOW,64,2026-10-15
LULU-ORD-8054,LULU-CLT-01,Chicken 1kg,Meat,Suguna,32,13,LOW,77,2026-09-28
LULU-ORD-8055,LULU-KOCHI-01,Bread Loaf,Bakery,Modern,409,18,LOW,131,2026-10-03
LULU-ORD-8056,LULU-KOCHI-01,Banana Chips 1kg,Snacks,Local Kerala,166,30,LOW,179,2026-10-15
LULU-ORD-8057,LULU-KOCHI-02,Lulu Gold Coin,Jewellery,Lulu Gold,285,4,HIGH,195,2026-09-19
LULU-ORD-8058,LULU-CLT-02,Paneer 200g,Dairy,Milma,37,15,LOW,125,2026-09-30
LULU-ORD-8059,LULU-TVM-01,Paneer 200g,Dairy,Milma,274,40,LOW,167,2026-10-25
LULU-ORD-8060,LULU-TVM-01,Atta 10kg,Grocery,Aashirvaad,470,1,HIGH,68,2026-09-16
LULU-ORD-8061,LULU-KOCHI-02,Basmati Rice 5kg,Grocery,India Gate,119,15,MEDIUM,167,2026-09-30
LULU-ORD-8062,LULU-KOCHI-02,Paneer 200g,Dairy,Milma,101,12,MEDIUM,86,2026-09-27
LULU-ORD-8063,LULU-CLT-01,Chicken 1kg,Meat,Suguna,14,25,LOW,67,2026-10-10
LULU-ORD-8064,LULU-KOCHI-01,Banana Chips 1kg,Snacks,Local Kerala,446,29,LOW,69,2026-10-14
LULU-ORD-8065,LULU-KOCHI-01,Chicken 1kg,Meat,Suguna,579,3,HIGH,135,2026-09-18
LULU-ORD-8066,LULU-CLT-01,Dates 500g,Dry Fruits,Lulu Import,257,6,MEDIUM,30,2026-09-21
LULU-ORD-8067,LULU-KOCHI-02,Milma Curd 500g,Dairy,Milma,556,39,LOW,174,2026-10-24
LULU-ORD-8068,LULU-CLT-01,Bread Loaf,Bakery,Modern,312,27,LOW,52,2026-10-12
LULU-ORD-8069,LULU-CLT-01,Bread Loaf,Bakery,Modern,241,26,LOW,109,2026-10-11
LULU-ORD-8070,LULU-KOCHI-01,Paneer 200g,Dairy,Milma,31,4,LOW,122,2026-09-19
LULU-ORD-8071,LULU-KOCHI-02,Paneer 200g,Dairy,Milma,543,26,LOW,163,2026-10-11
LULU-ORD-8072,LULU-TVM-01,Paneer 200g,Dairy,Milma,584,25,LOW,142,2026-10-10
LULU-ORD-8073,LULU-KOCHI-01,Mango 1kg,Fruits,Local Farm,288,33,LOW,142,2026-10-18
LULU-ORD-8074,LULU-CLT-02,Chicken 1kg,Meat,Suguna,488,1,HIGH,113,2026-09-16
LULU-ORD-8075,LULU-KOCHI-02,Chicken 1kg,Meat,Suguna,35,4,LOW,129,2026-09-19
LULU-ORD-8076,LULU-KOCHI-02,Milma Curd 500g,Dairy,Milma,83,29,LOW,66,2026-10-14
LULU-ORD-8077,LULU-KOCHI-01,Lulu Gold Coin,Jewellery,Lulu Gold,330,37,LOW,162,2026-10-22
LULU-ORD-8078,LULU-KOCHI-02,Basmati Rice 5kg,Grocery,India Gate,216,3,HIGH,145,2026-09-18
LULU-ORD-8079,LULU-KOCHI-02,Chicken 1kg,Meat,Suguna,123,5,HIGH,37,2026-09-20
LULU-ORD-8080,LULU-CLT-01,Mango 1kg,Fruits,Local Farm,443,4,HIGH,81,2026-09-19
LULU-ORD-8081,LULU-CLT-01,Mango 1kg,Fruits,Local Farm,34,11,LOW,78,2026-09-26
LULU-ORD-8082,LULU-KOCHI-01,Paneer 200g,Dairy,Milma,310,6,MEDIUM,95,2026-09-21
LULU-ORD-8083,LULU-KOCHI-01,Mango 1kg,Fruits,Local Farm,443,29,LOW,68,2026-10-14
LULU-ORD-8084,LULU-TVM-01,Basmati Rice 5kg,Grocery,India Gate,248,43,LOW,87,2026-10-28
LULU-ORD-8085,LULU-KOCHI-01,Mango 1kg,Fruits,Local Farm,426,45,LOW,105,2026-10-30
LULU-ORD-8086,LULU-CLT-01,Banana Chips 1kg,Snacks,Local Kerala,244,37,LOW,132,2026-10-22
LULU-ORD-8087,LULU-KOCHI-01,Milma Curd 500g,Dairy,Milma,226,15,MEDIUM,72,2026-09-30
LULU-ORD-8088,LULU-TVM-01,Milma Curd 500g,Dairy,Milma,66,20,LOW,187,2026-10-05
LULU-ORD-8089,LULU-KOCHI-02,Mango 1kg,Fruits,Local Farm,194,25,LOW,99,2026-10-10
LULU-ORD-8090,LULU-TVM-01,Basmati Rice 5kg,Grocery,India Gate,405,8,MEDIUM,132,2026-09-23
LULU-ORD-8091,LULU-KOCHI-02,Lulu Gold Coin,Jewellery,Lulu Gold,251,7,MEDIUM,65,2026-09-22
LULU-ORD-8092,LULU-CLT-02,Mango 1kg,Fruits,Local Farm,320,28,LOW,79,2026-10-13
LULU-ORD-8093,LULU-CLT-02,Atta 10kg,Grocery,Aashirvaad,517,10,MEDIUM,153,2026-09-25
LULU-ORD-8094,LULU-KOCHI-01,Bread Loaf,Bakery,Modern,548,25,LOW,179,2026-10-10
LULU-ORD-8095,LULU-KOCHI-02,Basmati Rice 5kg,Grocery,India Gate,167,31,LOW,151,2026-10-16
LULU-ORD-8096,LULU-CLT-01,Lulu Gold Coin,Jewellery,Lulu Gold,104,17,LOW,71,2026-10-02
LULU-ORD-8097,LULU-CLT-01,Paneer 200g,Dairy,Milma,600,13,MEDIUM,133,2026-09-28
LULU-ORD-8098,LULU-CLT-01,Mango 1kg,Fruits,Local Farm,409,29,LOW,120,2026-10-14
LULU-ORD-8099,LULU-TVM-01,Milma Curd 500g,Dairy,Milma,384,24,LOW,174,2026-10-09
LULU-ORD-8100,LULU-KOCHI-01,Chicken 1kg,Meat,Suguna,499,15,MEDIUM,128,2026-09-30
LULU-ORD-8101,LULU-CLT-01,Mango 1kg,Fruits,Local Farm,138,8,MEDIUM,109,2026-09-23
LULU-ORD-8102,LULU-KOCHI-02,Banana Chips 1kg,Snacks,Local Kerala,357,2,HIGH,188,2026-09-17
LULU-ORD-8103,LULU-CLT-02,Mango 1kg,Fruits,Local Farm,580,40,LOW,104,2026-10-25
LULU-ORD-8104,LULU-KOCHI-02,Paneer 200g,Dairy,Milma,412,20,LOW,63,2026-10-05
LULU-ORD-8105,LULU-TVM-01,Mango 1kg,Fruits,Local Farm,557,45,LOW,124,2026-10-30
LULU-ORD-8106,LULU-KOCHI-01,Milma Curd 500g,Dairy,Milma,114,19,LOW,102,2026-10-04
LULU-ORD-8107,LULU-TVM-01,Lulu Gold Coin,Jewellery,Lulu Gold,15,15,LOW,193,2026-09-30
LULU-ORD-8108,LULU-CLT-02,Basmati Rice 5kg,Grocery,India Gate,266,43,LOW,131,2026-10-28
LULU-ORD-8109,LULU-KOCHI-02,Chicken 1kg,Meat,Suguna,563,26,LOW,159,2026-10-11
LULU-ORD-8110,LULU-CLT-02,Banana Chips 1kg,Snacks,Local Kerala,380,21,LOW,164,2026-10-06
LULU-ORD-8111,LULU-TVM-01,Milma Curd 500g,Dairy,Milma,347,2,HIGH,54,2026-09-17
LULU-ORD-8112,LULU-CLT-01,Dates 500g,Dry Fruits,Lulu Import,64,1,MEDIUM,180,2026-09-16
LULU-ORD-8113,LULU-CLT-01,Chicken 1kg,Meat,Suguna,123,43,LOW,31,2026-10-28
LULU-ORD-8114,LULU-KOCHI-02,Bread Loaf,Bakery,Modern,444,5,HIGH,28,2026-09-20
LULU-ORD-8115,LULU-TVM-01,Mango 1kg,Fruits,Local Farm,480,13,MEDIUM,76,2026-09-28
LULU-ORD-8116,LULU-CLT-02,Paneer 200g,Dairy,Milma,536,6,MEDIUM,32,2026-09-21
LULU-ORD-8117,LULU-TVM-01,Basmati Rice 5kg,Grocery,India Gate,11,4,LOW,141,2026-09-19
LULU-ORD-8118,LULU-KOCHI-01,Banana Chips 1kg,Snacks,Local Kerala,207,34,LOW,180,2026-10-19
LULU-ORD-8119,LULU-CLT-01,Dates 500g,Dry Fruits,Lulu Import,596,40,LOW,184,2026-10-25
LULU-ORD-8120,LULU-CLT-02,Atta 10kg,Grocery,Aashirvaad,424,31,LOW,60,2026-10-16
LULU-ORD-8121,LULU-KOCHI-01,Basmati Rice 5kg,Grocery,India Gate,85,4,MEDIUM,180,2026-09-19
LULU-ORD-8122,LULU-KOCHI-02,Paneer 200g,Dairy,Milma,551,8,MEDIUM,183,2026-09-23
LULU-ORD-8123,LULU-KOCHI-02,Lulu Gold Coin,Jewellery,Lulu Gold,260,41,LOW,102,2026-10-26
LULU-ORD-8124,LULU-TVM-01,Bread Loaf,Bakery,Modern,439,5,HIGH,45,2026-09-20
LULU-ORD-8125,LULU-TVM-01,Banana Chips 1kg,Snacks,Local Kerala,83,34,LOW,44,2026-10-19
LULU-ORD-8126,LULU-CLT-02,Banana Chips 1kg,Snacks,Local Kerala,31,27,LOW,30,2026-10-12
LULU-ORD-8127,LULU-CLT-01,Atta 10kg,Grocery,Aashirvaad,417,19,LOW,133,2026-10-04
LULU-ORD-8128,LULU-CLT-02,Dates 500g,Dry Fruits,Lulu Import,74,41,LOW,17,2026-10-26
LULU-ORD-8129,LULU-KOCHI-01,Banana Chips 1kg,Snacks,Local Kerala,204,27,LOW,39,2026-10-12
LULU-ORD-8130,LULU-TVM-01,Dates 500g,Dry Fruits,Lulu Import,254,28,LOW,58,2026-10-13
LULU-ORD-8131,LULU-KOCHI-02,Bread Loaf,Bakery,Modern,77,27,LOW,121,2026-10-12
LULU-ORD-8132,LULU-CLT-02,Paneer 200g,Dairy,Milma,25,16,LOW,67,2026-10-01
LULU-ORD-8133,LULU-CLT-02,Mango 1kg,Fruits,Local Farm,79,37,LOW,178,2026-10-22
LULU-ORD-8134,LULU-TVM-01,Banana Chips 1kg,Snacks,Local Kerala,361,9,MEDIUM,48,2026-09-24
LULU-ORD-8135,LULU-CLT-02,Dates 500g,Dry Fruits,Lulu Import,475,7,MEDIUM,107,2026-09-22
LULU-ORD-8136,LULU-TVM-01,Mango 1kg,Fruits,Local Farm,256,30,LOW,76,2026-10-15
LULU-ORD-8137,LULU-CLT-02,Mango 1kg,Fruits,Local Farm,591,21,LOW,57,2026-10-06
LULU-ORD-8138,LULU-KOCHI-02,Bread Loaf,Bakery,Modern,199,40,LOW,75,2026-10-25
LULU-ORD-8139,LULU-TVM-01,Paneer 200g,Dairy,Milma,318,44,LOW,81,2026-10-29
LULU-ORD-8140,LULU-KOCHI-02,Basmati Rice 5kg,Grocery,India Gate,449,35,LOW,139,2026-10-20
LULU-ORD-8141,LULU-KOCHI-01,Chicken 1kg,Meat,Suguna,128,5,HIGH,66,2026-09-20
LULU-ORD-8142,LULU-KOCHI-01,Basmati Rice 5kg,Grocery,India Gate,57,28,LOW,16,2026-10-13
LULU-ORD-8143,LULU-KOCHI-01,Mango 1kg,Fruits,Local Farm,542,2,HIGH,153,2026-09-17
LULU-ORD-8144,LULU-KOCHI-01,Lulu Gold Coin,Jewellery,Lulu Gold,500,6,MEDIUM,91,2026-09-21
LULU-ORD-8145,LULU-KOCHI-02,Bread Loaf,Bakery,Modern,67,41,LOW,188,2026-10-26
LULU-ORD-8146,LULU-KOCHI-02,Banana Chips 1kg,Snacks,Local Kerala,503,34,LOW,166,2026-10-19
LULU-ORD-8147,LULU-TVM-01,Milma Curd 500g,Dairy,Milma,185,23,LOW,35,2026-10-08
LULU-ORD-8148,LULU-KOCHI-02,Banana Chips 1kg,Snacks,Local Kerala,26,18,LOW,70,2026-10-03
LULU-ORD-8149,LULU-KOCHI-02,Lulu Gold Coin,Jewellery,Lulu Gold,182,8,MEDIUM,55,2026-09-23
LULU-ORD-8150,LULU-CLT-02,Dates 500g,Dry Fruits,Lulu Import,414,2,HIGH,47,2026-09-17
LULU-ORD-8151,LULU-KOCHI-01,Basmati Rice 5kg,Grocery,India Gate,341,33,LOW,28,2026-10-18
LULU-ORD-8152,LULU-TVM-01,Atta 10kg,Grocery,Aashirvaad,16,12,LOW,91,2026-09-27
LULU-ORD-8153,LULU-KOCHI-02,Bread Loaf,Bakery,Modern,591,32,LOW,68,2026-10-17
LULU-ORD-8154,LULU-TVM-01,Lulu Gold Coin,Jewellery,Lulu Gold,594,13,MEDIUM,101,2026-09-28
LULU-ORD-8155,LULU-CLT-01,Lulu Gold Coin,Jewellery,Lulu Gold,333,23,LOW,154,2026-10-08
LULU-ORD-8156,LULU-KOCHI-01,Banana Chips 1kg,Snacks,Local Kerala,270,29,LOW,184,2026-10-14
LULU-ORD-8157,LULU-KOCHI-02,Chicken 1kg,Meat,Suguna,85,5,MEDIUM,182,2026-09-20
LULU-ORD-8158,LULU-CLT-01,Basmati Rice 5kg,Grocery,India Gate,410,30,LOW,65,2026-10-15
LULU-ORD-8159,LULU-KOCHI-01,Atta 10kg,Grocery,Aashirvaad,445,10,MEDIUM,110,2026-09-25
LULU-ORD-8160,LULU-CLT-01,Lulu Gold Coin,Jewellery,Lulu Gold,451,7,MEDIUM,51,2026-09-22
LULU-ORD-8161,LULU-CLT-02,Bread Loaf,Bakery,Modern,578,19,LOW,62,2026-10-04
LULU-ORD-8162,LULU-TVM-01,Basmati Rice 5kg,Grocery,India Gate,41,1,LOW,20,2026-09-16
LULU-ORD-8163,LULU-CLT-01,Bread Loaf,Bakery,Modern,417,16,LOW,200,2026-10-01
LULU-ORD-8164,LULU-CLT-02,Atta 10kg,Grocery,Aashirvaad,159,37,LOW,170,2026-10-22
LULU-ORD-8165,LULU-TVM-01,Paneer 200g,Dairy,Milma,582,9,MEDIUM,129,2026-09-24
LULU-ORD-8166,LULU-CLT-01,Basmati Rice 5kg,Grocery,India Gate,185,8,MEDIUM,130,2026-09-23
LULU-ORD-8167,LULU-CLT-01,Atta 10kg,Grocery,Aashirvaad,547,13,MEDIUM,53,2026-09-28
LULU-ORD-8168,LULU-KOCHI-01,Lulu Gold Coin,Jewellery,Lulu Gold,245,28,LOW,84,2026-10-13
LULU-ORD-8169,LULU-CLT-02,Atta 10kg,Grocery,Aashirvaad,367,10,MEDIUM,10,2026-09-25
LULU-ORD-8170,LULU-CLT-01,Lulu Gold Coin,Jewellery,Lulu Gold,146,1,HIGH,167,2026-09-16
LULU-ORD-8171,LULU-KOCHI-01,Lulu Gold Coin,Jewellery,Lulu Gold,33,36,LOW,45,2026-10-21
LULU-ORD-8172,LULU-CLT-01,Atta 10kg,Grocery,Aashirvaad,491,17,LOW,121,2026-10-02
LULU-ORD-8173,LULU-KOCHI-02,Banana Chips 1kg,Snacks,Local Kerala,511,40,LOW,63,2026-10-25
LULU-ORD-8174,LULU-CLT-02,Dates 500g,Dry Fruits,Lulu Import,344,5,HIGH,169,2026-09-20
LULU-ORD-8175,LULU-CLT-01,Bread Loaf,Bakery,Modern,371,22,LOW,185,2026-10-07
LULU-ORD-8176,LULU-CLT-01,Milma Curd 500g,Dairy,Milma,28,24,LOW,18,2026-10-09
LULU-ORD-8177,LULU-KOCHI-01,Atta 10kg,Grocery,Aashirvaad,127,40,LOW,186,2026-10-25
LULU-ORD-8178,LULU-CLT-02,Atta 10kg,Grocery,Aashirvaad,272,9,MEDIUM,119,2026-09-24
LULU-ORD-8179,LULU-CLT-01,Banana Chips 1kg,Snacks,Local Kerala,222,45,LOW,13,2026-10-30
LULU-ORD-8180,LULU-KOCHI-02,Basmati Rice 5kg,Grocery,India Gate,438,1,HIGH,44,2026-09-16
LULU-ORD-8181,LULU-CLT-01,Banana Chips 1kg,Snacks,Local Kerala,256,21,LOW,49,2026-10-06
LULU-ORD-8182,LULU-CLT-02,Atta 10kg,Grocery,Aashirvaad,246,1,HIGH,181,2026-09-16
LULU-ORD-8183,LULU-KOCHI-01,Paneer 200g,Dairy,Milma,155,41,LOW,60,2026-10-26
LULU-ORD-8184,LULU-TVM-01,Lulu Gold Coin,Jewellery,Lulu Gold,348,14,MEDIUM,39,2026-09-29
LULU-ORD-8185,LULU-TVM-01,Dates 500g,Dry Fruits,Lulu Import,596,10,MEDIUM,17,2026-09-25
LULU-ORD-8186,LULU-KOCHI-02,Mango 1kg,Fruits,Local Farm,124,27,LOW,66,2026-10-12
LULU-ORD-8187,LULU-TVM-01,Chicken 1kg,Meat,Suguna,442,28,LOW,108,2026-10-13
LULU-ORD-8188,LULU-KOCHI-01,Atta 10kg,Grocery,Aashirvaad,492,44,LOW,12,2026-10-29
LULU-ORD-8189,LULU-KOCHI-01,Basmati Rice 5kg,Grocery,India Gate,221,1,HIGH,105,2026-09-16
LULU-ORD-8190,LULU-CLT-01,Paneer 200g,Dairy,Milma,268,5,HIGH,109,2026-09-20
LULU-ORD-8191,LULU-KOCHI-01,Chicken 1kg,Meat,Suguna,456,26,LOW,158,2026-10-11
LULU-ORD-8192,LULU-TVM-01,Lulu Gold Coin,Jewellery,Lulu Gold,14,2,LOW,83,2026-09-17
LULU-ORD-8193,LULU-CLT-01,Paneer 200g,Dairy,Milma,349,36,LOW,35,2026-10-21
LULU-ORD-8194,LULU-KOCHI-02,Bread Loaf,Bakery,Modern,107,32,LOW,86,2026-10-17
LULU-ORD-8195,LULU-CLT-02,Banana Chips 1kg,Snacks,Local Kerala,432,45,LOW,142,2026-10-30
LULU-ORD-8196,LULU-CLT-01,Milma Curd 500g,Dairy,Milma,142,19,LOW,40,2026-10-04
LULU-ORD-8197,LULU-CLT-01,Bread Loaf,Bakery,Modern,16,21,LOW,177,2026-10-06
LULU-ORD-8198,LULU-TVM-01,Mango 1kg,Fruits,Local Farm,427,40,LOW,190,2026-10-25
LULU-ORD-8199,LULU-CLT-01,Dates 500g,Dry Fruits,Lulu Import,111,13,MEDIUM,94,2026-09-28
LULU-ORD-8200,LULU-CLT-02,Banana Chips 1kg,Snacks,Local Kerala,349,24,LOW,188,2026-10-09
LULU-ORD-8201,LULU-TVM-01,Basmati Rice 5kg,Grocery,India Gate,176,9,MEDIUM,22,2026-09-24
LULU-ORD-8202,LULU-CLT-02,Bread Loaf,Bakery,Modern,525,36,LOW,126,2026-10-21
LULU-ORD-8203,LULU-KOCHI-01,Lulu Gold Coin,Jewellery,Lulu Gold,321,16,LOW,79,2026-10-01
LULU-ORD-8204,LULU-KOCHI-02,Milma Curd 500g,Dairy,Milma,323,32,LOW,54,2026-10-17
LULU-ORD-8205,LULU-KOCHI-01,Bread Loaf,Bakery,Modern,213,39,LOW,21,2026-10-24
LULU-ORD-8206,LULU-KOCHI-01,Chicken 1kg,Meat,Suguna,99,8,MEDIUM,50,2026-09-23
LULU-ORD-8207,LULU-KOCHI-02,Bread Loaf,Bakery,Modern,337,33,LOW,56,2026-10-18
LULU-ORD-8208,LULU-TVM-01,Lulu Gold Coin,Jewellery,Lulu Gold,466,35,LOW,147,2026-10-20
LULU-ORD-8209,LULU-CLT-02,Banana Chips 1kg,Snacks,Local Kerala,421,3,HIGH,31,2026-09-18
LULU-ORD-8210,LULU-TVM-01,Lulu Gold Coin,Jewellery,Lulu Gold,292,35,LOW,14,2026-10-20
LULU-ORD-8211,LULU-KOCHI-01,Basmati Rice 5kg,Grocery,India Gate,30,17,LOW,146,2026-10-02
LULU-ORD-8212,LULU-KOCHI-02,Atta 10kg,Grocery,Aashirvaad,17,38,LOW,40,2026-10-23
LULU-ORD-8213,LULU-KOCHI-01,Atta 10kg,Grocery,Aashirvaad,452,5,HIGH,43,2026-09-20
LULU-ORD-8214,LULU-KOCHI-01,Banana Chips 1kg,Snacks,Local Kerala,235,24,LOW,187,2026-10-09
LULU-ORD-8215,LULU-CLT-02,Paneer 200g,Dairy,Milma,383,39,LOW,21,2026-10-24
LULU-ORD-8216,LULU-KOCHI-02,Bread Loaf,Bakery,Modern,371,37,LOW,123,2026-10-22
LULU-ORD-8217,LULU-TVM-01,Bread Loaf,Bakery,Modern,465,32,LOW,165,2026-10-17
LULU-ORD-8218,LULU-CLT-02,Chicken 1kg,Meat,Suguna,119,44,LOW,124,2026-10-29
LULU-ORD-8219,LULU-CLT-01,Mango 1kg,Fruits,Local Farm,571,15,MEDIUM,191,2026-09-30
LULU-ORD-8220,LULU-KOCHI-02,Paneer 200g,Dairy,Milma,349,30,LOW,46,2026-10-15
LULU-ORD-8221,LULU-CLT-01,Lulu Gold Coin,Jewellery,Lulu Gold,266,21,LOW,32,2026-10-06
LULU-ORD-8222,LULU-TVM-01,Dates 500g,Dry Fruits,Lulu Import,10,36,LOW,101,2026-10-21
LULU-ORD-8223,LULU-CLT-01,Atta 10kg,Grocery,Aashirvaad,594,30,LOW,37,2026-10-15
LULU-ORD-8224,LULU-CLT-01,Bread Loaf,Bakery,Modern,181,12,MEDIUM,62,2026-09-27
LULU-ORD-8225,LULU-TVM-01,Basmati Rice 5kg,Grocery,India Gate,398,34,LOW,106,2026-10-19
LULU-ORD-8226,LULU-CLT-02,Milma Curd 500g,Dairy,Milma,17,33,LOW,79,2026-10-18
LULU-ORD-8227,LULU-CLT-01,Lulu Gold Coin,Jewellery,Lulu Gold,453,44,LOW,43,2026-10-29
LULU-ORD-8228,LULU-TVM-01,Atta 10kg,Grocery,Aashirvaad,538,38,LOW,194,2026-10-23
LULU-ORD-8229,LULU-KOCHI-02,Basmati Rice 5kg,Grocery,India Gate,17,44,LOW,81,2026-10-29
LULU-ORD-8230,LULU-CLT-02,Dates 500g,Dry Fruits,Lulu Import,118,8,MEDIUM,197,2026-09-23
LULU-ORD-8231,LULU-TVM-01,Mango 1kg,Fruits,Local Farm,500,37,LOW,42,2026-10-22
LULU-ORD-8232,LULU-KOCHI-01,Lulu Gold Coin,Jewellery,Lulu Gold,117,41,LOW,188,2026-10-26
LULU-ORD-8233,LULU-CLT-02,Dates 500g,Dry Fruits,Lulu Import,59,15,MEDIUM,143,2026-09-30
LULU-ORD-8234,LULU-KOCHI-01,Lulu Gold Coin,Jewellery,Lulu Gold,563,34,LOW,47,2026-10-19
LULU-ORD-8235,LULU-TVM-01,Atta 10kg,Grocery,Aashirvaad,384,42,LOW,167,2026-10-27
LULU-ORD-8236,LULU-CLT-01,Atta 10kg,Grocery,Aashirvaad,416,33,LOW,149,2026-10-18
LULU-ORD-8237,LULU-KOCHI-02,Paneer 200g,Dairy,Milma,250,37,LOW,111,2026-10-22
LULU-ORD-8238,LULU-CLT-01,Basmati Rice 5kg,Grocery,India Gate,62,37,LOW,175,2026-10-22
LULU-ORD-8239,LULU-KOCHI-02,Milma Curd 500g,Dairy,Milma,491,16,LOW,160,2026-10-01
LULU-ORD-8240,LULU-KOCHI-01,Paneer 200g,Dairy,Milma,314,18,LOW,128,2026-10-03
LULU-ORD-8241,LULU-CLT-01,Paneer 200g,Dairy,Milma,327,18,LOW,21,2026-10-03
LULU-ORD-8242,LULU-CLT-02,Lulu Gold Coin,Jewellery,Lulu Gold,422,38,LOW,200,2026-10-23
LULU-ORD-8243,LULU-KOCHI-01,Dates 500g,Dry Fruits,Lulu Import,148,25,LOW,82,2026-10-10
LULU-ORD-8244,LULU-KOCHI-01,Basmati Rice 5kg,Grocery,India Gate,314,29,LOW,155,2026-10-14
LULU-ORD-8245,LULU-KOCHI-01,Chicken 1kg,Meat,Suguna,410,2,HIGH,73,2026-09-17
LULU-ORD-8246,LULU-TVM-01,Bread Loaf,Bakery,Modern,537,14,MEDIUM,142,2026-09-29
LULU-ORD-8247,LULU-KOCHI-02,Bread Loaf,Bakery,Modern,591,4,HIGH,165,2026-09-19
LULU-ORD-8248,LULU-TVM-01,Mango 1kg,Fruits,Local Farm,449,24,LOW,90,2026-10-09
LULU-ORD-8249,LULU-KOCHI-02,Lulu Gold Coin,Jewellery,Lulu Gold,529,15,MEDIUM,94,2026-09-30
LULU-ORD-8250,LULU-KOCHI-02,Dates 500g,Dry Fruits,Lulu Import,575,5,HIGH,132,2026-09-20
LULU-ORD-8251,LULU-KOCHI-01,Atta 10kg,Grocery,Aashirvaad,326,14,MEDIUM,183,2026-09-29
LULU-ORD-8252,LULU-CLT-02,Milma Curd 500g,Dairy,Milma,510,45,LOW,24,2026-10-30
LULU-ORD-8253,LULU-KOCHI-02,Lulu Gold Coin,Jewellery,Lulu Gold,110,44,LOW,129,2026-10-29
LULU-ORD-8254,LULU-CLT-02,Dates 500g,Dry Fruits,Lulu Import,106,44,LOW,90,2026-10-29
LULU-ORD-8255,LULU-TVM-01,Milma Curd 500g,Dairy,Milma,12,32,LOW,146,2026-10-17
LULU-ORD-8256,LULU-CLT-02,Basmati Rice 5kg,Grocery,India Gate,407,38,LOW,48,2026-10-23
LULU-ORD-8257,LULU-KOCHI-01,Basmati Rice 5kg,Grocery,India Gate,212,33,LOW,82,2026-10-18
LULU-ORD-8258,LULU-KOCHI-02,Milma Curd 500g,Dairy,Milma,251,13,MEDIUM,158,2026-09-28
LULU-ORD-8259,LULU-TVM-01,Mango 1kg,Fruits,Local Farm,358,9,MEDIUM,95,2026-09-24
LULU-ORD-8260,LULU-CLT-01,Milma Curd 500g,Dairy,Milma,201,15,MEDIUM,45,2026-09-30
LULU-ORD-8261,LULU-CLT-02,Dates 500g,Dry Fruits,Lulu Import,332,13,MEDIUM,127,2026-09-28
LULU-ORD-8262,LULU-KOCHI-01,Basmati Rice 5kg,Grocery,India Gate,331,45,LOW,40,2026-10-30
LULU-ORD-8263,LULU-KOCHI-01,Paneer 200g,Dairy,Milma,471,10,MEDIUM,162,2026-09-25
LULU-ORD-8264,LULU-CLT-02,Milma Curd 500g,Dairy,Milma,202,9,MEDIUM,72,2026-09-24
LULU-ORD-8265,LULU-CLT-01,Paneer 200g,Dairy,Milma,503,32,LOW,84,2026-10-17
LULU-ORD-8266,LULU-TVM-01,Dates 500g,Dry Fruits,Lulu Import,347,3,HIGH,72,2026-09-18
LULU-ORD-8267,LULU-KOCHI-01,Bread Loaf,Bakery,Modern,331,24,LOW,187,2026-10-09
LULU-ORD-8268,LULU-CLT-01,Lulu Gold Coin,Jewellery,Lulu Gold,52,10,MEDIUM,20,2026-09-25
LULU-ORD-8269,LULU-KOCHI-01,Dates 500g,Dry Fruits,Lulu Import,126,31,LOW,28,2026-10-16
LULU-ORD-8270,LULU-KOCHI-01,Basmati Rice 5kg,Grocery,India Gate,438,20,LOW,102,2026-10-05
LULU-ORD-8271,LULU-KOCHI-02,Mango 1kg,Fruits,Local Farm,290,31,LOW,38,2026-10-16
LULU-ORD-8272,LULU-TVM-01,Banana Chips 1kg,Snacks,Local Kerala,120,36,LOW,73,2026-10-21
LULU-ORD-8273,LULU-CLT-02,Mango 1kg,Fruits,Local Farm,105,41,LOW,132,2026-10-26
LULU-ORD-8274,LULU-CLT-01,Milma Curd 500g,Dairy,Milma,438,21,LOW,122,2026-10-06
LULU-ORD-8275,LULU-CLT-02,Dates 500g,Dry Fruits,Lulu Import,115,10,MEDIUM,48,2026-09-25
LULU-ORD-8276,LULU-CLT-01,Atta 10kg,Grocery,Aashirvaad,252,42,LOW,103,2026-10-27
LULU-ORD-8277,LULU-KOCHI-02,Dates 500g,Dry Fruits,Lulu Import,313,19,LOW,152,2026-10-04
LULU-ORD-8278,LULU-CLT-01,Bread Loaf,Bakery,Modern,264,43,LOW,75,2026-10-28
LULU-ORD-8279,LULU-KOCHI-01,Bread Loaf,Bakery,Modern,388,21,LOW,158,2026-10-06
LULU-ORD-8280,LULU-KOCHI-02,Bread Loaf,Bakery,Modern,62,9,MEDIUM,64,2026-09-24
LULU-ORD-8281,LULU-KOCHI-02,Bread Loaf,Bakery,Modern,448,1,HIGH,137,2026-09-16
LULU-ORD-8282,LULU-KOCHI-01,Lulu Gold Coin,Jewellery,Lulu Gold,561,39,LOW,65,2026-10-24
LULU-ORD-8283,LULU-KOCHI-02,Basmati Rice 5kg,Grocery,India Gate,150,32,LOW,59,2026-10-17
LULU-ORD-8284,LULU-KOCHI-02,Mango 1kg,Fruits,Local Farm,73,17,LOW,19,2026-10-02
LULU-ORD-8285,LULU-CLT-02,Milma Curd 500g,Dairy,Milma,542,12,MEDIUM,112,2026-09-27
LULU-ORD-8286,LULU-CLT-02,Mango 1kg,Fruits,Local Farm,396,43,LOW,118,2026-10-28
LULU-ORD-8287,LULU-CLT-02,Mango 1kg,Fruits,Local Farm,27,12,LOW,48,2026-09-27
LULU-ORD-8288,LULU-KOCHI-01,Milma Curd 500g,Dairy,Milma,587,29,LOW,96,2026-10-14
LULU-ORD-8289,LULU-KOCHI-02,Milma Curd 500g,Dairy,Milma,420,7,MEDIUM,165,2026-09-22
LULU-ORD-8290,LULU-KOCHI-02,Milma Curd 500g,Dairy,Milma,452,42,LOW,16,2026-10-27
LULU-ORD-8291,LULU-CLT-01,Chicken 1kg,Meat,Suguna,358,44,LOW,54,2026-10-29
LULU-ORD-8292,LULU-TVM-01,Milma Curd 500g,Dairy,Milma,67,14,MEDIUM,63,2026-09-29
LULU-ORD-8293,LULU-CLT-01,Paneer 200g,Dairy,Milma,326,40,LOW,127,2026-10-25
LULU-ORD-8294,LULU-CLT-01,Dates 500g,Dry Fruits,Lulu Import,497,11,MEDIUM,107,2026-09-26
LULU-ORD-8295,LULU-CLT-02,Banana Chips 1kg,Snacks,Local Kerala,85,36,LOW,185,2026-10-21
LULU-ORD-8296,LULU-CLT-01,Basmati Rice 5kg,Grocery,India Gate,246,38,LOW,199,2026-10-23
LULU-ORD-8297,LULU-KOCHI-02,Mango 1kg,Fruits,Local Farm,171,37,LOW,176,2026-10-22
LULU-ORD-8298,LULU-CLT-01,Mango 1kg,Fruits,Local Farm,160,8,MEDIUM,96,2026-09-23
LULU-ORD-8299,LULU-CLT-01,Basmati Rice 5kg,Grocery,India Gate,35,31,LOW,50,2026-10-16
LULU-ORD-8300,LULU-CLT-01,Banana Chips 1kg,Snacks,Local Kerala,437,3,HIGH,153,2026-09-18
LULU-ORD-8301,LULU-CLT-02,Banana Chips 1kg,Snacks,Local Kerala,158,33,LOW,177,2026-10-18
LULU-ORD-8302,LULU-CLT-02,Lulu Gold Coin,Jewellery,Lulu Gold,465,18,LOW,126,2026-10-03
LULU-ORD-8303,LULU-TVM-01,Milma Curd 500g,Dairy,Milma,333,19,LOW,153,2026-10-04
LULU-ORD-8304,LULU-TVM-01,Bread Loaf,Bakery,Modern,512,35,LOW,123,2026-10-20
LULU-ORD-8305,LULU-CLT-01,Banana Chips 1kg,Snacks,Local Kerala,570,10,MEDIUM,112,2026-09-25
LULU-ORD-8306,LULU-TVM-01,Basmati Rice 5kg,Grocery,India Gate,164,11,MEDIUM,187,2026-09-26
LULU-ORD-8307,LULU-KOCHI-02,Milma Curd 500g,Dairy,Milma,91,11,MEDIUM,157,2026-09-26
LULU-ORD-8308,LULU-KOCHI-01,Atta 10kg,Grocery,Aashirvaad,64,19,LOW,116,2026-10-04
LULU-ORD-8309,LULU-TVM-01,Dates 500g,Dry Fruits,Lulu Import,384,33,LOW,92,2026-10-18
LULU-ORD-8310,LULU-KOCHI-02,Banana Chips 1kg,Snacks,Local Kerala,287,32,LOW,13,2026-10-17
LULU-ORD-8311,LULU-CLT-01,Mango 1kg,Fruits,Local Farm,436,45,LOW,175,2026-10-30
LULU-ORD-8312,LULU-CLT-02,Dates 500g,Dry Fruits,Lulu Import,281,29,LOW,187,2026-10-14
LULU-ORD-8313,LULU-KOCHI-01,Paneer 200g,Dairy,Milma,360,12,MEDIUM,128,2026-09-27
LULU-ORD-8314,LULU-KOCHI-02,Basmati Rice 5kg,Grocery,India Gate,473,36,LOW,187,2026-10-21
LULU-ORD-8315,LULU-TVM-01,Paneer 200g,Dairy,Milma,490,32,LOW,147,2026-10-17
LULU-ORD-8316,LULU-CLT-01,Paneer 200g,Dairy,Milma,24,29,LOW,188,2026-10-14
LULU-ORD-8317,LULU-KOCHI-01,Mango 1kg,Fruits,Local Farm,289,27,LOW,132,2026-10-12
LULU-ORD-8318,LULU-KOCHI-02,Lulu Gold Coin,Jewellery,Lulu Gold,479,4,HIGH,32,2026-09-19
LULU-ORD-8319,LULU-TVM-01,Banana Chips 1kg,Snacks,Local Kerala,536,33,LOW,126,2026-10-18
LULU-ORD-8320,LULU-CLT-02,Banana Chips 1kg,Snacks,Local Kerala,568,20,LOW,112,2026-10-05
LULU-ORD-8321,LULU-CLT-02,Atta 10kg,Grocery,Aashirvaad,72,39,LOW,141,2026-10-24
LULU-ORD-8322,LULU-CLT-01,Banana Chips 1kg,Snacks,Local Kerala,420,44,LOW,191,2026-10-29
LULU-ORD-8323,LULU-KOCHI-02,Dates 500g,Dry Fruits,Lulu Import,273,8,MEDIUM,16,2026-09-23
LULU-ORD-8324,LULU-KOCHI-02,Milma Curd 500g,Dairy,Milma,359,13,MEDIUM,29,2026-09-28
LULU-ORD-8325,LULU-KOCHI-01,Atta 10kg,Grocery,Aashirvaad,444,3,HIGH,109,2026-09-18
LULU-ORD-8326,LULU-CLT-01,Dates 500g,Dry Fruits,Lulu Import,565,33,LOW,61,2026-10-18
LULU-ORD-8327,LULU-KOCHI-01,Chicken 1kg,Meat,Suguna,421,25,LOW,130,2026-10-10
LULU-ORD-8328,LULU-CLT-01,Mango 1kg,Fruits,Local Farm,386,41,LOW,46,2026-10-26
LULU-ORD-8329,LULU-CLT-01,Lulu Gold Coin,Jewellery,Lulu Gold,546,13,MEDIUM,54,2026-09-28
LULU-ORD-8330,LULU-KOCHI-01,Paneer 200g,Dairy,Milma,146,36,LOW,70,2026-10-21
LULU-ORD-8331,LULU-KOCHI-02,Bread Loaf,Bakery,Modern,286,6,MEDIUM,14,2026-09-21
LULU-ORD-8332,LULU-CLT-01,Chicken 1kg,Meat,Suguna,600,39,LOW,167,2026-10-24
LULU-ORD-8333,LULU-CLT-01,Atta 10kg,Grocery,Aashirvaad,277,36,LOW,143,2026-10-21
LULU-ORD-8334,LULU-CLT-01,Lulu Gold Coin,Jewellery,Lulu Gold,12,45,LOW,130,2026-10-30
LULU-ORD-8335,LULU-KOCHI-02,Milma Curd 500g,Dairy,Milma,536,44,LOW,134,2026-10-29
LULU-ORD-8336,LULU-CLT-01,Chicken 1kg,Meat,Suguna,385,11,MEDIUM,132,2026-09-26
LULU-ORD-8337,LULU-KOCHI-02,Lulu Gold Coin,Jewellery,Lulu Gold,115,4,HIGH,83,2026-09-19
LULU-ORD-8338,LULU-CLT-02,Milma Curd 500g,Dairy,Milma,301,15,MEDIUM,118,2026-09-30
LULU-ORD-8339,LULU-TVM-01,Atta 10kg,Grocery,Aashirvaad,391,29,LOW,107,2026-10-14
LULU-ORD-8340,LULU-KOCHI-01,Lulu Gold Coin,Jewellery,Lulu Gold,165,42,LOW,115,2026-10-27
LULU-ORD-8341,LULU-CLT-01,Chicken 1kg,Meat,Suguna,64,21,LOW,33,2026-10-06
LULU-ORD-8342,LULU-CLT-01,Milma Curd 500g,Dairy,Milma,594,1,HIGH,183,2026-09-16
LULU-ORD-8343,LULU-KOCHI-02,Lulu Gold Coin,Jewellery,Lulu Gold,62,7,MEDIUM,152,2026-09-22
LULU-ORD-8344,LULU-CLT-01,Bread Loaf,Bakery,Modern,38,12,LOW,105,2026-09-27
LULU-ORD-8345,LULU-KOCHI-01,Milma Curd 500g,Dairy,Milma,162,23,LOW,154,2026-10-08
LULU-ORD-8346,LULU-CLT-02,Lulu Gold Coin,Jewellery,Lulu Gold,177,44,LOW,190,2026-10-29
LULU-ORD-8347,LULU-CLT-01,Mango 1kg,Fruits,Local Farm,189,3,HIGH,13,2026-09-18
LULU-ORD-8348,LULU-TVM-01,Banana Chips 1kg,Snacks,Local Kerala,491,24,LOW,164,2026-10-09
LULU-ORD-8349,LULU-KOCHI-02,Lulu Gold Coin,Jewellery,Lulu Gold,285,42,LOW,182,2026-10-27
LULU-ORD-8350,LULU-KOCHI-02,Bread Loaf,Bakery,Modern,245,39,LOW,92,2026-10-24
LULU-ORD-8351,LULU-KOCHI-01,Mango 1kg,Fruits,Local Farm,472,20,LOW,52,2026-10-05
LULU-ORD-8352,LULU-TVM-01,Bread Loaf,Bakery,Modern,164,25,LOW,199,2026-10-10
LULU-ORD-8353,LULU-KOCHI-01,Paneer 200g,Dairy,Milma,179,4,HIGH,31,2026-09-19
LULU-ORD-8354,LULU-KOCHI-01,Dates 500g,Dry Fruits,Lulu Import,301,8,MEDIUM,194,2026-09-23
LULU-ORD-8355,LULU-CLT-01,Basmati Rice 5kg,Grocery,India Gate,461,19,LOW,184,2026-10-04
LULU-ORD-8356,LULU-CLT-02,Bread Loaf,Bakery,Modern,105,13,MEDIUM,127,2026-09-28
LULU-ORD-8357,LULU-KOCHI-02,Mango 1kg,Fruits,Local Farm,245,29,LOW,111,2026-10-14
LULU-ORD-8358,LULU-TVM-01,Mango 1kg,Fruits,Local Farm,468,25,LOW,39,2026-10-10
LULU-ORD-8359,LULU-KOCHI-01,Dates 500g,Dry Fruits,Lulu Import,14,34,LOW,97,2026-10-19
LULU-ORD-8360,LULU-KOCHI-01,Lulu Gold Coin,Jewellery,Lulu Gold,100,30,LOW,163,2026-10-15
LULU-ORD-8361,LULU-KOCHI-01,Milma Curd 500g,Dairy,Milma,381,34,LOW,167,2026-10-19
LULU-ORD-8362,LULU-CLT-01,Dates 500g,Dry Fruits,Lulu Import,538,33,LOW,80,2026-10-18
LULU-ORD-8363,LULU-CLT-01,Paneer 200g,Dairy,Milma,45,33,LOW,64,2026-10-18
LULU-ORD-8364,LULU-CLT-02,Bread Loaf,Bakery,Modern,525,26,LOW,82,2026-10-11
LULU-ORD-8365,LULU-KOCHI-01,Milma Curd 500g,Dairy,Milma,374,29,LOW,77,2026-10-14
LULU-ORD-8366,LULU-TVM-01,Bread Loaf,Bakery,Modern,37,37,LOW,157,2026-10-22
LULU-ORD-8367,LULU-CLT-02,Atta 10kg,Grocery,Aashirvaad,457,14,MEDIUM,76,2026-09-29
LULU-ORD-8368,LULU-CLT-02,Bread Loaf,Bakery,Modern,259,21,LOW,122,2026-10-06
LULU-ORD-8369,LULU-CLT-01,Mango 1kg,Fruits,Local Farm,121,7,MEDIUM,33,2026-09-22
LULU-ORD-8370,LULU-CLT-01,Milma Curd 500g,Dairy,Milma,540,24,LOW,146,2026-10-09
LULU-ORD-8371,LULU-KOCHI-02,Paneer 200g,Dairy,Milma,430,44,LOW,140,2026-10-29
LULU-ORD-8372,LULU-KOCHI-01,Mango 1kg,Fruits,Local Farm,577,43,LOW,162,2026-10-28
LULU-ORD-8373,LULU-CLT-02,Basmati Rice 5kg,Grocery,India Gate,179,5,HIGH,101,2026-09-20
LULU-ORD-8374,LULU-TVM-01,Mango 1kg,Fruits,Local Farm,431,8,MEDIUM,180,2026-09-23
LULU-ORD-8375,LULU-KOCHI-02,Basmati Rice 5kg,Grocery,India Gate,63,43,LOW,195,2026-10-28
LULU-ORD-8376,LULU-TVM-01,Basmati Rice 5kg,Grocery,India Gate,291,45,LOW,12,2026-10-30
LULU-ORD-8377,LULU-KOCHI-02,Milma Curd 500g,Dairy,Milma,169,10,MEDIUM,77,2026-09-25
LULU-ORD-8378,LULU-KOCHI-02,Banana Chips 1kg,Snacks,Local Kerala,364,40,LOW,179,2026-10-25
LULU-ORD-8379,LULU-KOCHI-01,Banana Chips 1kg,Snacks,Local Kerala,18,22,LOW,85,2026-10-07
LULU-ORD-8380,LULU-TVM-01,Atta 10kg,Grocery,Aashirvaad,177,37,LOW,133,2026-10-22
LULU-ORD-8381,LULU-CLT-02,Atta 10kg,Grocery,Aashirvaad,114,40,LOW,26,2026-10-25
LULU-ORD-8382,LULU-KOCHI-01,Paneer 200g,Dairy,Milma,491,44,LOW,165,2026-10-29
LULU-ORD-8383,LULU-KOCHI-01,Atta 10kg,Grocery,Aashirvaad,296,29,LOW,108,2026-10-14
LULU-ORD-8384,LULU-TVM-01,Milma Curd 500g,Dairy,Milma,311,12,MEDIUM,73,2026-09-27
LULU-ORD-8385,LULU-TVM-01,Lulu Gold Coin,Jewellery,Lulu Gold,116,31,LOW,74,2026-10-16
LULU-ORD-8386,LULU-KOCHI-01,Lulu Gold Coin,Jewellery,Lulu Gold,194,6,MEDIUM,120,2026-09-21
LULU-ORD-8387,LULU-KOCHI-02,Chicken 1kg,Meat,Suguna,479,12,MEDIUM,96,2026-09-27
LULU-ORD-8388,LULU-KOCHI-01,Atta 10kg,Grocery,Aashirvaad,58,18,LOW,46,2026-10-03
LULU-ORD-8389,LULU-KOCHI-02,Mango 1kg,Fruits,Local Farm,195,28,LOW,119,2026-10-13
LULU-ORD-8390,LULU-TVM-01,Mango 1kg,Fruits,Local Farm,525,34,LOW,126,2026-10-19
LULU-ORD-8391,LULU-KOCHI-02,Mango 1kg,Fruits,Local Farm,564,34,LOW,130,2026-10-19
LULU-ORD-8392,LULU-KOCHI-01,Bread Loaf,Bakery,Modern,310,18,LOW,141,2026-10-03
LULU-ORD-8393,LULU-CLT-01,Paneer 200g,Dairy,Milma,472,19,LOW,70,2026-10-04
LULU-ORD-8394,LULU-TVM-01,Paneer 200g,Dairy,Milma,14,8,LOW,44,2026-09-23
LULU-ORD-8395,LULU-CLT-01,Mango 1kg,Fruits,Local Farm,228,27,LOW,186,2026-10-12
LULU-ORD-8396,LULU-KOCHI-02,Bread Loaf,Bakery,Modern,455,12,MEDIUM,95,2026-09-27
LULU-ORD-8397,LULU-KOCHI-02,Chicken 1kg,Meat,Suguna,223,17,LOW,73,2026-10-02
LULU-ORD-8398,LULU-CLT-02,Atta 10kg,Grocery,Aashirvaad,37,8,LOW,81,2026-09-23
LULU-ORD-8399,LULU-KOCHI-02,Atta 10kg,Grocery,Aashirvaad,303,19,LOW,164,2026-10-04
LULU-ORD-8400,LULU-KOCHI-01,Basmati Rice 5kg,Grocery,India Gate,442,43,LOW,114,2026-10-28
LULU-ORD-8401,LULU-KOCHI-02,Chicken 1kg,Meat,Suguna,81,24,LOW,151,2026-10-09
LULU-ORD-8402,LULU-CLT-02,Dates 500g,Dry Fruits,Lulu Import,149,9,MEDIUM,25,2026-09-24
LULU-ORD-8403,LULU-KOCHI-02,Lulu Gold Coin,Jewellery,Lulu Gold,38,43,LOW,95,2026-10-28
LULU-ORD-8404,LULU-CLT-01,Mango 1kg,Fruits,Local Farm,268,34,LOW,90,2026-10-19
LULU-ORD-8405,LULU-CLT-01,Basmati Rice 5kg,Grocery,India Gate,114,25,LOW,43,2026-10-10
LULU-ORD-8406,LULU-KOCHI-01,Banana Chips 1kg,Snacks,Local Kerala,470,41,LOW,71,2026-10-26
LULU-ORD-8407,LULU-KOCHI-02,Basmati Rice 5kg,Grocery,India Gate,64,14,MEDIUM,182,2026-09-29
LULU-ORD-8408,LULU-TVM-01,Banana Chips 1kg,Snacks,Local Kerala,513,5,HIGH,115,2026-09-20
LULU-ORD-8409,LULU-KOCHI-02,Banana Chips 1kg,Snacks,Local Kerala,301,20,LOW,100,2026-10-05
LULU-ORD-8410,LULU-CLT-01,Dates 500g,Dry Fruits,Lulu Import,202,5,HIGH,43,2026-09-20
LULU-ORD-8411,LULU-CLT-01,Chicken 1kg,Meat,Suguna,224,35,LOW,135,2026-10-20
LULU-ORD-8412,LULU-KOCHI-02,Atta 10kg,Grocery,Aashirvaad,200,36,LOW,148,2026-10-21
LULU-ORD-8413,LULU-CLT-01,Milma Curd 500g,Dairy,Milma,414,27,LOW,91,2026-10-12
LULU-ORD-8414,LULU-TVM-01,Paneer 200g,Dairy,Milma,365,40,LOW,94,2026-10-25
LULU-ORD-8415,LULU-CLT-02,Atta 10kg,Grocery,Aashirvaad,420,25,LOW,100,2026-10-10
LULU-ORD-8416,LULU-CLT-01,Dates 500g,Dry Fruits,Lulu Import,343,19,LOW,143,2026-10-04
LULU-ORD-8417,LULU-TVM-01,Milma Curd 500g,Dairy,Milma,179,41,LOW,184,2026-10-26
LULU-ORD-8418,LULU-CLT-02,Atta 10kg,Grocery,Aashirvaad,190,22,LOW,29,2026-10-07
LULU-ORD-8419,LULU-KOCHI-02,Banana Chips 1kg,Snacks,Local Kerala,545,35,LOW,120,2026-10-20
LULU-ORD-8420,LULU-TVM-01,Mango 1kg,Fruits,Local Farm,52,21,LOW,79,2026-10-06
LULU-ORD-8421,LULU-CLT-02,Dates 500g,Dry Fruits,Lulu Import,548,20,LOW,147,2026-10-05
LULU-ORD-8422,LULU-TVM-01,Atta 10kg,Grocery,Aashirvaad,170,45,LOW,83,2026-10-30
LULU-ORD-8423,LULU-CLT-02,Lulu Gold Coin,Jewellery,Lulu Gold,46,22,LOW,21,2026-10-07
LULU-ORD-8424,LULU-CLT-02,Basmati Rice 5kg,Grocery,India Gate,91,43,LOW,182,2026-10-28
LULU-ORD-8425,LULU-KOCHI-02,Banana Chips 1kg,Snacks,Local Kerala,563,36,LOW,33,2026-10-21
LULU-ORD-8426,LULU-CLT-01,Banana Chips 1kg,Snacks,Local Kerala,224,11,MEDIUM,63,2026-09-26
LULU-ORD-8427,LULU-KOCHI-02,Dates 500g,Dry Fruits,Lulu Import,400,34,LOW,85,2026-10-19
LULU-ORD-8428,LULU-TVM-01,Banana Chips 1kg,Snacks,Local Kerala,463,31,LOW,109,2026-10-16
LULU-ORD-8429,LULU-KOCHI-01,Banana Chips 1kg,Snacks,Local Kerala,447,35,LOW,57,2026-10-20
LULU-ORD-8430,LULU-KOCHI-02,Lulu Gold Coin,Jewellery,Lulu Gold,157,34,LOW,199,2026-10-19
LULU-ORD-8431,LULU-CLT-02,Dates 500g,Dry Fruits,Lulu Import,39,16,LOW,11,2026-10-01
LULU-ORD-8432,LULU-TVM-01,Atta 10kg,Grocery,Aashirvaad,504,29,LOW,67,2026-10-14
LULU-ORD-8433,LULU-CLT-01,Paneer 200g,Dairy,Milma,458,6,MEDIUM,114,2026-09-21
LULU-ORD-8434,LULU-CLT-02,Banana Chips 1kg,Snacks,Local Kerala,559,15,MEDIUM,78,2026-09-30
LULU-ORD-8435,LULU-CLT-02,Bread Loaf,Bakery,Modern,387,31,LOW,97,2026-10-16
LULU-ORD-8436,LULU-CLT-02,Dates 500g,Dry Fruits,Lulu Import,187,13,MEDIUM,125,2026-09-28
LULU-ORD-8437,LULU-KOCHI-01,Lulu Gold Coin,Jewellery,Lulu Gold,47,4,LOW,94,2026-09-19
LULU-ORD-8438,LULU-KOCHI-01,Basmati Rice 5kg,Grocery,India Gate,357,34,LOW,190,2026-10-19
LULU-ORD-8439,LULU-CLT-01,Mango 1kg,Fruits,Local Farm,491,14,MEDIUM,42,2026-09-29
LULU-ORD-8440,LULU-CLT-02,Lulu Gold Coin,Jewellery,Lulu Gold,235,41,LOW,53,2026-10-26
LULU-ORD-8441,LULU-CLT-01,Atta 10kg,Grocery,Aashirvaad,362,29,LOW,89,2026-10-14
LULU-ORD-8442,LULU-CLT-02,Banana Chips 1kg,Snacks,Local Kerala,270,3,HIGH,94,2026-09-18
LULU-ORD-8443,LULU-KOCHI-02,Bread Loaf,Bakery,Modern,355,19,LOW,143,2026-10-04
LULU-ORD-8444,LULU-KOCHI-02,Mango 1kg,Fruits,Local Farm,238,38,LOW,127,2026-10-23
LULU-ORD-8445,LULU-CLT-01,Milma Curd 500g,Dairy,Milma,310,7,MEDIUM,116,2026-09-22
LULU-ORD-8446,LULU-CLT-01,Lulu Gold Coin,Jewellery,Lulu Gold,581,35,LOW,102,2026-10-20
LULU-ORD-8447,LULU-KOCHI-01,Mango 1kg,Fruits,Local Farm,441,41,LOW,112,2026-10-26
LULU-ORD-8448,LULU-KOCHI-02,Lulu Gold Coin,Jewellery,Lulu Gold,248,34,LOW,97,2026-10-19
LULU-ORD-8449,LULU-KOCHI-01,Dates 500g,Dry Fruits,Lulu Import,20,20,LOW,141,2026-10-05
LULU-ORD-8450,LULU-CLT-02,Paneer 200g,Dairy,Milma,451,32,LOW,63,2026-10-17
LULU-ORD-8451,LULU-CLT-01,Banana Chips 1kg,Snacks,Local Kerala,192,40,LOW,186,2026-10-25
LULU-ORD-8452,LULU-TVM-01,Banana Chips 1kg,Snacks,Local Kerala,300,35,LOW,94,2026-10-20
LULU-ORD-8453,LULU-KOCHI-02,Bread Loaf,Bakery,Modern,557,30,LOW,17,2026-10-15
LULU-ORD-8454,LULU-CLT-02,Milma Curd 500g,Dairy,Milma,443,11,MEDIUM,183,2026-09-26
LULU-ORD-8455,LULU-TVM-01,Mango 1kg,Fruits,Local Farm,278,21,LOW,161,2026-10-06
LULU-ORD-8456,LULU-KOCHI-01,Paneer 200g,Dairy,Milma,173,27,LOW,18,2026-10-12
LULU-ORD-8457,LULU-TVM-01,Lulu Gold Coin,Jewellery,Lulu Gold,432,2,HIGH,162,2026-09-17
LULU-ORD-8458,LULU-CLT-01,Bread Loaf,Bakery,Modern,221,4,HIGH,42,2026-09-19
LULU-ORD-8459,LULU-TVM-01,Milma Curd 500g,Dairy,Milma,240,16,LOW,140,2026-10-01
LULU-ORD-8460,LULU-TVM-01,Milma Curd 500g,Dairy,Milma,130,16,LOW,137,2026-10-01
LULU-ORD-8461,LULU-TVM-01,Chicken 1kg,Meat,Suguna,394,10,MEDIUM,67,2026-09-25
LULU-ORD-8462,LULU-TVM-01,Basmati Rice 5kg,Grocery,India Gate,374,28,LOW,169,2026-10-13
LULU-ORD-8463,LULU-CLT-01,Milma Curd 500g,Dairy,Milma,338,36,LOW,19,2026-10-21
LULU-ORD-8464,LULU-KOCHI-01,Atta 10kg,Grocery,Aashirvaad,27,8,LOW,65,2026-09-23
LULU-ORD-8465,LULU-CLT-02,Basmati Rice 5kg,Grocery,India Gate,478,18,LOW,93,2026-10-03
LULU-ORD-8466,LULU-CLT-02,Dates 500g,Dry Fruits,Lulu Import,479,2,HIGH,172,2026-09-17
LULU-ORD-8467,LULU-TVM-01,Lulu Gold Coin,Jewellery,Lulu Gold,512,11,MEDIUM,127,2026-09-26
LULU-ORD-8468,LULU-KOCHI-01,Chicken 1kg,Meat,Suguna,336,25,LOW,165,2026-10-10
LULU-ORD-8469,LULU-TVM-01,Dates 500g,Dry Fruits,Lulu Import,386,30,LOW,180,2026-10-15
LULU-ORD-8470,LULU-KOCHI-01,Paneer 200g,Dairy,Milma,371,32,LOW,155,2026-10-17
LULU-ORD-8471,LULU-KOCHI-01,Bread Loaf,Bakery,Modern,593,24,LOW,16,2026-10-09
LULU-ORD-8472,LULU-CLT-02,Bread Loaf,Bakery,Modern,341,42,LOW,186,2026-10-27
LULU-ORD-8473,LULU-CLT-01,Dates 500g,Dry Fruits,Lulu Import,147,37,LOW,123,2026-10-22
LULU-ORD-8474,LULU-KOCHI-01,Chicken 1kg,Meat,Suguna,317,33,LOW,83,2026-10-18
LULU-ORD-8475,LULU-TVM-01,Chicken 1kg,Meat,Suguna,582,15,MEDIUM,98,2026-09-30
LULU-ORD-8476,LULU-KOCHI-01,Banana Chips 1kg,Snacks,Local Kerala,330,9,MEDIUM,46,2026-09-24
LULU-ORD-8477,LULU-TVM-01,Milma Curd 500g,Dairy,Milma,474,43,LOW,175,2026-10-28
LULU-ORD-8478,LULU-KOCHI-02,Atta 10kg,Grocery,Aashirvaad,177,5,HIGH,176,2026-09-20
LULU-ORD-8479,LULU-TVM-01,Bread Loaf,Bakery,Modern,108,5,HIGH,171,2026-09-20
LULU-ORD-8480,LULU-KOCHI-01,Banana Chips 1kg,Snacks,Local Kerala,104,20,LOW,135,2026-10-05
LULU-ORD-8481,LULU-CLT-02,Paneer 200g,Dairy,Milma,312,21,LOW,25,2026-10-06
LULU-ORD-8482,LULU-CLT-02,Basmati Rice 5kg,Grocery,India Gate,51,43,LOW,131,2026-10-28
LULU-ORD-8483,LULU-CLT-02,Dates 500g,Dry Fruits,Lulu Import,278,30,LOW,16,2026-10-15
LULU-ORD-8484,LULU-KOCHI-01,Atta 10kg,Grocery,Aashirvaad,570,10,MEDIUM,24,2026-09-25
LULU-ORD-8485,LULU-CLT-02,Basmati Rice 5kg,Grocery,India Gate,381,44,LOW,54,2026-10-29
LULU-ORD-8486,LULU-KOCHI-01,Chicken 1kg,Meat,Suguna,182,19,LOW,12,2026-10-04
LULU-ORD-8487,LULU-CLT-02,Banana Chips 1kg,Snacks,Local Kerala,215,28,LOW,84,2026-10-13
LULU-ORD-8488,LULU-CLT-01,Milma Curd 500g,Dairy,Milma,599,17,LOW,55,2026-10-02
LULU-ORD-8489,LULU-KOCHI-01,Chicken 1kg,Meat,Suguna,574,3,HIGH,193,2026-09-18
LULU-ORD-8490,LULU-TVM-01,Banana Chips 1kg,Snacks,Local Kerala,372,31,LOW,91,2026-10-16
LULU-ORD-8491,LULU-CLT-01,Mango 1kg,Fruits,Local Farm,591,4,HIGH,82,2026-09-19
LULU-ORD-8492,LULU-CLT-02,Lulu Gold Coin,Jewellery,Lulu Gold,268,6,MEDIUM,177,2026-09-21
LULU-ORD-8493,LULU-KOCHI-01,Basmati Rice 5kg,Grocery,India Gate,167,21,LOW,114,2026-10-06
LULU-ORD-8494,LULU-TVM-01,Milma Curd 500g,Dairy,Milma,98,36,LOW,32,2026-10-21
LULU-ORD-8495,LULU-CLT-02,Chicken 1kg,Meat,Suguna,218,20,LOW,77,2026-10-05
LULU-ORD-8496,LULU-CLT-01,Atta 10kg,Grocery,Aashirvaad,385,31,LOW,61,2026-10-16
LULU-ORD-8497,LULU-CLT-02,Basmati Rice 5kg,Grocery,India Gate,452,45,LOW,128,2026-10-30
LULU-ORD-8498,LULU-CLT-01,Dates 500g,Dry Fruits,Lulu Import,569,27,LOW,57,2026-10-12
LULU-ORD-8499,LULU-CLT-02,Lulu Gold Coin,Jewellery,Lulu Gold,254,19,LOW,39,2026-10-04
LULU-ORD-8500,LULU-CLT-02,Chicken 1kg,Meat,Suguna,164,2,HIGH,168,2026-09-17
LULU-ORD-8501,LULU-CLT-01,Chicken 1kg,Meat,Suguna,218,33,LOW,67,2026-10-18
LULU-ORD-8502,LULU-TVM-01,Milma Curd 500g,Dairy,Milma,104,19,LOW,88,2026-10-04
LULU-ORD-8503,LULU-TVM-01,Atta 10kg,Grocery,Aashirvaad,45,11,LOW,144,2026-09-26
LULU-ORD-8504,LULU-TVM-01,Mango 1kg,Fruits,Local Farm,61,36,LOW,175,2026-10-21
LULU-ORD-8505,LULU-KOCHI-02,Atta 10kg,Grocery,Aashirvaad,81,38,LOW,183,2026-10-23
LULU-ORD-8506,LULU-CLT-02,Dates 500g,Dry Fruits,Lulu Import,319,24,LOW,58,2026-10-09
LULU-ORD-8507,LULU-TVM-01,Chicken 1kg,Meat,Suguna,596,7,MEDIUM,161,2026-09-22
LULU-ORD-8508,LULU-CLT-01,Milma Curd 500g,Dairy,Milma,535,10,MEDIUM,181,2026-09-25
LULU-ORD-8509,LULU-KOCHI-02,Basmati Rice 5kg,Grocery,India Gate,206,21,LOW,153,2026-10-06
LULU-ORD-8510,LULU-CLT-02,Basmati Rice 5kg,Grocery,India Gate,106,29,LOW,69,2026-10-14
LULU-ORD-8511,LULU-CLT-01,Dates 500g,Dry Fruits,Lulu Import,418,32,LOW,86,2026-10-17
LULU-ORD-8512,LULU-CLT-01,Chicken 1kg,Meat,Suguna,505,6,MEDIUM,177,2026-09-21
LULU-ORD-8513,LULU-CLT-01,Basmati Rice 5kg,Grocery,India Gate,571,37,LOW,168,2026-10-22
LULU-ORD-8514,LULU-KOCHI-01,Chicken 1kg,Meat,Suguna,528,31,LOW,19,2026-10-16
LULU-ORD-8515,LULU-CLT-02,Bread Loaf,Bakery,Modern,40,8,LOW,194,2026-09-23
LULU-ORD-8516,LULU-CLT-02,Basmati Rice 5kg,Grocery,India Gate,172,2,HIGH,79,2026-09-17
LULU-ORD-8517,LULU-CLT-01,Paneer 200g,Dairy,Milma,386,28,LOW,136,2026-10-13
LULU-ORD-8518,LULU-KOCHI-02,Chicken 1kg,Meat,Suguna,272,34,LOW,110,2026-10-19
LULU-ORD-8519,LULU-KOCHI-02,Bread Loaf,Bakery,Modern,69,32,LOW,98,2026-10-17
LULU-ORD-8520,LULU-KOCHI-02,Banana Chips 1kg,Snacks,Local Kerala,376,42,LOW,48,2026-10-27
LULU-ORD-8521,LULU-CLT-02,Basmati Rice 5kg,Grocery,India Gate,87,25,LOW,40,2026-10-10
LULU-ORD-8522,LULU-KOCHI-02,Dates 500g,Dry Fruits,Lulu Import,36,13,LOW,174,2026-09-28
LULU-ORD-8523,LULU-CLT-01,Atta 10kg,Grocery,Aashirvaad,88,6,MEDIUM,90,2026-09-21
LULU-ORD-8524,LULU-TVM-01,Lulu Gold Coin,Jewellery,Lulu Gold,41,13,LOW,166,2026-09-28
LULU-ORD-8525,LULU-KOCHI-02,Dates 500g,Dry Fruits,Lulu Import,220,4,HIGH,112,2026-09-19
LULU-ORD-8526,LULU-KOCHI-01,Lulu Gold Coin,Jewellery,Lulu Gold,33,1,LOW,162,2026-09-16
LULU-ORD-8527,LULU-TVM-01,Mango 1kg,Fruits,Local Farm,297,26,LOW,111,2026-10-11
LULU-ORD-8528,LULU-CLT-02,Dates 500g,Dry Fruits,Lulu Import,261,9,MEDIUM,65,2026-09-24
LULU-ORD-8529,LULU-KOCHI-02,Lulu Gold Coin,Jewellery,Lulu Gold,70,2,MEDIUM,37,2026-09-17
LULU-ORD-8530,LULU-CLT-01,Bread Loaf,Bakery,Modern,545,1,HIGH,158,2026-09-16
LULU-ORD-8531,LULU-CLT-01,Lulu Gold Coin,Jewellery,Lulu Gold,77,18,LOW,153,2026-10-03
LULU-ORD-8532,LULU-CLT-02,Dates 500g,Dry Fruits,Lulu Import,212,16,LOW,65,2026-10-01
LULU-ORD-8533,LULU-KOCHI-02,Paneer 200g,Dairy,Milma,230,2,HIGH,96,2026-09-17
LULU-ORD-8534,LULU-KOCHI-01,Atta 10kg,Grocery,Aashirvaad,512,19,LOW,188,2026-10-04
LULU-ORD-8535,LULU-CLT-02,Atta 10kg,Grocery,Aashirvaad,548,36,LOW,169,2026-10-21
LULU-ORD-8536,LULU-KOCHI-01,Banana Chips 1kg,Snacks,Local Kerala,259,30,LOW,163,2026-10-15
LULU-ORD-8537,LULU-CLT-02,Milma Curd 500g,Dairy,Milma,514,12,MEDIUM,144,2026-09-27
LULU-ORD-8538,LULU-CLT-02,Bread Loaf,Bakery,Modern,564,45,LOW,185,2026-10-30
LULU-ORD-8539,LULU-KOCHI-01,Bread Loaf,Bakery,Modern,573,22,LOW,101,2026-10-07
LULU-ORD-8540,LULU-TVM-01,Bread Loaf,Bakery,Modern,125,14,MEDIUM,39,2026-09-29
LULU-ORD-8541,LULU-CLT-02,Mango 1kg,Fruits,Local Farm,440,2,HIGH,89,2026-09-17
LULU-ORD-8542,LULU-KOCHI-02,Atta 10kg,Grocery,Aashirvaad,179,16,LOW,136,2026-10-01
LULU-ORD-8543,LULU-TVM-01,Atta 10kg,Grocery,Aashirvaad,584,14,MEDIUM,191,2026-09-29
LULU-ORD-8544,LULU-TVM-01,Lulu Gold Coin,Jewellery,Lulu Gold,210,26,LOW,172,2026-10-11
LULU-ORD-8545,LULU-TVM-01,Basmati Rice 5kg,Grocery,India Gate,158,16,LOW,14,2026-10-01
LULU-ORD-8546,LULU-CLT-02,Milma Curd 500g,Dairy,Milma,274,45,LOW,115,2026-10-30
LULU-ORD-8547,LULU-TVM-01,Paneer 200g,Dairy,Milma,459,24,LOW,89,2026-10-09
LULU-ORD-8548,LULU-TVM-01,Dates 500g,Dry Fruits,Lulu Import,441,18,LOW,120,2026-10-03
LULU-ORD-8549,LULU-KOCHI-02,Lulu Gold Coin,Jewellery,Lulu Gold,282,7,MEDIUM,69,2026-09-22
LULU-ORD-8550,LULU-CLT-01,Lulu Gold Coin,Jewellery,Lulu Gold,100,9,MEDIUM,112,2026-09-24
LULU-ORD-8551,LULU-KOCHI-01,Basmati Rice 5kg,Grocery,India Gate,118,30,LOW,98,2026-10-15
LULU-ORD-8552,LULU-KOCHI-02,Banana Chips 1kg,Snacks,Local Kerala,598,29,LOW,112,2026-10-14
LULU-ORD-8553,LULU-KOCHI-01,Milma Curd 500g,Dairy,Milma,134,17,LOW,141,2026-10-02
LULU-ORD-8554,LULU-CLT-01,Paneer 200g,Dairy,Milma,14,33,LOW,38,2026-10-18
LULU-ORD-8555,LULU-KOCHI-01,Paneer 200g,Dairy,Milma,269,6,MEDIUM,122,2026-09-21
LULU-ORD-8556,LULU-KOCHI-01,Banana Chips 1kg,Snacks,Local Kerala,567,8,MEDIUM,192,2026-09-23
LULU-ORD-8557,LULU-CLT-01,Basmati Rice 5kg,Grocery,India Gate,398,5,HIGH,116,2026-09-20
LULU-ORD-8558,LULU-CLT-01,Atta 10kg,Grocery,Aashirvaad,400,8,MEDIUM,88,2026-09-23
LULU-ORD-8559,LULU-KOCHI-02,Dates 500g,Dry Fruits,Lulu Import,41,13,LOW,29,2026-09-28
LULU-ORD-8560,LULU-CLT-02,Chicken 1kg,Meat,Suguna,538,39,LOW,112,2026-10-24
LULU-ORD-8561,LULU-KOCHI-01,Milma Curd 500g,Dairy,Milma,350,22,LOW,191,2026-10-07
LULU-ORD-8562,LULU-KOCHI-01,Paneer 200g,Dairy,Milma,398,23,LOW,54,2026-10-08
LULU-ORD-8563,LULU-KOCHI-02,Dates 500g,Dry Fruits,Lulu Import,522,16,LOW,139,2026-10-01
LULU-ORD-8564,LULU-KOCHI-02,Paneer 200g,Dairy,Milma,247,32,LOW,32,2026-10-17
LULU-ORD-8565,LULU-KOCHI-01,Paneer 200g,Dairy,Milma,37,13,LOW,183,2026-09-28
LULU-ORD-8566,LULU-KOCHI-01,Paneer 200g,Dairy,Milma,332,18,LOW,155,2026-10-03
LULU-ORD-8567,LULU-CLT-01,Bread Loaf,Bakery,Modern,430,28,LOW,12,2026-10-13
LULU-ORD-8568,LULU-CLT-01,Basmati Rice 5kg,Grocery,India Gate,17,6,LOW,163,2026-09-21
LULU-ORD-8569,LULU-KOCHI-02,Dates 500g,Dry Fruits,Lulu Import,150,10,MEDIUM,48,2026-09-25
LULU-ORD-8570,LULU-TVM-01,Basmati Rice 5kg,Grocery,India Gate,545,25,LOW,130,2026-10-10
LULU-ORD-8571,LULU-CLT-01,Paneer 200g,Dairy,Milma,138,45,LOW,176,2026-10-30
LULU-ORD-8572,LULU-TVM-01,Lulu Gold Coin,Jewellery,Lulu Gold,222,25,LOW,69,2026-10-10
LULU-ORD-8573,LULU-CLT-01,Atta 10kg,Grocery,Aashirvaad,386,43,LOW,158,2026-10-28
LULU-ORD-8574,LULU-TVM-01,Bread Loaf,Bakery,Modern,471,2,HIGH,59,2026-09-17
LULU-ORD-8575,LULU-TVM-01,Paneer 200g,Dairy,Milma,40,39,LOW,31,2026-10-24
LULU-ORD-8576,LULU-TVM-01,Dates 500g,Dry Fruits,Lulu Import,379,3,HIGH,39,2026-09-18
LULU-ORD-8577,LULU-KOCHI-01,Chicken 1kg,Meat,Suguna,203,27,LOW,14,2026-10-12
LULU-ORD-8578,LULU-KOCHI-01,Basmati Rice 5kg,Grocery,India Gate,291,34,LOW,153,2026-10-19
LULU-ORD-8579,LULU-KOCHI-02,Paneer 200g,Dairy,Milma,203,31,LOW,18,2026-10-16
LULU-ORD-8580,LULU-KOCHI-02,Milma Curd 500g,Dairy,Milma,440,12,MEDIUM,156,2026-09-27
LULU-ORD-8581,LULU-CLT-01,Bread Loaf,Bakery,Modern,600,22,LOW,88,2026-10-07
LULU-ORD-8582,LULU-KOCHI-01,Banana Chips 1kg,Snacks,Local Kerala,373,17,LOW,166,2026-10-02
LULU-ORD-8583,LULU-KOCHI-01,Dates 500g,Dry Fruits,Lulu Import,448,37,LOW,85,2026-10-22
LULU-ORD-8584,LULU-KOCHI-02,Banana Chips 1kg,Snacks,Local Kerala,96,45,LOW,188,2026-10-30
LULU-ORD-8585,LULU-KOCHI-02,Bread Loaf,Bakery,Modern,455,9,MEDIUM,97,2026-09-24
LULU-ORD-8586,LULU-CLT-01,Banana Chips 1kg,Snacks,Local Kerala,522,1,HIGH,38,2026-09-16
LULU-ORD-8587,LULU-KOCHI-02,Dates 500g,Dry Fruits,Lulu Import,78,42,LOW,62,2026-10-27
LULU-ORD-8588,LULU-TVM-01,Paneer 200g,Dairy,Milma,323,30,LOW,179,2026-10-15
LULU-ORD-8589,LULU-CLT-02,Paneer 200g,Dairy,Milma,336,38,LOW,69,2026-10-23
LULU-ORD-8590,LULU-CLT-02,Bread Loaf,Bakery,Modern,130,27,LOW,151,2026-10-12
LULU-ORD-8591,LULU-KOCHI-01,Basmati Rice 5kg,Grocery,India Gate,176,28,LOW,197,2026-10-13
LULU-ORD-8592,LULU-CLT-01,Atta 10kg,Grocery,Aashirvaad,508,6,MEDIUM,23,2026-09-21
LULU-ORD-8593,LULU-KOCHI-02,Chicken 1kg,Meat,Suguna,465,1,HIGH,152,2026-09-16
LULU-ORD-8594,LULU-TVM-01,Chicken 1kg,Meat,Suguna,138,44,LOW,82,2026-10-29
LULU-ORD-8595,LULU-CLT-01,Bread Loaf,Bakery,Modern,469,26,LOW,198,2026-10-11
LULU-ORD-8596,LULU-TVM-01,Basmati Rice 5kg,Grocery,India Gate,51,18,LOW,87,2026-10-03
LULU-ORD-8597,LULU-KOCHI-01,Atta 10kg,Grocery,Aashirvaad,298,6,MEDIUM,54,2026-09-21
LULU-ORD-8598,LULU-CLT-02,Basmati Rice 5kg,Grocery,India Gate,330,23,LOW,148,2026-10-08
LULU-ORD-8599,LULU-CLT-02,Basmati Rice 5kg,Grocery,India Gate,228,31,LOW,182,2026-10-16
LULU-ORD-8600,LULU-KOCHI-02,Atta 10kg,Grocery,Aashirvaad,493,23,LOW,178,2026-10-08
LULU-ORD-8601,LULU-CLT-01,Lulu Gold Coin,Jewellery,Lulu Gold,597,36,LOW,178,2026-10-21
LULU-ORD-8602,LULU-KOCHI-02,Basmati Rice 5kg,Grocery,India Gate,59,9,MEDIUM,93,2026-09-24
LULU-ORD-8603,LULU-KOCHI-02,Dates 500g,Dry Fruits,Lulu Import,290,41,LOW,192,2026-10-26
LULU-ORD-8604,LULU-KOCHI-01,Lulu Gold Coin,Jewellery,Lulu Gold,108,6,MEDIUM,142,2026-09-21
LULU-ORD-8605,LULU-TVM-01,Atta 10kg,Grocery,Aashirvaad,143,5,HIGH,129,2026-09-20
LULU-ORD-8606,LULU-KOCHI-01,Milma Curd 500g,Dairy,Milma,544,39,LOW,28,2026-10-24
LULU-ORD-8607,LULU-CLT-01,Milma Curd 500g,Dairy,Milma,509,37,LOW,39,2026-10-22
LULU-ORD-8608,LULU-KOCHI-01,Dates 500g,Dry Fruits,Lulu Import,132,5,HIGH,112,2026-09-20
LULU-ORD-8609,LULU-CLT-01,Paneer 200g,Dairy,Milma,270,25,LOW,36,2026-10-10
LULU-ORD-8610,LULU-CLT-01,Mango 1kg,Fruits,Local Farm,526,16,LOW,157,2026-10-01
LULU-ORD-8611,LULU-CLT-02,Lulu Gold Coin,Jewellery,Lulu Gold,381,20,LOW,197,2026-10-05
LULU-ORD-8612,LULU-TVM-01,Paneer 200g,Dairy,Milma,511,14,MEDIUM,149,2026-09-29
LULU-ORD-8613,LULU-KOCHI-02,Bread Loaf,Bakery,Modern,199,16,LOW,194,2026-10-01
LULU-ORD-8614,LULU-KOCHI-02,Lulu Gold Coin,Jewellery,Lulu Gold,309,36,LOW,127,2026-10-21
LULU-ORD-8615,LULU-TVM-01,Milma Curd 500g,Dairy,Milma,67,31,LOW,153,2026-10-16
LULU-ORD-8616,LULU-CLT-02,Chicken 1kg,Meat,Suguna,160,22,LOW,54,2026-10-07
LULU-ORD-8617,LULU-CLT-01,Bread Loaf,Bakery,Modern,107,11,MEDIUM,176,2026-09-26
LULU-ORD-8618,LULU-CLT-02,Atta 10kg,Grocery,Aashirvaad,41,36,LOW,52,2026-10-21
LULU-ORD-8619,LULU-TVM-01,Dates 500g,Dry Fruits,Lulu Import,504,37,LOW,25,2026-10-22
LULU-ORD-8620,LULU-KOCHI-02,Mango 1kg,Fruits,Local Farm,428,43,LOW,115,2026-10-28
LULU-ORD-8621,LULU-KOCHI-02,Milma Curd 500g,Dairy,Milma,161,35,LOW,102,2026-10-20
LULU-ORD-8622,LULU-TVM-01,Basmati Rice 5kg,Grocery,India Gate,572,14,MEDIUM,175,2026-09-29
LULU-ORD-8623,LULU-KOCHI-02,Bread Loaf,Bakery,Modern,480,5,HIGH,88,2026-09-20
LULU-ORD-8624,LULU-CLT-01,Dates 500g,Dry Fruits,Lulu Import,552,9,MEDIUM,193,2026-09-24
LULU-ORD-8625,LULU-KOCHI-02,Milma Curd 500g,Dairy,Milma,24,13,LOW,12,2026-09-28
LULU-ORD-8626,LULU-CLT-01,Mango 1kg,Fruits,Local Farm,31,29,LOW,72,2026-10-14
LULU-ORD-8627,LULU-TVM-01,Lulu Gold Coin,Jewellery,Lulu Gold,542,4,HIGH,171,2026-09-19
LULU-ORD-8628,LULU-TVM-01,Atta 10kg,Grocery,Aashirvaad,436,28,LOW,67,2026-10-13
LULU-ORD-8629,LULU-CLT-01,Banana Chips 1kg,Snacks,Local Kerala,47,32,LOW,156,2026-10-17
LULU-ORD-8630,LULU-TVM-01,Atta 10kg,Grocery,Aashirvaad,250,18,LOW,79,2026-10-03
LULU-ORD-8631,LULU-KOCHI-02,Mango 1kg,Fruits,Local Farm,168,44,LOW,135,2026-10-29
LULU-ORD-8632,LULU-KOCHI-02,Paneer 200g,Dairy,Milma,563,29,LOW,185,2026-10-14
LULU-ORD-8633,LULU-CLT-01,Banana Chips 1kg,Snacks,Local Kerala,429,23,LOW,131,2026-10-08
LULU-ORD-8634,LULU-KOCHI-02,Paneer 200g,Dairy,Milma,285,22,LOW,91,2026-10-07
LULU-ORD-8635,LULU-KOCHI-02,Lulu Gold Coin,Jewellery,Lulu Gold,146,28,LOW,111,2026-10-13
LULU-ORD-8636,LULU-TVM-01,Bread Loaf,Bakery,Modern,292,6,MEDIUM,140,2026-09-21
LULU-ORD-8637,LULU-KOCHI-02,Banana Chips 1kg,Snacks,Local Kerala,524,7,MEDIUM,160,2026-09-22
LULU-ORD-8638,LULU-TVM-01,Paneer 200g,Dairy,Milma,520,31,LOW,99,2026-10-16
LULU-ORD-8639,LULU-KOCHI-01,Milma Curd 500g,Dairy,Milma,51,13,MEDIUM,95,2026-09-28
LULU-ORD-8640,LULU-CLT-02,Banana Chips 1kg,Snacks,Local Kerala,162,4,HIGH,121,2026-09-19
LULU-ORD-8641,LULU-CLT-02,Banana Chips 1kg,Snacks,Local Kerala,416,40,LOW,24,2026-10-25
LULU-ORD-8642,LULU-KOCHI-01,Basmati Rice 5kg,Grocery,India Gate,138,25,LOW,98,2026-10-10
LULU-ORD-8643,LULU-CLT-02,Banana Chips 1kg,Snacks,Local Kerala,390,29,LOW,71,2026-10-14
LULU-ORD-8644,LULU-KOCHI-01,Milma Curd 500g,Dairy,Milma,43,30,LOW,20,2026-10-15
LULU-ORD-8645,LULU-CLT-01,Dates 500g,Dry Fruits,Lulu Import,242,22,LOW,120,2026-10-07
LULU-ORD-8646,LULU-CLT-02,Atta 10kg,Grocery,Aashirvaad,361,10,MEDIUM,79,2026-09-25
LULU-ORD-8647,LULU-KOCHI-01,Lulu Gold Coin,Jewellery,Lulu Gold,419,31,LOW,41,2026-10-16
LULU-ORD-8648,LULU-CLT-02,Banana Chips 1kg,Snacks,Local Kerala,360,36,LOW,133,2026-10-21
LULU-ORD-8649,LULU-KOCHI-01,Mango 1kg,Fruits,Local Farm,35,4,LOW,63,2026-09-19
LULU-ORD-8650,LULU-CLT-02,Dates 500g,Dry Fruits,Lulu Import,427,39,LOW,59,2026-10-24
LULU-ORD-8651,LULU-CLT-02,Banana Chips 1kg,Snacks,Local Kerala,514,28,LOW,65,2026-10-13
LULU-ORD-8652,LULU-TVM-01,Paneer 200g,Dairy,Milma,142,10,MEDIUM,100,2026-09-25
LULU-ORD-8653,LULU-CLT-02,Dates 500g,Dry Fruits,Lulu Import,173,34,LOW,129,2026-10-19
LULU-ORD-8654,LULU-CLT-02,Banana Chips 1kg,Snacks,Local Kerala,234,32,LOW,57,2026-10-17
LULU-ORD-8655,LULU-CLT-01,Bread Loaf,Bakery,Modern,222,7,MEDIUM,69,2026-09-22
LULU-ORD-8656,LULU-CLT-01,Basmati Rice 5kg,Grocery,India Gate,492,45,LOW,11,2026-10-30
LULU-ORD-8657,LULU-CLT-02,Atta 10kg,Grocery,Aashirvaad,329,10,MEDIUM,74,2026-09-25
LULU-ORD-8658,LULU-CLT-01,Milma Curd 500g,Dairy,Milma,219,29,LOW,78,2026-10-14
LULU-ORD-8659,LULU-CLT-02,Basmati Rice 5kg,Grocery,India Gate,205,15,MEDIUM,184,2026-09-30
LULU-ORD-8660,LULU-CLT-02,Chicken 1kg,Meat,Suguna,560,33,LOW,146,2026-10-18
LULU-ORD-8661,LULU-CLT-01,Paneer 200g,Dairy,Milma,385,26,LOW,42,2026-10-11
LULU-ORD-8662,LULU-CLT-01,Bread Loaf,Bakery,Modern,508,36,LOW,78,2026-10-21
LULU-ORD-8663,LULU-CLT-01,Lulu Gold Coin,Jewellery,Lulu Gold,234,29,LOW,161,2026-10-14
LULU-ORD-8664,LULU-CLT-01,Atta 10kg,Grocery,Aashirvaad,390,44,LOW,132,2026-10-29
LULU-ORD-8665,LULU-KOCHI-02,Dates 500g,Dry Fruits,Lulu Import,595,43,LOW,148,2026-10-28
LULU-ORD-8666,LULU-KOCHI-01,Milma Curd 500g,Dairy,Milma,405,19,LOW,190,2026-10-04
LULU-ORD-8667,LULU-CLT-02,Bread Loaf,Bakery,Modern,324,20,LOW,34,2026-10-05
LULU-ORD-8668,LULU-TVM-01,Bread Loaf,Bakery,Modern,511,43,LOW,66,2026-10-28
LULU-ORD-8669,LULU-KOCHI-01,Lulu Gold Coin,Jewellery,Lulu Gold,171,28,LOW,17,2026-10-13
LULU-ORD-8670,LULU-KOCHI-02,Bread Loaf,Bakery,Modern,221,10,MEDIUM,60,2026-09-25
LULU-ORD-8671,LULU-TVM-01,Mango 1kg,Fruits,Local Farm,448,34,LOW,102,2026-10-19
LULU-ORD-8672,LULU-CLT-02,Mango 1kg,Fruits,Local Farm,219,17,LOW,144,2026-10-02
LULU-ORD-8673,LULU-TVM-01,Atta 10kg,Grocery,Aashirvaad,228,41,LOW,19,2026-10-26
LULU-ORD-8674,LULU-TVM-01,Basmati Rice 5kg,Grocery,India Gate,477,40,LOW,129,2026-10-25
LULU-ORD-8675,LULU-CLT-02,Atta 10kg,Grocery,Aashirvaad,232,44,LOW,30,2026-10-29
LULU-ORD-8676,LULU-CLT-02,Bread Loaf,Bakery,Modern,33,16,LOW,34,2026-10-01
LULU-ORD-8677,LULU-TVM-01,Mango 1kg,Fruits,Local Farm,532,24,LOW,182,2026-10-09
LULU-ORD-8678,LULU-CLT-01,Dates 500g,Dry Fruits,Lulu Import,363,24,LOW,184,2026-10-09
LULU-ORD-8679,LULU-CLT-01,Milma Curd 500g,Dairy,Milma,140,22,LOW,111,2026-10-07
LULU-ORD-8680,LULU-TVM-01,Dates 500g,Dry Fruits,Lulu Import,454,42,LOW,113,2026-10-27
LULU-ORD-8681,LULU-KOCHI-02,Milma Curd 500g,Dairy,Milma,422,42,LOW,67,2026-10-27
LULU-ORD-8682,LULU-KOCHI-02,Paneer 200g,Dairy,Milma,516,27,LOW,33,2026-10-12
LULU-ORD-8683,LULU-TVM-01,Paneer 200g,Dairy,Milma,591,37,LOW,119,2026-10-22
LULU-ORD-8684,LULU-TVM-01,Basmati Rice 5kg,Grocery,India Gate,155,36,LOW,101,2026-10-21
LULU-ORD-8685,LULU-CLT-02,Mango 1kg,Fruits,Local Farm,101,1,HIGH,145,2026-09-16
LULU-ORD-8686,LULU-CLT-02,Bread Loaf,Bakery,Modern,199,20,LOW,130,2026-10-05
LULU-ORD-8687,LULU-CLT-01,Dates 500g,Dry Fruits,Lulu Import,182,10,MEDIUM,93,2026-09-25
LULU-ORD-8688,LULU-CLT-02,Bread Loaf,Bakery,Modern,589,26,LOW,183,2026-10-11
LULU-ORD-8689,LULU-TVM-01,Lulu Gold Coin,Jewellery,Lulu Gold,312,14,MEDIUM,183,2026-09-29
LULU-ORD-8690,LULU-TVM-01,Dates 500g,Dry Fruits,Lulu Import,243,39,LOW,75,2026-10-24
LULU-ORD-8691,LULU-KOCHI-01,Mango 1kg,Fruits,Local Farm,354,39,LOW,11,2026-10-24
LULU-ORD-8692,LULU-KOCHI-01,Basmati Rice 5kg,Grocery,India Gate,579,37,LOW,92,2026-10-22
LULU-ORD-8693,LULU-KOCHI-02,Paneer 200g,Dairy,Milma,434,24,LOW,179,2026-10-09
LULU-ORD-8694,LULU-KOCHI-02,Bread Loaf,Bakery,Modern,213,5,HIGH,24,2026-09-20
LULU-ORD-8695,LULU-CLT-01,Atta 10kg,Grocery,Aashirvaad,512,14,MEDIUM,23,2026-09-29
LULU-ORD-8696,LULU-CLT-02,Banana Chips 1kg,Snacks,Local Kerala,103,2,HIGH,198,2026-09-17
LULU-ORD-8697,LULU-KOCHI-02,Lulu Gold Coin,Jewellery,Lulu Gold,218,25,LOW,66,2026-10-10
LULU-ORD-8698,LULU-KOCHI-02,Banana Chips 1kg,Snacks,Local Kerala,369,25,LOW,62,2026-10-10
LULU-ORD-8699,LULU-KOCHI-01,Banana Chips 1kg,Snacks,Local Kerala,184,14,MEDIUM,139,2026-09-29
LULU-ORD-8700,LULU-CLT-02,Lulu Gold Coin,Jewellery,Lulu Gold,284,37,LOW,163,2026-10-22
LULU-ORD-8701,LULU-KOCHI-02,Chicken 1kg,Meat,Suguna,446,43,LOW,11,2026-10-28
LULU-ORD-8702,LULU-TVM-01,Chicken 1kg,Meat,Suguna,136,3,HIGH,12,2026-09-18
LULU-ORD-8703,LULU-KOCHI-02,Paneer 200g,Dairy,Milma,571,34,LOW,111,2026-10-19
LULU-ORD-8704,LULU-CLT-02,Milma Curd 500g,Dairy,Milma,462,14,MEDIUM,115,2026-09-29
LULU-ORD-8705,LULU-TVM-01,Paneer 200g,Dairy,Milma,321,29,LOW,156,2026-10-14
LULU-ORD-8706,LULU-KOCHI-01,Basmati Rice 5kg,Grocery,India Gate,490,33,LOW,167,2026-10-18
LULU-ORD-8707,LULU-KOCHI-02,Bread Loaf,Bakery,Modern,296,6,MEDIUM,120,2026-09-21
LULU-ORD-8708,LULU-CLT-02,Milma Curd 500g,Dairy,Milma,33,39,LOW,136,2026-10-24
LULU-ORD-8709,LULU-KOCHI-01,Chicken 1kg,Meat,Suguna,434,19,LOW,173,2026-10-04
LULU-ORD-8710,LULU-KOCHI-01,Atta 10kg,Grocery,Aashirvaad,120,1,HIGH,99,2026-09-16
LULU-ORD-8711,LULU-KOCHI-02,Lulu Gold Coin,Jewellery,Lulu Gold,262,18,LOW,121,2026-10-03
LULU-ORD-8712,LULU-KOCHI-02,Mango 1kg,Fruits,Local Farm,317,17,LOW,64,2026-10-02
LULU-ORD-8713,LULU-TVM-01,Basmati Rice 5kg,Grocery,India Gate,562,29,LOW,24,2026-10-14
LULU-ORD-8714,LULU-TVM-01,Bread Loaf,Bakery,Modern,143,33,LOW,17,2026-10-18
LULU-ORD-8715,LULU-KOCHI-01,Bread Loaf,Bakery,Modern,408,28,LOW,32,2026-10-13
LULU-ORD-8716,LULU-TVM-01,Atta 10kg,Grocery,Aashirvaad,205,29,LOW,87,2026-10-14
LULU-ORD-8717,LULU-TVM-01,Lulu Gold Coin,Jewellery,Lulu Gold,463,6,MEDIUM,145,2026-09-21
LULU-ORD-8718,LULU-KOCHI-02,Atta 10kg,Grocery,Aashirvaad,524,16,LOW,80,2026-10-01
LULU-ORD-8719,LULU-CLT-01,Basmati Rice 5kg,Grocery,India Gate,280,23,LOW,165,2026-10-08
LULU-ORD-8720,LULU-TVM-01,Dates 500g,Dry Fruits,Lulu Import,530,21,LOW,64,2026-10-06
LULU-ORD-8721,LULU-CLT-02,Atta 10kg,Grocery,Aashirvaad,51,26,LOW,92,2026-10-11
LULU-ORD-8722,LULU-CLT-01,Milma Curd 500g,Dairy,Milma,163,16,LOW,140,2026-10-01
LULU-ORD-8723,LULU-KOCHI-02,Mango 1kg,Fruits,Local Farm,409,18,LOW,165,2026-10-03
LULU-ORD-8724,LULU-KOCHI-01,Banana Chips 1kg,Snacks,Local Kerala,281,15,MEDIUM,69,2026-09-30
LULU-ORD-8725,LULU-KOCHI-02,Bread Loaf,Bakery,Modern,267,34,LOW,162,2026-10-19
LULU-ORD-8726,LULU-CLT-02,Bread Loaf,Bakery,Modern,191,8,MEDIUM,36,2026-09-23
LULU-ORD-8727,LULU-CLT-02,Bread Loaf,Bakery,Modern,408,3,HIGH,139,2026-09-18
LULU-ORD-8728,LULU-TVM-01,Lulu Gold Coin,Jewellery,Lulu Gold,75,1,MEDIUM,149,2026-09-16
LULU-ORD-8729,LULU-KOCHI-01,Milma Curd 500g,Dairy,Milma,224,22,LOW,117,2026-10-07
LULU-ORD-8730,LULU-KOCHI-02,Mango 1kg,Fruits,Local Farm,307,25,LOW,10,2026-10-10
LULU-ORD-8731,LULU-KOCHI-02,Paneer 200g,Dairy,Milma,70,14,MEDIUM,113,2026-09-29
LULU-ORD-8732,LULU-KOCHI-02,Paneer 200g,Dairy,Milma,461,18,LOW,120,2026-10-03
LULU-ORD-8733,LULU-CLT-01,Mango 1kg,Fruits,Local Farm,135,43,LOW,119,2026-10-28
LULU-ORD-8734,LULU-CLT-01,Chicken 1kg,Meat,Suguna,200,12,MEDIUM,96,2026-09-27
LULU-ORD-8735,LULU-KOCHI-02,Milma Curd 500g,Dairy,Milma,253,37,LOW,188,2026-10-22
LULU-ORD-8736,LULU-KOCHI-02,Bread Loaf,Bakery,Modern,369,36,LOW,191,2026-10-21
LULU-ORD-8737,LULU-TVM-01,Atta 10kg,Grocery,Aashirvaad,81,41,LOW,173,2026-10-26
LULU-ORD-8738,LULU-CLT-01,Milma Curd 500g,Dairy,Milma,53,20,LOW,90,2026-10-05
LULU-ORD-8739,LULU-CLT-02,Atta 10kg,Grocery,Aashirvaad,236,14,MEDIUM,105,2026-09-29
LULU-ORD-8740,LULU-KOCHI-02,Banana Chips 1kg,Snacks,Local Kerala,566,27,LOW,10,2026-10-12
LULU-ORD-8741,LULU-KOCHI-01,Chicken 1kg,Meat,Suguna,238,33,LOW,90,2026-10-18
LULU-ORD-8742,LULU-TVM-01,Milma Curd 500g,Dairy,Milma,36,11,LOW,96,2026-09-26
LULU-ORD-8743,LULU-CLT-01,Lulu Gold Coin,Jewellery,Lulu Gold,207,34,LOW,37,2026-10-19
LULU-ORD-8744,LULU-KOCHI-01,Milma Curd 500g,Dairy,Milma,80,12,MEDIUM,100,2026-09-27
LULU-ORD-8745,LULU-CLT-01,Lulu Gold Coin,Jewellery,Lulu Gold,106,35,LOW,105,2026-10-20
LULU-ORD-8746,LULU-CLT-01,Atta 10kg,Grocery,Aashirvaad,66,25,LOW,163,2026-10-10
LULU-ORD-8747,LULU-CLT-01,Paneer 200g,Dairy,Milma,591,38,LOW,58,2026-10-23
LULU-ORD-8748,LULU-KOCHI-01,Dates 500g,Dry Fruits,Lulu Import,392,3,HIGH,96,2026-09-18
LULU-ORD-8749,LULU-TVM-01,Chicken 1kg,Meat,Suguna,599,7,MEDIUM,66,2026-09-22
LULU-ORD-8750,LULU-KOCHI-02,Mango 1kg,Fruits,Local Farm,431,35,LOW,30,2026-10-20
LULU-ORD-8751,LULU-KOCHI-02,Atta 10kg,Grocery,Aashirvaad,453,43,LOW,29,2026-10-28
LULU-ORD-8752,LULU-CLT-01,Lulu Gold Coin,Jewellery,Lulu Gold,17,35,LOW,174,2026-10-20
LULU-ORD-8753,LULU-CLT-02,Paneer 200g,Dairy,Milma,161,39,LOW,191,2026-10-24
LULU-ORD-8754,LULU-CLT-01,Banana Chips 1kg,Snacks,Local Kerala,581,24,LOW,135,2026-10-09
LULU-ORD-8755,LULU-CLT-02,Chicken 1kg,Meat,Suguna,442,6,MEDIUM,161,2026-09-21
LULU-ORD-8756,LULU-CLT-01,Basmati Rice 5kg,Grocery,India Gate,222,9,MEDIUM,59,2026-09-24
LULU-ORD-8757,LULU-CLT-02,Paneer 200g,Dairy,Milma,600,23,LOW,44,2026-10-08
LULU-ORD-8758,LULU-CLT-01,Milma Curd 500g,Dairy,Milma,586,17,LOW,180,2026-10-02
LULU-ORD-8759,LULU-CLT-01,Milma Curd 500g,Dairy,Milma,228,31,LOW,130,2026-10-16
LULU-ORD-8760,LULU-TVM-01,Lulu Gold Coin,Jewellery,Lulu Gold,381,34,LOW,99,2026-10-19
LULU-ORD-8761,LULU-KOCHI-01,Dates 500g,Dry Fruits,Lulu Import,168,29,LOW,148,2026-10-14
LULU-ORD-8762,LULU-CLT-01,Milma Curd 500g,Dairy,Milma,407,26,LOW,27,2026-10-11
LULU-ORD-8763,LULU-CLT-01,Banana Chips 1kg,Snacks,Local Kerala,434,9,MEDIUM,176,2026-09-24
LULU-ORD-8764,LULU-TVM-01,Basmati Rice 5kg,Grocery,India Gate,70,25,LOW,104,2026-10-10
LULU-ORD-8765,LULU-KOCHI-02,Chicken 1kg,Meat,Suguna,449,21,LOW,182,2026-10-06
LULU-ORD-8766,LULU-CLT-01,Chicken 1kg,Meat,Suguna,182,8,MEDIUM,151,2026-09-23
LULU-ORD-8767,LULU-CLT-01,Dates 500g,Dry Fruits,Lulu Import,59,42,LOW,148,2026-10-27
LULU-ORD-8768,LULU-CLT-02,Chicken 1kg,Meat,Suguna,134,43,LOW,181,2026-10-28
LULU-ORD-8769,LULU-CLT-01,Basmati Rice 5kg,Grocery,India Gate,236,13,MEDIUM,56,2026-09-28
LULU-ORD-8770,LULU-TVM-01,Bread Loaf,Bakery,Modern,375,38,LOW,136,2026-10-23
LULU-ORD-8771,LULU-KOCHI-02,Mango 1kg,Fruits,Local Farm,148,4,HIGH,48,2026-09-19
LULU-ORD-8772,LULU-KOCHI-01,Basmati Rice 5kg,Grocery,India Gate,127,19,LOW,163,2026-10-04
LULU-ORD-8773,LULU-TVM-01,Dates 500g,Dry Fruits,Lulu Import,578,43,LOW,189,2026-10-28
LULU-ORD-8774,LULU-TVM-01,Mango 1kg,Fruits,Local Farm,117,2,HIGH,190,2026-09-17
LULU-ORD-8775,LULU-KOCHI-02,Dates 500g,Dry Fruits,Lulu Import,120,37,LOW,150,2026-10-22
LULU-ORD-8776,LULU-CLT-01,Milma Curd 500g,Dairy,Milma,305,23,LOW,98,2026-10-08
LULU-ORD-8777,LULU-CLT-02,Banana Chips 1kg,Snacks,Local Kerala,101,5,HIGH,22,2026-09-20
LULU-ORD-8778,LULU-TVM-01,Basmati Rice 5kg,Grocery,India Gate,442,1,HIGH,41,2026-09-16
LULU-ORD-8779,LULU-TVM-01,Dates 500g,Dry Fruits,Lulu Import,290,7,MEDIUM,13,2026-09-22
LULU-ORD-8780,LULU-CLT-01,Paneer 200g,Dairy,Milma,271,27,LOW,148,2026-10-12
LULU-ORD-8781,LULU-KOCHI-01,Chicken 1kg,Meat,Suguna,521,7,MEDIUM,19,2026-09-22
LULU-ORD-8782,LULU-KOCHI-02,Atta 10kg,Grocery,Aashirvaad,251,18,LOW,154,2026-10-03
LULU-ORD-8783,LULU-TVM-01,Bread Loaf,Bakery,Modern,279,18,LOW,100,2026-10-03
LULU-ORD-8784,LULU-TVM-01,Milma Curd 500g,Dairy,Milma,423,1,HIGH,184,2026-09-16
LULU-ORD-8785,LULU-KOCHI-02,Bread Loaf,Bakery,Modern,523,3,HIGH,43,2026-09-18
LULU-ORD-8786,LULU-KOCHI-02,Lulu Gold Coin,Jewellery,Lulu Gold,278,22,LOW,120,2026-10-07
LULU-ORD-8787,LULU-TVM-01,Mango 1kg,Fruits,Local Farm,580,15,MEDIUM,173,2026-09-30
LULU-ORD-8788,LULU-CLT-01,Atta 10kg,Grocery,Aashirvaad,366,37,LOW,134,2026-10-22
LULU-ORD-8789,LULU-KOCHI-01,Paneer 200g,Dairy,Milma,155,39,LOW,30,2026-10-24
LULU-ORD-8790,LULU-TVM-01,Paneer 200g,Dairy,Milma,156,43,LOW,178,2026-10-28
LULU-ORD-8791,LULU-KOCHI-01,Milma Curd 500g,Dairy,Milma,307,40,LOW,126,2026-10-25
LULU-ORD-8792,LULU-KOCHI-01,Lulu Gold Coin,Jewellery,Lulu Gold,451,12,MEDIUM,58,2026-09-27
LULU-ORD-8793,LULU-KOCHI-02,Atta 10kg,Grocery,Aashirvaad,304,30,LOW,109,2026-10-15
LULU-ORD-8794,LULU-KOCHI-01,Mango 1kg,Fruits,Local Farm,97,39,LOW,59,2026-10-24
LULU-ORD-8795,LULU-KOCHI-01,Milma Curd 500g,Dairy,Milma,108,26,LOW,136,2026-10-11
LULU-ORD-8796,LULU-KOCHI-02,Banana Chips 1kg,Snacks,Local Kerala,547,41,LOW,41,2026-10-26
LULU-ORD-8797,LULU-KOCHI-02,Lulu Gold Coin,Jewellery,Lulu Gold,310,44,LOW,142,2026-10-29
LULU-ORD-8798,LULU-KOCHI-02,Bread Loaf,Bakery,Modern,24,9,LOW,43,2026-09-24
LULU-ORD-8799,LULU-CLT-01,Mango 1kg,Fruits,Local Farm,466,25,LOW,40,2026-10-10
LULU-ORD-8800,LULU-TVM-01,Dates 500g,Dry Fruits,Lulu Import,406,9,MEDIUM,112,2026-09-24
LULU-ORD-8801,LULU-KOCHI-01,Dates 500g,Dry Fruits,Lulu Import,18,13,LOW,162,2026-09-28
LULU-ORD-8802,LULU-KOCHI-02,Atta 10kg,Grocery,Aashirvaad,140,18,LOW,150,2026-10-03
LULU-ORD-8803,LULU-CLT-01,Mango 1kg,Fruits,Local Farm,432,31,LOW,41,2026-10-16
LULU-ORD-8804,LULU-CLT-02,Dates 500g,Dry Fruits,Lulu Import,388,25,LOW,137,2026-10-10
LULU-ORD-8805,LULU-CLT-02,Lulu Gold Coin,Jewellery,Lulu Gold,312,3,HIGH,26,2026-09-18
LULU-ORD-8806,LULU-CLT-02,Bread Loaf,Bakery,Modern,519,9,MEDIUM,32,2026-09-24
LULU-ORD-8807,LULU-KOCHI-01,Banana Chips 1kg,Snacks,Local Kerala,340,10,MEDIUM,55,2026-09-25
LULU-ORD-8808,LULU-KOCHI-01,Basmati Rice 5kg,Grocery,India Gate,358,10,MEDIUM,200,2026-09-25
LULU-ORD-8809,LULU-TVM-01,Dates 500g,Dry Fruits,Lulu Import,44,1,LOW,92,2026-09-16
LULU-ORD-8810,LULU-KOCHI-02,Atta 10kg,Grocery,Aashirvaad,326,39,LOW,26,2026-10-24
LULU-ORD-8811,LULU-KOCHI-01,Lulu Gold Coin,Jewellery,Lulu Gold,194,7,MEDIUM,24,2026-09-22
LULU-ORD-8812,LULU-KOCHI-01,Bread Loaf,Bakery,Modern,163,1,HIGH,197,2026-09-16
LULU-ORD-8813,LULU-CLT-01,Basmati Rice 5kg,Grocery,India Gate,348,13,MEDIUM,58,2026-09-28
LULU-ORD-8814,LULU-KOCHI-01,Chicken 1kg,Meat,Suguna,537,18,LOW,115,2026-10-03
LULU-ORD-8815,LULU-TVM-01,Milma Curd 500g,Dairy,Milma,347,40,LOW,68,2026-10-25
LULU-ORD-8816,LULU-CLT-02,Paneer 200g,Dairy,Milma,162,16,LOW,42,2026-10-01
LULU-ORD-8817,LULU-CLT-01,Chicken 1kg,Meat,Suguna,16,39,LOW,47,2026-10-24
LULU-ORD-8818,LULU-CLT-02,Mango 1kg,Fruits,Local Farm,287,17,LOW,195,2026-10-02
LULU-ORD-8819,LULU-CLT-01,Chicken 1kg,Meat,Suguna,293,45,LOW,81,2026-10-30
LULU-ORD-8820,LULU-TVM-01,Milma Curd 500g,Dairy,Milma,561,32,LOW,66,2026-10-17
LULU-ORD-8821,LULU-KOCHI-02,Paneer 200g,Dairy,Milma,211,44,LOW,133,2026-10-29
LULU-ORD-8822,LULU-KOCHI-01,Mango 1kg,Fruits,Local Farm,567,10,MEDIUM,21,2026-09-25
LULU-ORD-8823,LULU-KOCHI-02,Banana Chips 1kg,Snacks,Local Kerala,108,8,MEDIUM,145,2026-09-23
LULU-ORD-8824,LULU-CLT-02,Banana Chips 1kg,Snacks,Local Kerala,243,6,MEDIUM,135,2026-09-21
LULU-ORD-8825,LULU-TVM-01,Mango 1kg,Fruits,Local Farm,589,44,LOW,30,2026-10-29
LULU-ORD-8826,LULU-CLT-01,Atta 10kg,Grocery,Aashirvaad,121,42,LOW,20,2026-10-27
LULU-ORD-8827,LULU-KOCHI-01,Mango 1kg,Fruits,Local Farm,402,10,MEDIUM,51,2026-09-25
LULU-ORD-8828,LULU-TVM-01,Dates 500g,Dry Fruits,Lulu Import,362,30,LOW,167,2026-10-15
LULU-ORD-8829,LULU-KOCHI-01,Dates 500g,Dry Fruits,Lulu Import,232,44,LOW,102,2026-10-29
LULU-ORD-8830,LULU-KOCHI-01,Atta 10kg,Grocery,Aashirvaad,494,29,LOW,98,2026-10-14
LULU-ORD-8831,LULU-KOCHI-01,Banana Chips 1kg,Snacks,Local Kerala,437,14,MEDIUM,138,2026-09-29
LULU-ORD-8832,LULU-CLT-02,Atta 10kg,Grocery,Aashirvaad,555,10,MEDIUM,136,2026-09-25
LULU-ORD-8833,LULU-KOCHI-01,Banana Chips 1kg,Snacks,Local Kerala,332,20,LOW,57,2026-10-05
LULU-ORD-8834,LULU-KOCHI-01,Banana Chips 1kg,Snacks,Local Kerala,339,13,MEDIUM,39,2026-09-28
LULU-ORD-8835,LULU-TVM-01,Chicken 1kg,Meat,Suguna,487,34,LOW,57,2026-10-19
LULU-ORD-8836,LULU-CLT-01,Atta 10kg,Grocery,Aashirvaad,35,22,LOW,73,2026-10-07
LULU-ORD-8837,LULU-CLT-02,Paneer 200g,Dairy,Milma,354,24,LOW,151,2026-10-09
LULU-ORD-8838,LULU-KOCHI-02,Atta 10kg,Grocery,Aashirvaad,201,33,LOW,50,2026-10-18
LULU-ORD-8839,LULU-KOCHI-02,Milma Curd 500g,Dairy,Milma,278,29,LOW,131,2026-10-14
LULU-ORD-8840,LULU-CLT-01,Dates 500g,Dry Fruits,Lulu Import,398,25,LOW,146,2026-10-10
LULU-ORD-8841,LULU-KOCHI-02,Banana Chips 1kg,Snacks,Local Kerala,563,35,LOW,86,2026-10-20
LULU-ORD-8842,LULU-CLT-01,Bread Loaf,Bakery,Modern,522,29,LOW,195,2026-10-14
LULU-ORD-8843,LULU-KOCHI-02,Banana Chips 1kg,Snacks,Local Kerala,66,41,LOW,90,2026-10-26
LULU-ORD-8844,LULU-CLT-02,Basmati Rice 5kg,Grocery,India Gate,83,44,LOW,193,2026-10-29
LULU-ORD-8845,LULU-TVM-01,Dates 500g,Dry Fruits,Lulu Import,578,24,LOW,58,2026-10-09
LULU-ORD-8846,LULU-KOCHI-02,Chicken 1kg,Meat,Suguna,390,9,MEDIUM,42,2026-09-24
LULU-ORD-8847,LULU-KOCHI-01,Chicken 1kg,Meat,Suguna,45,31,LOW,192,2026-10-16
LULU-ORD-8848,LULU-CLT-02,Chicken 1kg,Meat,Suguna,273,17,LOW,10,2026-10-02
LULU-ORD-8849,LULU-CLT-01,Chicken 1kg,Meat,Suguna,25,25,LOW,81,2026-10-10
LULU-ORD-8850,LULU-TVM-01,Paneer 200g,Dairy,Milma,374,10,MEDIUM,162,2026-09-25
LULU-ORD-8851,LULU-KOCHI-02,Dates 500g,Dry Fruits,Lulu Import,323,23,LOW,89,2026-10-08
LULU-ORD-8852,LULU-CLT-01,Paneer 200g,Dairy,Milma,219,14,MEDIUM,162,2026-09-29
LULU-ORD-8853,LULU-CLT-01,Mango 1kg,Fruits,Local Farm,500,7,MEDIUM,184,2026-09-22
LULU-ORD-8854,LULU-CLT-02,Bread Loaf,Bakery,Modern,242,15,MEDIUM,80,2026-09-30
LULU-ORD-8855,LULU-TVM-01,Mango 1kg,Fruits,Local Farm,471,11,MEDIUM,120,2026-09-26
LULU-ORD-8856,LULU-CLT-01,Mango 1kg,Fruits,Local Farm,488,2,HIGH,16,2026-09-17
LULU-ORD-8857,LULU-KOCHI-01,Milma Curd 500g,Dairy,Milma,220,41,LOW,67,2026-10-26
LULU-ORD-8858,LULU-TVM-01,Paneer 200g,Dairy,Milma,318,39,LOW,137,2026-10-24
LULU-ORD-8859,LULU-KOCHI-01,Bread Loaf,Bakery,Modern,565,45,LOW,151,2026-10-30
LULU-ORD-8860,LULU-TVM-01,Dates 500g,Dry Fruits,Lulu Import,80,34,LOW,139,2026-10-19
LULU-ORD-8861,LULU-KOCHI-02,Chicken 1kg,Meat,Suguna,497,33,LOW,23,2026-10-18
LULU-ORD-8862,LULU-TVM-01,Banana Chips 1kg,Snacks,Local Kerala,128,24,LOW,161,2026-10-09
LULU-ORD-8863,LULU-KOCHI-01,Banana Chips 1kg,Snacks,Local Kerala,521,39,LOW,65,2026-10-24
LULU-ORD-8864,LULU-TVM-01,Lulu Gold Coin,Jewellery,Lulu Gold,457,15,MEDIUM,42,2026-09-30
LULU-ORD-8865,LULU-CLT-01,Lulu Gold Coin,Jewellery,Lulu Gold,305,38,LOW,63,2026-10-23
LULU-ORD-8866,LULU-CLT-02,Basmati Rice 5kg,Grocery,India Gate,130,11,MEDIUM,57,2026-09-26
LULU-ORD-8867,LULU-TVM-01,Basmati Rice 5kg,Grocery,India Gate,339,17,LOW,20,2026-10-02
LULU-ORD-8868,LULU-KOCHI-02,Lulu Gold Coin,Jewellery,Lulu Gold,24,19,LOW,62,2026-10-04
LULU-ORD-8869,LULU-CLT-02,Chicken 1kg,Meat,Suguna,329,34,LOW,111,2026-10-19
LULU-ORD-8870,LULU-KOCHI-02,Atta 10kg,Grocery,Aashirvaad,484,20,LOW,130,2026-10-05
LULU-ORD-8871,LULU-KOCHI-02,Lulu Gold Coin,Jewellery,Lulu Gold,271,1,HIGH,14,2026-09-16
LULU-ORD-8872,LULU-KOCHI-02,Basmati Rice 5kg,Grocery,India Gate,422,25,LOW,100,2026-10-10
LULU-ORD-8873,LULU-KOCHI-02,Dates 500g,Dry Fruits,Lulu Import,22,1,LOW,106,2026-09-16
LULU-ORD-8874,LULU-CLT-02,Banana Chips 1kg,Snacks,Local Kerala,175,36,LOW,40,2026-10-21
LULU-ORD-8875,LULU-CLT-01,Banana Chips 1kg,Snacks,Local Kerala,561,9,MEDIUM,158,2026-09-24
LULU-ORD-8876,LULU-TVM-01,Basmati Rice 5kg,Grocery,India Gate,525,27,LOW,52,2026-10-12
LULU-ORD-8877,LULU-KOCHI-02,Lulu Gold Coin,Jewellery,Lulu Gold,578,17,LOW,44,2026-10-02
LULU-ORD-8878,LULU-TVM-01,Dates 500g,Dry Fruits,Lulu Import,277,14,MEDIUM,62,2026-09-29
LULU-ORD-8879,LULU-KOCHI-01,Basmati Rice 5kg,Grocery,India Gate,21,20,LOW,174,2026-10-05
LULU-ORD-8880,LULU-CLT-02,Mango 1kg,Fruits,Local Farm,451,37,LOW,179,2026-10-22
LULU-ORD-8881,LULU-KOCHI-02,Milma Curd 500g,Dairy,Milma,421,26,LOW,18,2026-10-11
LULU-ORD-8882,LULU-CLT-02,Paneer 200g,Dairy,Milma,566,23,LOW,34,2026-10-08
LULU-ORD-8883,LULU-KOCHI-01,Banana Chips 1kg,Snacks,Local Kerala,217,17,LOW,62,2026-10-02
LULU-ORD-8884,LULU-TVM-01,Bread Loaf,Bakery,Modern,543,18,LOW,153,2026-10-03
LULU-ORD-8885,LULU-KOCHI-01,Chicken 1kg,Meat,Suguna,125,34,LOW,120,2026-10-19
LULU-ORD-8886,LULU-KOCHI-01,Bread Loaf,Bakery,Modern,110,10,MEDIUM,56,2026-09-25
LULU-ORD-8887,LULU-CLT-02,Chicken 1kg,Meat,Suguna,39,25,LOW,129,2026-10-10
LULU-ORD-8888,LULU-CLT-01,Atta 10kg,Grocery,Aashirvaad,100,31,LOW,88,2026-10-16
LULU-ORD-8889,LULU-KOCHI-01,Atta 10kg,Grocery,Aashirvaad,240,25,LOW,170,2026-10-10
LULU-ORD-8890,LULU-KOCHI-02,Atta 10kg,Grocery,Aashirvaad,107,6,MEDIUM,196,2026-09-21
LULU-ORD-8891,LULU-TVM-01,Bread Loaf,Bakery,Modern,368,24,LOW,170,2026-10-09
LULU-ORD-8892,LULU-CLT-02,Bread Loaf,Bakery,Modern,596,17,LOW,28,2026-10-02
LULU-ORD-8893,LULU-TVM-01,Mango 1kg,Fruits,Local Farm,262,32,LOW,60,2026-10-17
LULU-ORD-8894,LULU-CLT-02,Chicken 1kg,Meat,Suguna,223,27,LOW,186,2026-10-12
LULU-ORD-8895,LULU-KOCHI-02,Dates 500g,Dry Fruits,Lulu Import,354,37,LOW,55,2026-10-22
LULU-ORD-8896,LULU-KOCHI-02,Lulu Gold Coin,Jewellery,Lulu Gold,419,30,LOW,143,2026-10-15
LULU-ORD-8897,LULU-KOCHI-01,Lulu Gold Coin,Jewellery,Lulu Gold,497,32,LOW,155,2026-10-17
LULU-ORD-8898,LULU-KOCHI-02,Basmati Rice 5kg,Grocery,India Gate,379,36,LOW,28,2026-10-21
LULU-ORD-8899,LULU-KOCHI-02,Basmati Rice 5kg,Grocery,India Gate,326,6,MEDIUM,75,2026-09-21
LULU-ORD-8900,LULU-KOCHI-01,Mango 1kg,Fruits,Local Farm,84,38,LOW,66,2026-10-23
LULU-ORD-8901,LULU-TVM-01,Atta 10kg,Grocery,Aashirvaad,34,36,LOW,86,2026-10-21
LULU-ORD-8902,LULU-CLT-02,Banana Chips 1kg,Snacks,Local Kerala,452,32,LOW,59,2026-10-17
LULU-ORD-8903,LULU-KOCHI-02,Basmati Rice 5kg,Grocery,India Gate,23,44,LOW,113,2026-10-29
LULU-ORD-8904,LULU-CLT-01,Chicken 1kg,Meat,Suguna,382,2,HIGH,34,2026-09-17
LULU-ORD-8905,LULU-TVM-01,Chicken 1kg,Meat,Suguna,93,15,MEDIUM,37,2026-09-30
LULU-ORD-8906,LULU-CLT-01,Bread Loaf,Bakery,Modern,325,34,LOW,88,2026-10-19
LULU-ORD-8907,LULU-KOCHI-02,Paneer 200g,Dairy,Milma,197,13,MEDIUM,74,2026-09-28
LULU-ORD-8908,LULU-KOCHI-01,Lulu Gold Coin,Jewellery,Lulu Gold,170,5,HIGH,159,2026-09-20
LULU-ORD-8909,LULU-CLT-01,Mango 1kg,Fruits,Local Farm,23,6,LOW,195,2026-09-21
LULU-ORD-8910,LULU-KOCHI-02,Atta 10kg,Grocery,Aashirvaad,413,7,MEDIUM,74,2026-09-22
LULU-ORD-8911,LULU-TVM-01,Lulu Gold Coin,Jewellery,Lulu Gold,28,20,LOW,156,2026-10-05
LULU-ORD-8912,LULU-CLT-02,Chicken 1kg,Meat,Suguna,360,31,LOW,145,2026-10-16
LULU-ORD-8913,LULU-TVM-01,Milma Curd 500g,Dairy,Milma,400,30,LOW,156,2026-10-15
LULU-ORD-8914,LULU-CLT-02,Dates 500g,Dry Fruits,Lulu Import,482,43,LOW,109,2026-10-28
LULU-ORD-8915,LULU-TVM-01,Lulu Gold Coin,Jewellery,Lulu Gold,195,3,HIGH,182,2026-09-18
LULU-ORD-8916,LULU-CLT-02,Dates 500g,Dry Fruits,Lulu Import,131,3,HIGH,59,2026-09-18
LULU-ORD-8917,LULU-KOCHI-01,Lulu Gold Coin,Jewellery,Lulu Gold,195,28,LOW,67,2026-10-13
LULU-ORD-8918,LULU-TVM-01,Banana Chips 1kg,Snacks,Local Kerala,68,24,LOW,109,2026-10-09
LULU-ORD-8919,LULU-CLT-02,Mango 1kg,Fruits,Local Farm,589,29,LOW,78,2026-10-14
LULU-ORD-8920,LULU-KOCHI-01,Bread Loaf,Bakery,Modern,490,7,MEDIUM,102,2026-09-22
LULU-ORD-8921,LULU-KOCHI-02,Lulu Gold Coin,Jewellery,Lulu Gold,210,11,MEDIUM,129,2026-09-26
LULU-ORD-8922,LULU-KOCHI-01,Milma Curd 500g,Dairy,Milma,131,8,MEDIUM,88,2026-09-23
LULU-ORD-8923,LULU-KOCHI-02,Mango 1kg,Fruits,Local Farm,108,30,LOW,62,2026-10-15
LULU-ORD-8924,LULU-TVM-01,Banana Chips 1kg,Snacks,Local Kerala,433,1,HIGH,118,2026-09-16
LULU-ORD-8925,LULU-TVM-01,Atta 10kg,Grocery,Aashirvaad,358,27,LOW,151,2026-10-12
LULU-ORD-8926,LULU-CLT-01,Atta 10kg,Grocery,Aashirvaad,573,27,LOW,18,2026-10-12
LULU-ORD-8927,LULU-TVM-01,Atta 10kg,Grocery,Aashirvaad,361,44,LOW,131,2026-10-29
LULU-ORD-8928,LULU-KOCHI-02,Basmati Rice 5kg,Grocery,India Gate,365,33,LOW,132,2026-10-18
LULU-ORD-8929,LULU-CLT-02,Mango 1kg,Fruits,Local Farm,310,14,MEDIUM,115,2026-09-29
LULU-ORD-8930,LULU-CLT-01,Paneer 200g,Dairy,Milma,288,32,LOW,53,2026-10-17
LULU-ORD-8931,LULU-KOCHI-02,Dates 500g,Dry Fruits,Lulu Import,215,10,MEDIUM,111,2026-09-25
LULU-ORD-8932,LULU-TVM-01,Lulu Gold Coin,Jewellery,Lulu Gold,444,23,LOW,110,2026-10-08
LULU-ORD-8933,LULU-KOCHI-02,Paneer 200g,Dairy,Milma,352,34,LOW,177,2026-10-19
LULU-ORD-8934,LULU-KOCHI-01,Dates 500g,Dry Fruits,Lulu Import,404,40,LOW,159,2026-10-25
LULU-ORD-8935,LULU-KOCHI-01,Paneer 200g,Dairy,Milma,463,6,MEDIUM,100,2026-09-21
LULU-ORD-8936,LULU-KOCHI-01,Basmati Rice 5kg,Grocery,India Gate,291,29,LOW,91,2026-10-14
LULU-ORD-8937,LULU-CLT-01,Milma Curd 500g,Dairy,Milma,142,17,LOW,103,2026-10-02
LULU-ORD-8938,LULU-CLT-02,Basmati Rice 5kg,Grocery,India Gate,463,32,LOW,163,2026-10-17
LULU-ORD-8939,LULU-TVM-01,Milma Curd 500g,Dairy,Milma,582,18,LOW,166,2026-10-03
LULU-ORD-8940,LULU-TVM-01,Dates 500g,Dry Fruits,Lulu Import,332,15,MEDIUM,76,2026-09-30
LULU-ORD-8941,LULU-KOCHI-02,Bread Loaf,Bakery,Modern,37,16,LOW,99,2026-10-01
LULU-ORD-8942,LULU-KOCHI-02,Paneer 200g,Dairy,Milma,577,3,HIGH,144,2026-09-18
LULU-ORD-8943,LULU-TVM-01,Milma Curd 500g,Dairy,Milma,393,15,MEDIUM,65,2026-09-30
LULU-ORD-8944,LULU-KOCHI-02,Basmati Rice 5kg,Grocery,India Gate,556,24,LOW,158,2026-10-09
LULU-ORD-8945,LULU-CLT-01,Basmati Rice 5kg,Grocery,India Gate,201,39,LOW,73,2026-10-24
LULU-ORD-8946,LULU-TVM-01,Dates 500g,Dry Fruits,Lulu Import,398,20,LOW,20,2026-10-05
LULU-ORD-8947,LULU-CLT-02,Paneer 200g,Dairy,Milma,39,31,LOW,127,2026-10-16
LULU-ORD-8948,LULU-CLT-01,Basmati Rice 5kg,Grocery,India Gate,66,18,LOW,100,2026-10-03
LULU-ORD-8949,LULU-CLT-02,Milma Curd 500g,Dairy,Milma,405,14,MEDIUM,190,2026-09-29
LULU-ORD-8950,LULU-CLT-01,Paneer 200g,Dairy,Milma,40,21,LOW,21,2026-10-06
LULU-ORD-8951,LULU-TVM-01,Banana Chips 1kg,Snacks,Local Kerala,427,24,LOW,68,2026-10-09
LULU-ORD-8952,LULU-TVM-01,Atta 10kg,Grocery,Aashirvaad,472,41,LOW,120,2026-10-26
LULU-ORD-8953,LULU-KOCHI-02,Basmati Rice 5kg,Grocery,India Gate,216,19,LOW,129,2026-10-04
LULU-ORD-8954,LULU-KOCHI-02,Paneer 200g,Dairy,Milma,447,18,LOW,120,2026-10-03
LULU-ORD-8955,LULU-CLT-02,Milma Curd 500g,Dairy,Milma,263,14,MEDIUM,134,2026-09-29
LULU-ORD-8956,LULU-KOCHI-02,Basmati Rice 5kg,Grocery,India Gate,594,40,LOW,77,2026-10-25
LULU-ORD-8957,LULU-CLT-02,Chicken 1kg,Meat,Suguna,353,39,LOW,23,2026-10-24
LULU-ORD-8958,LULU-CLT-01,Mango 1kg,Fruits,Local Farm,300,5,HIGH,32,2026-09-20
LULU-ORD-8959,LULU-KOCHI-02,Milma Curd 500g,Dairy,Milma,193,41,LOW,121,2026-10-26
LULU-ORD-8960,LULU-CLT-01,Milma Curd 500g,Dairy,Milma,504,35,LOW,184,2026-10-20
LULU-ORD-8961,LULU-KOCHI-02,Mango 1kg,Fruits,Local Farm,345,8,MEDIUM,86,2026-09-23
LULU-ORD-8962,LULU-KOCHI-02,Atta 10kg,Grocery,Aashirvaad,278,38,LOW,131,2026-10-23
LULU-ORD-8963,LULU-TVM-01,Mango 1kg,Fruits,Local Farm,490,13,MEDIUM,60,2026-09-28
LULU-ORD-8964,LULU-CLT-01,Basmati Rice 5kg,Grocery,India Gate,32,28,LOW,77,2026-10-13
LULU-ORD-8965,LULU-KOCHI-02,Paneer 200g,Dairy,Milma,230,21,LOW,177,2026-10-06
LULU-ORD-8966,LULU-TVM-01,Bread Loaf,Bakery,Modern,286,31,LOW,161,2026-10-16
LULU-ORD-8967,LULU-KOCHI-01,Basmati Rice 5kg,Grocery,India Gate,359,2,HIGH,181,2026-09-17
LULU-ORD-8968,LULU-CLT-02,Banana Chips 1kg,Snacks,Local Kerala,429,3,HIGH,129,2026-09-18
LULU-ORD-8969,LULU-KOCHI-02,Milma Curd 500g,Dairy,Milma,423,34,LOW,95,2026-10-19
LULU-ORD-8970,LULU-KOCHI-02,Dates 500g,Dry Fruits,Lulu Import,491,4,HIGH,31,2026-09-19
LULU-ORD-8971,LULU-TVM-01,Atta 10kg,Grocery,Aashirvaad,132,11,MEDIUM,56,2026-09-26
LULU-ORD-8972,LULU-CLT-02,Basmati Rice 5kg,Grocery,India Gate,418,7,MEDIUM,155,2026-09-22
LULU-ORD-8973,LULU-KOCHI-02,Chicken 1kg,Meat,Suguna,140,13,MEDIUM,128,2026-09-28
LULU-ORD-8974,LULU-TVM-01,Paneer 200g,Dairy,Milma,382,39,LOW,143,2026-10-24
LULU-ORD-8975,LULU-CLT-02,Paneer 200g,Dairy,Milma,114,45,LOW,73,2026-10-30
LULU-ORD-8976,LULU-KOCHI-02,Lulu Gold Coin,Jewellery,Lulu Gold,431,33,LOW,12,2026-10-18
LULU-ORD-8977,LULU-KOCHI-02,Bread Loaf,Bakery,Modern,527,1,HIGH,158,2026-09-16
LULU-ORD-8978,LULU-KOCHI-02,Chicken 1kg,Meat,Suguna,55,41,LOW,174,2026-10-26
LULU-ORD-8979,LULU-KOCHI-02,Bread Loaf,Bakery,Modern,131,2,HIGH,78,2026-09-17
LULU-ORD-8980,LULU-KOCHI-02,Milma Curd 500g,Dairy,Milma,517,3,HIGH,145,2026-09-18
LULU-ORD-8981,LULU-KOCHI-01,Basmati Rice 5kg,Grocery,India Gate,560,44,LOW,122,2026-10-29
LULU-ORD-8982,LULU-CLT-02,Atta 10kg,Grocery,Aashirvaad,285,33,LOW,12,2026-10-18
LULU-ORD-8983,LULU-KOCHI-01,Basmati Rice 5kg,Grocery,India Gate,270,34,LOW,128,2026-10-19
LULU-ORD-8984,LULU-KOCHI-01,Basmati Rice 5kg,Grocery,India Gate,453,22,LOW,186,2026-10-07
LULU-ORD-8985,LULU-TVM-01,Milma Curd 500g,Dairy,Milma,308,17,LOW,43,2026-10-02
LULU-ORD-8986,LULU-CLT-01,Lulu Gold Coin,Jewellery,Lulu Gold,199,33,LOW,167,2026-10-18
LULU-ORD-8987,LULU-KOCHI-02,Milma Curd 500g,Dairy,Milma,203,8,MEDIUM,151,2026-09-23
LULU-ORD-8988,LULU-KOCHI-02,Atta 10kg,Grocery,Aashirvaad,260,43,LOW,75,2026-10-28
LULU-ORD-8989,LULU-KOCHI-02,Basmati Rice 5kg,Grocery,India Gate,94,28,LOW,200,2026-10-13
LULU-ORD-8990,LULU-TVM-01,Atta 10kg,Grocery,Aashirvaad,343,40,LOW,78,2026-10-25
LULU-ORD-8991,LULU-TVM-01,Paneer 200g,Dairy,Milma,283,3,HIGH,153,2026-09-18
LULU-ORD-8992,LULU-CLT-02,Mango 1kg,Fruits,Local Farm,333,38,LOW,16,2026-10-23
LULU-ORD-8993,LULU-CLT-01,Basmati Rice 5kg,Grocery,India Gate,200,41,LOW,128,2026-10-26
LULU-ORD-8994,LULU-KOCHI-01,Bread Loaf,Bakery,Modern,456,1,HIGH,49,2026-09-16
LULU-ORD-8995,LULU-KOCHI-01,Dates 500g,Dry Fruits,Lulu Import,65,8,MEDIUM,50,2026-09-23
LULU-ORD-8996,LULU-TVM-01,Basmati Rice 5kg,Grocery,India Gate,48,9,LOW,163,2026-09-24
LULU-ORD-8997,LULU-CLT-02,Mango 1kg,Fruits,Local Farm,421,25,LOW,66,2026-10-10
LULU-ORD-8998,LULU-KOCHI-01,Milma Curd 500g,Dairy,Milma,179,16,LOW,112,2026-10-01
LULU-ORD-8999,LULU-CLT-02,Bread Loaf,Bakery,Modern,281,1,HIGH,17,2026-09-16
LULU-ORD-9000,LULU-KOCHI-01,Lulu Gold Coin,Jewellery,Lulu Gold,130,23,LOW,25,2026-10-08
